#ifndef RR_INITIAL_DRAM_H
#define RR_INITIAL_DRAM_H

// Generated by tools/generate_initial_dram.py from the reviewed MAIN.EXE image
#define RR_INITIAL_DRAM_LOAD_ADDRESS 0x80010000u
#define RR_INITIAL_DRAM_WORD_COUNT 170496u
#define RR_INITIAL_DRAM_VALUE_COUNT 41993u

static const uint8 rr_initial_dram_bitmap[] = {
    0x00, 0x00, 0x00, 0x00, 0x00, 0x00, 0x00, 0x00, 0x00, 0x00, 0x00, 0x00, 0x00, 0x00, 0x00, 0x00,
    0x00, 0x00, 0x00, 0x00, 0x00, 0x00, 0x00, 0x00, 0x00, 0x00, 0x00, 0x00, 0x00, 0xFE, 0x00, 0x00,
    0x00, 0x00, 0x00, 0x00, 0x00, 0x00, 0x00, 0x00, 0x00, 0x00, 0x00, 0x00, 0x00, 0x00, 0x00, 0x00,
    0x00, 0x00, 0x00, 0x00, 0x00, 0x00, 0x00, 0x00, 0x00, 0x00, 0x00, 0x00, 0x00, 0x00, 0x00, 0x00,
    0x00, 0x00, 0x00, 0x00, 0x00, 0x00, 0x00, 0x00, 0x00, 0x00, 0x00, 0x00, 0x00, 0x00, 0x00, 0x00,
    0x00, 0x00, 0x00, 0x00, 0x00, 0x00, 0x00, 0x00, 0x00, 0x00, 0x00, 0x00, 0x00, 0x00, 0x00, 0x00,
    0x00, 0x00, 0x00, 0x00, 0x00, 0x00, 0x00, 0x00, 0x00, 0x00, 0x00, 0x00, 0x00, 0x00, 0x00, 0x00,
    0x00, 0x00, 0x00, 0x00, 0x00, 0x00, 0x00, 0x00, 0x00, 0x00, 0x00, 0x00, 0x00, 0x00, 0x00, 0x00,
    0x00, 0x00, 0x00, 0x00, 0x00, 0x00, 0x00, 0x00, 0x00, 0x00, 0x00, 0x00, 0x00, 0x00, 0x00, 0x00,
    0x00, 0x00, 0x00, 0x00, 0x00, 0x00, 0x00, 0x00, 0x00, 0x00, 0x00, 0x00, 0x00, 0x00, 0x00, 0x00,
    0x00, 0x00, 0x00, 0x00, 0x00, 0x00, 0x00, 0x00, 0x00, 0x00, 0x00, 0x00, 0x00, 0x00, 0x00, 0x00,
    0x00, 0x00, 0x00, 0x00, 0x00, 0x00, 0x00, 0x00, 0x00, 0x00, 0x00, 0x00, 0x00, 0x00, 0x00, 0x00,
    0x00, 0x00, 0x00, 0x00, 0x00, 0x00, 0x00, 0x00, 0x00, 0x00, 0x00, 0x00, 0x00, 0x00, 0x00, 0x00,
    0x00, 0x00, 0x00, 0x00, 0x00, 0x00, 0x00, 0x00, 0x00, 0x00, 0x00, 0x00, 0x00, 0x00, 0x00, 0x00,
    0x00, 0x00, 0x00, 0x00, 0x00, 0x00, 0x00, 0x00, 0x00, 0x00, 0x00, 0x00, 0x00, 0x00, 0x00, 0x00,
    0x00, 0x00, 0x00, 0x00, 0x00, 0x00, 0x00, 0x00, 0x00, 0x00, 0x00, 0x00, 0x00, 0x00, 0x00, 0x00,
    0x00, 0x00, 0x00, 0x00, 0x00, 0x00, 0x00, 0x00, 0x00, 0x00, 0x00, 0x00, 0x00, 0x00, 0x00, 0x00,
    0x00, 0x00, 0x00, 0x00, 0x00, 0x00, 0x00, 0x00, 0x00, 0x00, 0x00, 0x00, 0x00, 0x00, 0x00, 0xA0,
    0x03, 0x00, 0x00, 0x00, 0x00, 0x00, 0x00, 0x00, 0x00, 0x00, 0x00, 0x00, 0x00, 0x00, 0x00, 0x00,
    0x00, 0x00, 0x00, 0x00, 0x00, 0x00, 0x00, 0x00, 0x00, 0x00, 0x00, 0x00, 0x00, 0x00, 0x00, 0x00,
    0x00, 0x00, 0x00, 0x00, 0x00, 0x00, 0x00, 0x00, 0x00, 0x00, 0x00, 0x00, 0x00, 0x00, 0x00, 0x00,
    0x00, 0x00, 0x00, 0x00, 0x00, 0x00, 0x00, 0x00, 0x00, 0x00, 0x00, 0x00, 0x00, 0x00, 0x00, 0x00,
    0x00, 0x00, 0x00, 0x00, 0x00, 0x00, 0x00, 0x00, 0x00, 0x00, 0x00, 0x00, 0x00, 0x00, 0x00, 0x00,
    0x00, 0x00, 0x00, 0x00, 0x00, 0x00, 0x00, 0x00, 0x00, 0x00, 0x00, 0x00, 0xE0, 0xFF, 0x00, 0x00,
    0x00, 0x00, 0x00, 0x00, 0x00, 0x00, 0x00, 0x00, 0x00, 0x00, 0x00, 0x00, 0x00, 0x00, 0x00, 0x00,
    0x00, 0x00, 0x00, 0x00, 0x00, 0x00, 0x00, 0x00, 0x00, 0x00, 0x00, 0x00, 0x00, 0x00, 0x00, 0x00,
    0x00, 0x00, 0x00, 0x00, 0x00, 0x00, 0x00, 0x00, 0x00, 0x00, 0x00, 0x00, 0x00, 0x00, 0x00, 0x00,
    0x00, 0x00, 0x00, 0x00, 0x00, 0x00, 0x00, 0x00, 0x00, 0x00, 0x00, 0x00, 0x00, 0x00, 0x00, 0xF0,
    0xFF, 0xEF, 0xFF, 0xCC, 0xFF, 0xFF, 0xFF, 0xEF, 0x7D, 0x26, 0x00, 0x00, 0xFF, 0xFF, 0xFE, 0xCF,
    0xFC, 0xFF, 0xFF, 0xFF, 0xDE, 0x67, 0x02, 0x00, 0x00, 0x00, 0x00, 0x00, 0x00, 0x00, 0x00, 0x00,
    0x00, 0x00, 0x00, 0x00, 0x00, 0x00, 0x00, 0x00, 0x00, 0x00, 0x00, 0x00, 0x00, 0x00, 0x00, 0x00,
    0x00, 0x00, 0x00, 0x00, 0x00, 0x00, 0x00, 0x00, 0x00, 0x00, 0x00, 0x00, 0x00, 0x00, 0x00, 0x00,
    0x1F, 0x00, 0x00, 0x00, 0x00, 0x00, 0x00, 0x00, 0x00, 0x00, 0x00, 0x00, 0x00, 0x00, 0x00, 0x00,
    0x00, 0x00, 0x00, 0x00, 0x00, 0x00, 0x00, 0x00, 0x00, 0x00, 0x00, 0x00, 0x00, 0x00, 0x00, 0x00,
    0x00, 0x00, 0x00, 0x00, 0x00, 0x00, 0x00, 0x00, 0x00, 0x00, 0x00, 0x00, 0x00, 0x00, 0x00, 0x00,
    0x00, 0x00, 0x00, 0x00, 0x00, 0x00, 0x00, 0x00, 0x00, 0x00, 0x00, 0x00, 0x00, 0x00, 0x00, 0x00,
    0x00, 0x00, 0x00, 0x00, 0x00, 0x00, 0x00, 0x00, 0x00, 0x00, 0x00, 0x00, 0x00, 0x00, 0x00, 0x00,
    0x00, 0x00, 0x00, 0x00, 0x00, 0x00, 0x00, 0x00, 0x00, 0x00, 0x00, 0x00, 0x00, 0x00, 0x00, 0x00,
    0x00, 0x00, 0x00, 0x00, 0x00, 0x00, 0x00, 0x00, 0x00, 0x00, 0x00, 0x00, 0x00, 0x00, 0x00, 0x00,
    0x00, 0x00, 0x00, 0x00, 0x00, 0x00, 0x00, 0x00, 0x00, 0x00, 0x00, 0x00, 0x00, 0x00, 0x00, 0x00,
    0x00, 0x00, 0x00, 0x00, 0x00, 0x00, 0x00, 0x00, 0x00, 0x00, 0x00, 0x00, 0x00, 0x00, 0x00, 0x00,
    0x00, 0x00, 0x00, 0x00, 0x00, 0x00, 0x00, 0x00, 0x00, 0x00, 0x00, 0x00, 0x00, 0x00, 0x00, 0x00,
    0x00, 0x00, 0x00, 0x00, 0x00, 0x00, 0x00, 0x00, 0x00, 0x00, 0x00, 0x00, 0x00, 0x00, 0x00, 0x00,
    0x00, 0x00, 0x00, 0x00, 0x00, 0x00, 0x00, 0x00, 0x00, 0x00, 0x00, 0x00, 0x00, 0x00, 0x00, 0x00,
    0x00, 0x00, 0x00, 0x00, 0x00, 0x00, 0x00, 0x00, 0x00, 0x00, 0x00, 0x00, 0x00, 0x00, 0x00, 0x00,
    0x00, 0x00, 0x00, 0x00, 0x00, 0x00, 0x00, 0x00, 0x00, 0x00, 0x00, 0x00, 0x00, 0x00, 0x00, 0x00,
    0x00, 0x00, 0x00, 0x00, 0x00, 0x00, 0x00, 0x00, 0x00, 0x00, 0x00, 0x00, 0x00, 0x00, 0x00, 0x00,
    0x00, 0x00, 0x00, 0x00, 0x00, 0x00, 0x00, 0x00, 0x00, 0x00, 0x00, 0x00, 0x00, 0x00, 0x00, 0x00,
    0x00, 0x00, 0x00, 0x00, 0x00, 0x00, 0x00, 0x00, 0x00, 0x00, 0x00, 0x00, 0x00, 0x00, 0x00, 0x00,
    0x00, 0x00, 0x00, 0x00, 0x00, 0x00, 0x00, 0x00, 0x00, 0x00, 0x00, 0x00, 0x00, 0x00, 0x00, 0x00,
    0x00, 0x00, 0x00, 0x00, 0x00, 0x00, 0x00, 0x00, 0x00, 0x00, 0x00, 0x00, 0x00, 0x00, 0x00, 0x00,
    0x00, 0x00, 0x00, 0x00, 0x00, 0x00, 0x00, 0x00, 0x00, 0x00, 0x00, 0x00, 0x00, 0x00, 0x00, 0x00,
    0x00, 0x00, 0x00, 0x00, 0x00, 0x00, 0x00, 0x00, 0x00, 0x00, 0x00, 0x00, 0x00, 0x00, 0x00, 0x00,
    0x00, 0x00, 0x00, 0x00, 0x00, 0x40, 0x00, 0x00, 0x00, 0x00, 0x00, 0x00, 0x00, 0x00, 0x00, 0x00,
    0x00, 0x00, 0x00, 0x00, 0x00, 0x00, 0x00, 0xC0, 0xFF, 0xFF, 0xFF, 0xFF, 0xFF, 0xFF, 0xFF, 0xFF,
    0xFF, 0xFF, 0xFF, 0x3F, 0x00, 0x00, 0x00, 0x00, 0x00, 0x00, 0x00, 0x00, 0x00, 0x00, 0x00, 0x00,
    0x00, 0x00, 0x00, 0x00, 0x00, 0x00, 0x00, 0x00, 0x00, 0x00, 0x00, 0x00, 0x00, 0x00, 0x00, 0x00,
    0x00, 0x00, 0x00, 0x00, 0x00, 0x00, 0x00, 0x00, 0x00, 0x00, 0x00, 0x00, 0x00, 0x00, 0x00, 0x00,
    0x00, 0x00, 0x00, 0x00, 0x00, 0x00, 0x00, 0x00, 0x00, 0x00, 0x00, 0x00, 0x00, 0x00, 0x00, 0x00,
    0x00, 0x00, 0x00, 0x00, 0x00, 0x00, 0x00, 0x00, 0x00, 0x00, 0x00, 0x00, 0x00, 0x00, 0x00, 0x00,
    0x00, 0x00, 0x00, 0x00, 0x00, 0x00, 0x00, 0x00, 0x00, 0x00, 0x00, 0x00, 0x00, 0x00, 0x00, 0x00,
    0x00, 0x00, 0x00, 0x00, 0x00, 0x00, 0x00, 0x00, 0x00, 0x00, 0x00, 0x00, 0x00, 0x00, 0x00, 0x00,
    0x00, 0x00, 0x00, 0x00, 0x00, 0x00, 0x00, 0x00, 0x00, 0x00, 0x00, 0x00, 0x00, 0x00, 0x00, 0x00,
    0x00, 0x00, 0x00, 0x00, 0x00, 0x00, 0x00, 0x00, 0x00, 0x00, 0x00, 0x00, 0x00, 0x00, 0x00, 0x00,
    0x00, 0x00, 0x00, 0x00, 0x00, 0x00, 0x00, 0x00, 0x00, 0x00, 0x00, 0x00, 0x00, 0x00, 0x00, 0x00,
    0x00, 0x00, 0x00, 0x00, 0x00, 0x00, 0x00, 0x00, 0x00, 0x00, 0x00, 0x00, 0x00, 0x00, 0x00, 0x00,
    0x00, 0x00, 0x00, 0x00, 0x00, 0x00, 0x00, 0x00, 0x00, 0x00, 0x00, 0x00, 0x00, 0x00, 0x00, 0x00,
    0x00, 0x00, 0x00, 0x00, 0x00, 0x00, 0x00, 0x00, 0x00, 0x00, 0x00, 0x00, 0x00, 0x00, 0x00, 0x00,
    0x00, 0x00, 0x00, 0x00, 0x00, 0x00, 0x00, 0x00, 0x00, 0x00, 0x00, 0x00, 0x00, 0x00, 0x00, 0x00,
    0x00, 0x00, 0x00, 0x00, 0x00, 0x00, 0x00, 0x00, 0x00, 0x00, 0x00, 0x00, 0x00, 0x00, 0x00, 0x00,
    0x00, 0x00, 0x00, 0x00, 0x00, 0x00, 0x00, 0x00, 0x00, 0x00, 0x00, 0x00, 0x00, 0x00, 0x00, 0x00,
    0x00, 0x00, 0x00, 0x00, 0x00, 0x00, 0x00, 0x00, 0x00, 0x00, 0x00, 0x00, 0x00, 0x00, 0x00, 0x00,
    0x00, 0x00, 0x00, 0x00, 0x00, 0x00, 0x00, 0x00, 0x00, 0x00, 0x00, 0x00, 0x00, 0x00, 0x00, 0x00,
    0x00, 0x00, 0x00, 0x00, 0x00, 0x00, 0x00, 0x00, 0x00, 0x00, 0x00, 0x00, 0x00, 0x00, 0x00, 0x00,
    0x00, 0x00, 0x00, 0x00, 0x00, 0x00, 0x00, 0x00, 0x00, 0x00, 0x00, 0x00, 0x00, 0x00, 0x00, 0x00,
    0x00, 0x00, 0x00, 0x00, 0x00, 0x00, 0x00, 0x00, 0x00, 0x00, 0x00, 0x00, 0x00, 0x00, 0x00, 0x00,
    0x00, 0x00, 0x00, 0x00, 0x00, 0x00, 0x00, 0x00, 0x00, 0x00, 0x00, 0x00, 0x00, 0x00, 0x00, 0x00,
    0x00, 0x00, 0x00, 0x00, 0x00, 0x00, 0x00, 0x00, 0x00, 0x00, 0x00, 0x00, 0x00, 0x00, 0x00, 0x00,
    0x00, 0x00, 0x00, 0x00, 0x00, 0x00, 0x00, 0x00, 0x00, 0x00, 0x00, 0x00, 0x00, 0x00, 0x00, 0x00,
    0x00, 0x00, 0x00, 0x00, 0x00, 0x00, 0x00, 0x00, 0x00, 0x00, 0x00, 0x00, 0x00, 0x00, 0x00, 0x00,
    0x00, 0x00, 0x00, 0x00, 0x00, 0x00, 0x00, 0x00, 0x00, 0x00, 0x00, 0x00, 0x00, 0x00, 0x00, 0x00,
    0x00, 0x00, 0x00, 0x00, 0x00, 0x00, 0x00, 0x00, 0x00, 0x00, 0x00, 0x00, 0x00, 0x00, 0x00, 0x00,
    0x00, 0x00, 0x00, 0x00, 0x00, 0x00, 0x00, 0x00, 0x00, 0x00, 0x00, 0x00, 0x00, 0x00, 0x00, 0x00,
    0x00, 0x00, 0x00, 0x00, 0x00, 0x00, 0x00, 0x00, 0x00, 0x00, 0x00, 0x00, 0x00, 0x00, 0x00, 0x00,
    0x00, 0x00, 0x00, 0x00, 0x00, 0x00, 0x00, 0x00, 0x00, 0x00, 0x00, 0x00, 0x00, 0x00, 0x00, 0x00,
    0x00, 0x00, 0x00, 0x00, 0x00, 0x00, 0x00, 0x00, 0x00, 0x00, 0x00, 0x00, 0x00, 0x00, 0x00, 0x00,
    0x00, 0x00, 0x00, 0x00, 0x00, 0x00, 0x00, 0x00, 0x00, 0x00, 0x00, 0x00, 0x00, 0x00, 0x00, 0x00,
    0x00, 0x00, 0x00, 0x00, 0x00, 0x00, 0x00, 0x00, 0x00, 0x00, 0x00, 0x00, 0x00, 0x00, 0x00, 0x00,
    0x00, 0x00, 0x00, 0x00, 0x00, 0x00, 0x00, 0x00, 0x00, 0x00, 0x00, 0x00, 0x00, 0x00, 0x00, 0x00,
    0x00, 0x00, 0x00, 0x00, 0x00, 0x00, 0x00, 0x00, 0x00, 0x00, 0x00, 0x00, 0x00, 0x00, 0x00, 0x00,
    0x00, 0x00, 0x00, 0x00, 0x00, 0x00, 0x00, 0x00, 0x00, 0x00, 0x00, 0x00, 0x00, 0x00, 0x00, 0x00,
    0x00, 0x00, 0x00, 0x00, 0x00, 0x00, 0x00, 0x00, 0x00, 0x00, 0x00, 0x00, 0x00, 0x00, 0x00, 0x00,
    0x00, 0x00, 0x00, 0x00, 0x00, 0x00, 0x00, 0x00, 0x00, 0x00, 0x00, 0x00, 0x00, 0x00, 0x00, 0x00,
    0x00, 0x00, 0x00, 0x00, 0x00, 0x00, 0x00, 0x00, 0x00, 0x00, 0x00, 0x00, 0x00, 0x00, 0x00, 0x00,
    0x00, 0x00, 0x00, 0x00, 0x00, 0x00, 0x00, 0x00, 0x00, 0x00, 0x00, 0x00, 0x00, 0x00, 0x00, 0x00,
    0x00, 0x00, 0x00, 0x00, 0x00, 0x00, 0x00, 0x00, 0x00, 0x00, 0x00, 0x00, 0x00, 0x00, 0x80, 0xFF,
    0xFF, 0xFF, 0xFF, 0xFF, 0xFF, 0xFF, 0xFF, 0xFF, 0xFF, 0xFF, 0xFF, 0xFF, 0xFF, 0xFF, 0xFF, 0xFF,
    0xFF, 0xFF, 0xFF, 0xFF, 0xFF, 0x01, 0x00, 0x00, 0x00, 0x00, 0x00, 0x00, 0x00, 0x00, 0x00, 0x00,
    0x00, 0x00, 0x00, 0x00, 0x00, 0x00, 0x00, 0x00, 0x00, 0x00, 0x00, 0x00, 0x00, 0x00, 0x00, 0x00,
    0x00, 0x00, 0x00, 0x00, 0x00, 0x00, 0x00, 0x00, 0x00, 0x00, 0x00, 0x00, 0x00, 0x00, 0x00, 0x00,
    0x00, 0x00, 0x00, 0x00, 0x00, 0x00, 0x00, 0x00, 0x00, 0x00, 0x00, 0x00, 0x00, 0x00, 0x00, 0x00,
    0x00, 0x00, 0x00, 0x00, 0x00, 0x00, 0x00, 0x00, 0x00, 0x00, 0x00, 0x00, 0x00, 0x00, 0x00, 0x00,
    0x00, 0x00, 0x00, 0x00, 0x00, 0x00, 0x00, 0x00, 0x00, 0x00, 0x00, 0x00, 0x00, 0x00, 0x00, 0x00,
    0x00, 0x00, 0x00, 0x00, 0x00, 0x00, 0x00, 0x00, 0x00, 0x00, 0x00, 0x00, 0x00, 0x00, 0x00, 0x00,
    0x00, 0x00, 0x00, 0x00, 0x00, 0x00, 0x00, 0x00, 0x00, 0x00, 0x00, 0x00, 0x00, 0x00, 0x00, 0x00,
    0x00, 0x00, 0x00, 0x00, 0x00, 0x00, 0x00, 0x00, 0x00, 0x00, 0x00, 0x00, 0x00, 0x00, 0x00, 0x00,
    0x00, 0x00, 0x00, 0x00, 0x00, 0x00, 0x00, 0x00, 0x00, 0x00, 0x00, 0x00, 0x00, 0x00, 0x00, 0x00,
    0x00, 0x00, 0x00, 0x00, 0x00, 0x00, 0x00, 0x00, 0x00, 0x00, 0x00, 0x00, 0x00, 0x00, 0x00, 0x00,
    0x00, 0x00, 0x00, 0x00, 0x00, 0x00, 0x00, 0x00, 0x00, 0x00, 0x00, 0x00, 0x00, 0x00, 0x00, 0x00,
    0x00, 0x00, 0x00, 0x00, 0x00, 0x00, 0x00, 0x00, 0x00, 0x00, 0x00, 0x00, 0x00, 0x00, 0x00, 0x00,
    0x00, 0x00, 0x00, 0x00, 0x00, 0x00, 0x00, 0x00, 0x00, 0x00, 0x00, 0x00, 0x00, 0x00, 0x00, 0x00,
    0x00, 0x00, 0x00, 0x00, 0x00, 0x00, 0x00, 0x00, 0x00, 0x00, 0x00, 0x00, 0x00, 0x00, 0x00, 0x00,
    0x00, 0x00, 0x00, 0x00, 0x00, 0x00, 0x00, 0x00, 0x00, 0x00, 0x00, 0x00, 0x00, 0x00, 0x00, 0x00,
    0x00, 0x00, 0x00, 0x00, 0x00, 0x00, 0x00, 0x00, 0x00, 0x00, 0x00, 0x00, 0x00, 0x00, 0x00, 0x00,
    0x00, 0x00, 0x00, 0x00, 0x00, 0x00, 0x00, 0x00, 0x00, 0x00, 0x00, 0x00, 0x00, 0x00, 0x00, 0x00,
    0x00, 0x00, 0x00, 0x00, 0x00, 0x00, 0x00, 0x00, 0x00, 0x00, 0x00, 0x00, 0x00, 0x00, 0x00, 0x00,
    0x00, 0x00, 0x00, 0x00, 0x00, 0x00, 0x00, 0x00, 0x00, 0x00, 0x00, 0x00, 0x00, 0x00, 0x00, 0x00,
    0x00, 0x00, 0x00, 0x00, 0x00, 0x00, 0x00, 0x00, 0x00, 0x00, 0x00, 0x00, 0x00, 0x00, 0x00, 0x00,
    0x00, 0x00, 0x00, 0x00, 0x00, 0x00, 0x00, 0x00, 0x00, 0x00, 0x00, 0x00, 0x00, 0x00, 0x00, 0x00,
    0x00, 0x00, 0x00, 0x00, 0x00, 0x00, 0x00, 0x00, 0x00, 0x00, 0x00, 0x00, 0x00, 0x00, 0x00, 0x00,
    0x00, 0x00, 0x00, 0x00, 0x00, 0x00, 0x00, 0x00, 0x00, 0x00, 0x00, 0x00, 0x00, 0x00, 0x00, 0x00,
    0x00, 0x00, 0x00, 0x00, 0x00, 0x00, 0x00, 0x00, 0x00, 0x00, 0x00, 0x00, 0x00, 0x00, 0x00, 0x00,
    0x00, 0x00, 0x00, 0x00, 0x00, 0x00, 0x00, 0x00, 0x00, 0x00, 0x00, 0x00, 0x00, 0x00, 0x00, 0x00,
    0x00, 0x00, 0x00, 0x00, 0x00, 0x00, 0x00, 0x00, 0x00, 0x00, 0x00, 0x00, 0x00, 0x00, 0x00, 0x00,
    0x00, 0x00, 0x00, 0x00, 0x00, 0x00, 0x00, 0x00, 0x00, 0x00, 0x00, 0x00, 0x00, 0x00, 0x00, 0x00,
    0x00, 0x00, 0x00, 0x00, 0x00, 0x00, 0x00, 0x00, 0x00, 0x00, 0x00, 0x00, 0x00, 0x00, 0x00, 0x00,
    0x00, 0x00, 0x00, 0x00, 0x00, 0x00, 0x00, 0x00, 0x00, 0x00, 0x00, 0x00, 0x00, 0x00, 0x00, 0x00,
    0x00, 0x00, 0x00, 0x00, 0x00, 0x00, 0x00, 0x00, 0x00, 0x00, 0x00, 0x00, 0x00, 0x00, 0x00, 0x00,
    0x00, 0x00, 0x00, 0x00, 0x00, 0x00, 0x00, 0x00, 0x00, 0x00, 0x00, 0x00, 0x00, 0x00, 0x00, 0x00,
    0x00, 0x00, 0x00, 0x00, 0x00, 0x00, 0x00, 0x00, 0x00, 0x00, 0x00, 0x00, 0x00, 0x00, 0x00, 0x00,
    0x00, 0x00, 0x00, 0x00, 0x00, 0x00, 0x00, 0x00, 0x00, 0x00, 0x00, 0x00, 0x00, 0x00, 0x00, 0x00,
    0x00, 0x00, 0x00, 0x00, 0x00, 0x00, 0x00, 0x00, 0x00, 0x00, 0x00, 0x00, 0x00, 0x00, 0x00, 0x00,
    0x00, 0x00, 0x00, 0x00, 0x00, 0x00, 0x00, 0x00, 0x00, 0x00, 0x00, 0x00, 0x00, 0x00, 0x00, 0x00,
    0x00, 0x00, 0x00, 0x00, 0x00, 0x00, 0x00, 0x00, 0x00, 0x00, 0x00, 0x00, 0x00, 0x00, 0x00, 0x00,
    0x00, 0x00, 0x00, 0x00, 0x00, 0x00, 0x00, 0x00, 0x00, 0x00, 0x00, 0x00, 0x00, 0x00, 0x00, 0x00,
    0x00, 0x00, 0x00, 0x00, 0x00, 0x00, 0x00, 0x00, 0x00, 0x00, 0x00, 0x00, 0x00, 0x00, 0x00, 0x00,
    0x00, 0x00, 0x00, 0x00, 0x00, 0x00, 0x00, 0x00, 0x00, 0x00, 0x00, 0x00, 0x00, 0x00, 0x00, 0x00,
    0x00, 0x00, 0x00, 0x00, 0x00, 0x00, 0x00, 0x00, 0x00, 0x00, 0x00, 0x00, 0x00, 0x00, 0x00, 0x00,
    0x00, 0x00, 0x00, 0x00, 0x00, 0x00, 0x00, 0x00, 0x00, 0x00, 0x00, 0x00, 0x00, 0x00, 0x00, 0x00,
    0x00, 0x00, 0x00, 0x00, 0x00, 0x00, 0x00, 0x00, 0x00, 0x00, 0x00, 0x00, 0x00, 0x00, 0x00, 0x00,
    0x00, 0x00, 0x00, 0x00, 0x00, 0x00, 0x00, 0x00, 0x00, 0x00, 0x00, 0x00, 0x00, 0x00, 0x00, 0x00,
    0x00, 0x00, 0x00, 0x00, 0x00, 0x00, 0x00, 0x00, 0x00, 0x00, 0x00, 0x00, 0x00, 0x00, 0x00, 0x00,
    0x00, 0x00, 0x00, 0x00, 0x00, 0x00, 0x00, 0x00, 0x00, 0x00, 0x00, 0x00, 0x00, 0x00, 0x00, 0x00,
    0x00, 0x00, 0x00, 0x00, 0x00, 0x00, 0x00, 0x00, 0x00, 0x00, 0x00, 0x00, 0x00, 0x00, 0x00, 0x00,
    0x00, 0x00, 0x00, 0x00, 0x00, 0x00, 0x00, 0x00, 0x00, 0x00, 0x00, 0x00, 0x00, 0x00, 0x00, 0x00,
    0x00, 0x00, 0x00, 0x00, 0x00, 0x00, 0x00, 0x00, 0x00, 0x00, 0x00, 0x00, 0x00, 0x00, 0x00, 0x00,
    0x00, 0x00, 0x00, 0x00, 0x00, 0x00, 0x00, 0x00, 0x00, 0x00, 0x00, 0x00, 0x00, 0x00, 0x00, 0x00,
    0x00, 0x00, 0x00, 0x00, 0x00, 0x00, 0x00, 0x00, 0x00, 0x00, 0x00, 0x00, 0x00, 0x00, 0x00, 0x00,
    0x00, 0x00, 0x00, 0x00, 0x00, 0x00, 0x00, 0x00, 0x00, 0x00, 0x02, 0x00, 0x00, 0x00, 0x00, 0x00,
    0x00, 0x00, 0x00, 0x00, 0x00, 0x00, 0x00, 0x00, 0x00, 0x00, 0x00, 0x00, 0x00, 0x00, 0x00, 0x00,
    0x00, 0x00, 0x00, 0x00, 0x00, 0x00, 0x00, 0x00, 0x00, 0x00, 0x00, 0x00, 0x00, 0x00, 0x00, 0x00,
    0x00, 0x00, 0x00, 0x00, 0x00, 0x00, 0x00, 0x00, 0x00, 0x00, 0x00, 0x00, 0x00, 0x00, 0x00, 0x00,
    0x00, 0x00, 0x00, 0x00, 0x00, 0x00, 0x00, 0x00, 0x00, 0x00, 0x00, 0x00, 0x00, 0x00, 0x00, 0x00,
    0x00, 0x00, 0x00, 0x00, 0x00, 0x00, 0x00, 0x00, 0x00, 0x00, 0x00, 0x00, 0x00, 0x00, 0x00, 0x00,
    0x00, 0x00, 0x00, 0x00, 0x00, 0x00, 0x00, 0x00, 0x00, 0x00, 0x00, 0x00, 0x00, 0x00, 0x00, 0x00,
    0x00, 0x00, 0x00, 0x00, 0x00, 0x00, 0x00, 0x00, 0x00, 0x00, 0x00, 0x00, 0x00, 0x00, 0x00, 0x00,
    0x00, 0x00, 0x00, 0x00, 0x00, 0x00, 0x00, 0x00, 0x00, 0x00, 0x00, 0x00, 0x00, 0x00, 0x00, 0x00,
    0x00, 0x00, 0x00, 0x00, 0x00, 0x00, 0x00, 0x00, 0x00, 0x00, 0x00, 0x00, 0x00, 0x00, 0x00, 0x00,
    0x00, 0x00, 0x00, 0x00, 0x00, 0x00, 0x00, 0x00, 0x00, 0x00, 0x00, 0x00, 0x00, 0x00, 0x00, 0x00,
    0x00, 0x00, 0x00, 0x00, 0x00, 0x00, 0x00, 0x00, 0x00, 0x00, 0x00, 0x00, 0x00, 0x00, 0x00, 0x00,
    0x00, 0x00, 0x00, 0x00, 0x00, 0x00, 0x00, 0x00, 0x00, 0x00, 0x00, 0x00, 0x00, 0x00, 0x00, 0x00,
    0x00, 0x00, 0x00, 0x00, 0x00, 0x00, 0x00, 0x00, 0x00, 0x00, 0x00, 0x00, 0x00, 0x00, 0x00, 0x00,
    0x00, 0x00, 0x00, 0x00, 0x00, 0x00, 0x00, 0x00, 0x00, 0x00, 0x00, 0x00, 0x00, 0x00, 0x00, 0x00,
    0x00, 0x00, 0x00, 0x00, 0x00, 0x00, 0x00, 0x00, 0x00, 0x00, 0x00, 0x00, 0x00, 0x00, 0x00, 0x00,
    0x00, 0x00, 0x00, 0x00, 0x00, 0x00, 0x00, 0x00, 0x00, 0x00, 0x00, 0x00, 0x00, 0x00, 0x00, 0x00,
    0x00, 0x00, 0x00, 0x00, 0x00, 0x00, 0x00, 0x00, 0x00, 0x00, 0x00, 0x00, 0x00, 0x00, 0x00, 0x00,
    0x00, 0x00, 0x00, 0x00, 0x00, 0x00, 0x00, 0x00, 0x00, 0x00, 0x00, 0x00, 0x00, 0x00, 0x00, 0x00,
    0x00, 0x00, 0x00, 0x00, 0x00, 0x00, 0x00, 0x00, 0x00, 0x00, 0x00, 0x00, 0x00, 0x00, 0x00, 0x00,
    0x00, 0x00, 0x00, 0x00, 0x00, 0x00, 0x00, 0x00, 0x00, 0x00, 0x00, 0x00, 0x00, 0x00, 0x00, 0x00,
    0x00, 0x00, 0x00, 0x00, 0x00, 0x00, 0x00, 0x00, 0x00, 0x00, 0x00, 0x00, 0x00, 0x00, 0x00, 0x00,
    0x00, 0x00, 0x00, 0x00, 0x00, 0x00, 0x00, 0x00, 0x00, 0x00, 0x00, 0x00, 0x00, 0x00, 0x00, 0x00,
    0x00, 0x00, 0x00, 0x00, 0x00, 0x00, 0x00, 0x00, 0x00, 0x00, 0x00, 0x00, 0x00, 0x00, 0x00, 0x00,
    0x00, 0x00, 0x00, 0x00, 0x00, 0x00, 0x00, 0x00, 0x00, 0x00, 0x00, 0x00, 0x00, 0x00, 0x00, 0x00,
    0x00, 0x00, 0x00, 0x00, 0x00, 0x00, 0x00, 0x00, 0x00, 0x00, 0x00, 0x00, 0x00, 0x00, 0x00, 0x00,
    0x00, 0x00, 0x00, 0x00, 0x00, 0x00, 0x00, 0x00, 0x00, 0x00, 0x00, 0x00, 0x00, 0x00, 0x00, 0x00,
    0x00, 0x00, 0x00, 0x00, 0x80, 0xFF, 0x00, 0x00, 0x00, 0x00, 0x00, 0x00, 0x00, 0x00, 0x00, 0x00,
    0x00, 0x00, 0x00, 0x00, 0x00, 0x00, 0x00, 0x00, 0x00, 0x00, 0x00, 0x00, 0x00, 0x00, 0x00, 0x00,
    0x00, 0x00, 0x00, 0x00, 0x00, 0x00, 0x00, 0x00, 0x00, 0x00, 0x00, 0x00, 0x00, 0x00, 0x00, 0x00,
    0x00, 0x00, 0x00, 0x00, 0x00, 0x00, 0x00, 0x00, 0x00, 0x00, 0x00, 0x00, 0x00, 0x00, 0x00, 0x00,
    0x00, 0x00, 0x00, 0x00, 0x00, 0x00, 0x00, 0x00, 0x00, 0x00, 0x00, 0x00, 0x00, 0x00, 0x00, 0x00,
    0x00, 0x00, 0x00, 0x00, 0x00, 0x00, 0x00, 0x00, 0x00, 0x00, 0x00, 0x00, 0x00, 0x00, 0x00, 0x00,
    0x00, 0x00, 0x00, 0x00, 0x00, 0x00, 0x00, 0x00, 0x00, 0x00, 0x00, 0x00, 0x00, 0x00, 0x00, 0x00,
    0x00, 0x00, 0x00, 0x00, 0x00, 0x00, 0x00, 0x00, 0x00, 0x00, 0x00, 0x00, 0x00, 0x00, 0x00, 0x00,
    0x00, 0x00, 0x00, 0x00, 0x00, 0x00, 0x00, 0x00, 0x00, 0x00, 0x00, 0x00, 0x00, 0x00, 0x00, 0x00,
    0x00, 0x00, 0x00, 0x00, 0x00, 0x00, 0x00, 0x00, 0x00, 0x00, 0x00, 0x00, 0x00, 0x00, 0x00, 0x00,
    0x00, 0x00, 0x00, 0x00, 0x00, 0x00, 0x00, 0x00, 0x00, 0x00, 0x00, 0x00, 0x00, 0x00, 0x00, 0x00,
    0x00, 0x00, 0x00, 0x00, 0x00, 0x00, 0x00, 0x00, 0x00, 0x00, 0x00, 0x00, 0x00, 0x00, 0x00, 0x00,
    0x00, 0x00, 0x00, 0x00, 0x00, 0x00, 0x00, 0x00, 0x00, 0x00, 0x00, 0x00, 0x00, 0x00, 0x00, 0x00,
    0x00, 0x00, 0x00, 0x00, 0x00, 0x00, 0x00, 0x00, 0x00, 0x00, 0x00, 0x00, 0x00, 0x00, 0x00, 0x00,
    0x00, 0x00, 0x00, 0x00, 0x00, 0x00, 0x00, 0x00, 0x00, 0x00, 0x00, 0x00, 0x00, 0x00, 0x00, 0x00,
    0x00, 0x00, 0x00, 0x00, 0x00, 0x00, 0x00, 0x00, 0x00, 0x00, 0x00, 0x00, 0x00, 0x00, 0x00, 0x00,
    0x00, 0x00, 0x00, 0x00, 0x00, 0x00, 0x00, 0x00, 0x00, 0x00, 0x00, 0x00, 0x00, 0x00, 0x00, 0x00,
    0x00, 0x00, 0x00, 0x00, 0x00, 0x00, 0x00, 0x00, 0x00, 0x00, 0x00, 0x00, 0x00, 0x00, 0x00, 0x00,
    0x00, 0x00, 0x00, 0x00, 0x00, 0x00, 0x00, 0x00, 0x00, 0x00, 0x00, 0x00, 0x00, 0x00, 0x00, 0x00,
    0x00, 0x00, 0x00, 0x00, 0x00, 0x00, 0x00, 0x00, 0x00, 0x00, 0x00, 0x00, 0x00, 0x00, 0x00, 0x00,
    0x00, 0x00, 0x00, 0x00, 0x00, 0x00, 0x00, 0x00, 0x00, 0x00, 0x00, 0x00, 0x00, 0x00, 0x00, 0x00,
    0x00, 0x00, 0x00, 0x00, 0x00, 0x00, 0x00, 0x00, 0x00, 0x00, 0x00, 0x00, 0x00, 0x00, 0x00, 0x00,
    0x00, 0x00, 0x00, 0x00, 0x00, 0x00, 0x00, 0x00, 0x00, 0x00, 0x00, 0x00, 0x00, 0x00, 0x00, 0x00,
    0x00, 0x00, 0x00, 0x00, 0x00, 0x00, 0x00, 0x00, 0x00, 0x00, 0x00, 0x00, 0x00, 0x00, 0x00, 0x00,
    0x00, 0x00, 0x00, 0x00, 0x00, 0x00, 0x00, 0x00, 0x00, 0x00, 0x00, 0x00, 0x00, 0x00, 0x00, 0x00,
    0x00, 0x00, 0x00, 0x00, 0x00, 0x00, 0x00, 0x00, 0x00, 0x00, 0x00, 0x00, 0x00, 0x00, 0x00, 0x00,
    0x00, 0x00, 0x00, 0x00, 0x00, 0x00, 0x00, 0x00, 0x00, 0x00, 0x00, 0x00, 0x00, 0x00, 0x00, 0x00,
    0x00, 0x00, 0x00, 0x00, 0x00, 0x00, 0x00, 0x00, 0x00, 0x00, 0x00, 0x00, 0x00, 0x00, 0x00, 0x00,
    0x00, 0x00, 0x00, 0x00, 0x00, 0x00, 0x00, 0x00, 0x00, 0x00, 0x00, 0x00, 0x00, 0x00, 0x00, 0x00,
    0x00, 0x00, 0x00, 0x00, 0x00, 0x00, 0x00, 0x00, 0x00, 0x00, 0x00, 0x00, 0x00, 0x00, 0x00, 0x00,
    0x00, 0x00, 0x00, 0x00, 0x00, 0x00, 0x00, 0x00, 0x00, 0x00, 0x00, 0x00, 0x00, 0x00, 0x00, 0x00,
    0x00, 0x00, 0x00, 0x00, 0x00, 0x00, 0x00, 0x00, 0x00, 0x00, 0x00, 0x00, 0x00, 0x00, 0x00, 0x00,
    0x00, 0x00, 0x00, 0x00, 0x00, 0x00, 0x00, 0x00, 0x00, 0x00, 0x00, 0x00, 0x00, 0x00, 0x00, 0x00,
    0x00, 0x00, 0x00, 0x00, 0x00, 0x00, 0x00, 0x00, 0x00, 0x00, 0x00, 0x00, 0x00, 0x00, 0x00, 0x00,
    0x00, 0x00, 0x00, 0x00, 0x00, 0x00, 0x00, 0x00, 0x00, 0x00, 0x00, 0x00, 0x00, 0x00, 0x00, 0x00,
    0x00, 0x00, 0x00, 0x00, 0x00, 0x00, 0x00, 0x00, 0x00, 0x00, 0x00, 0x00, 0x00, 0x00, 0x00, 0x00,
    0x00, 0x00, 0x00, 0x00, 0x00, 0x00, 0x00, 0x00, 0x00, 0x00, 0x00, 0x00, 0x00, 0x00, 0x00, 0x00,
    0x00, 0x00, 0x00, 0x00, 0x00, 0x00, 0x00, 0x00, 0x00, 0x00, 0x00, 0x00, 0x00, 0x00, 0x00, 0x00,
    0x00, 0x00, 0x00, 0x00, 0x00, 0x00, 0x00, 0x00, 0x00, 0x00, 0x00, 0x00, 0x00, 0x00, 0x00, 0x00,
    0x00, 0x00, 0x00, 0x00, 0x00, 0x00, 0x00, 0x00, 0x00, 0x00, 0x00, 0x00, 0x00, 0x00, 0x00, 0x00,
    0x00, 0x00, 0x00, 0x00, 0x00, 0x00, 0x00, 0x00, 0x00, 0x00, 0x00, 0x00, 0x00, 0x00, 0x00, 0x00,
    0x00, 0x00, 0x00, 0x00, 0x00, 0x00, 0x00, 0x00, 0x00, 0x00, 0x00, 0x00, 0x00, 0x00, 0x00, 0x00,
    0x00, 0x00, 0x00, 0x00, 0x00, 0x00, 0x00, 0x00, 0x00, 0x00, 0x00, 0x00, 0x00, 0x00, 0x00, 0x00,
    0x00, 0x00, 0xFF, 0xFF, 0xFF, 0xFF, 0xFF, 0xFF, 0xFF, 0xFF, 0xFF, 0xFF, 0xFF, 0xFF, 0xFF, 0xFF,
    0xFF, 0xFF, 0xFF, 0x00, 0x00, 0x00, 0x00, 0x00, 0x00, 0x00, 0x00, 0x00, 0x00, 0x00, 0x00, 0x00,
    0x00, 0x00, 0x00, 0x00, 0x00, 0x00, 0x00, 0x00, 0x00, 0x00, 0x00, 0x00, 0x00, 0x00, 0x00, 0x00,
    0x00, 0x00, 0x00, 0x00, 0x00, 0x00, 0x00, 0x00, 0x00, 0x00, 0x00, 0x00, 0x00, 0x00, 0x00, 0x00,
    0x00, 0x00, 0x00, 0x00, 0x00, 0x00, 0x00, 0x00, 0x00, 0x00, 0x00, 0x00, 0x00, 0x00, 0x00, 0x00,
    0x00, 0x00, 0x00, 0x00, 0x00, 0x00, 0x00, 0x00, 0x00, 0x00, 0x00, 0x00, 0x00, 0x00, 0x00, 0x00,
    0x00, 0x00, 0x00, 0x00, 0x00, 0x00, 0x00, 0x00, 0x00, 0x00, 0x00, 0x00, 0x00, 0x00, 0x00, 0x00,
    0x00, 0x00, 0x00, 0x00, 0x00, 0x00, 0x00, 0x00, 0x00, 0x00, 0x00, 0x00, 0x00, 0x00, 0x00, 0x00,
    0x00, 0x00, 0x00, 0x00, 0x00, 0x00, 0x00, 0x00, 0x00, 0x00, 0x00, 0x00, 0x00, 0x00, 0x00, 0x00,
    0x00, 0x00, 0x00, 0x00, 0x00, 0x00, 0x00, 0x00, 0x00, 0x00, 0x00, 0x00, 0x00, 0x00, 0x00, 0x00,
    0x00, 0x00, 0x03, 0x00, 0x00, 0x00, 0x00, 0x00, 0x00, 0x00, 0x00, 0x00, 0x00, 0x00, 0x00, 0x00,
    0x00, 0x00, 0x00, 0x00, 0x00, 0x00, 0x00, 0x00, 0x00, 0x00, 0x00, 0x00, 0x00, 0x00, 0x00, 0x00,
    0x00, 0x00, 0x00, 0x00, 0x00, 0x00, 0x00, 0x00, 0x00, 0x00, 0x00, 0x00, 0x00, 0x00, 0x00, 0x00,
    0x00, 0x00, 0x00, 0x00, 0x00, 0x00, 0x00, 0x00, 0x08, 0x00, 0x00, 0x00, 0x00, 0x00, 0x00, 0x00,
    0x00, 0x00, 0x00, 0x00, 0x00, 0x00, 0x00, 0x00, 0x00, 0x00, 0x00, 0x00, 0x00, 0x00, 0x00, 0x00,
    0x00, 0x00, 0x00, 0x00, 0x00, 0x00, 0x00, 0x00, 0x00, 0x00, 0x00, 0x00, 0x00, 0x00, 0x00, 0x00,
    0x00, 0x00, 0x00, 0x00, 0x00, 0x00, 0x00, 0x00, 0x00, 0x00, 0x00, 0x00, 0x00, 0x00, 0x00, 0x00,
    0x00, 0x00, 0x00, 0x00, 0x00, 0x00, 0x00, 0x00, 0x00, 0x00, 0x00, 0x00, 0x00, 0x00, 0x00, 0x00,
    0x00, 0x00, 0x00, 0x00, 0x00, 0x00, 0x00, 0x00, 0x00, 0x00, 0x00, 0x00, 0x00, 0x00, 0x00, 0x00,
    0x00, 0x00, 0x00, 0x00, 0x00, 0x00, 0x00, 0x00, 0x00, 0x00, 0x00, 0x00, 0x00, 0x00, 0x00, 0x00,
    0x00, 0x00, 0x00, 0x00, 0x00, 0x00, 0x00, 0x00, 0x00, 0x00, 0x00, 0x00, 0x00, 0x00, 0x00, 0x00,
    0x00, 0x00, 0x00, 0x00, 0x00, 0x00, 0x00, 0x00, 0x00, 0x00, 0x00, 0x00, 0x00, 0x00, 0x00, 0x00,
    0x00, 0x00, 0x00, 0x00, 0x00, 0x00, 0x00, 0x00, 0x00, 0x00, 0x00, 0x00, 0x00, 0x00, 0x00, 0x00,
    0x00, 0x00, 0x00, 0x00, 0x00, 0x00, 0x00, 0x00, 0x00, 0x00, 0x00, 0x00, 0x00, 0x00, 0x00, 0x00,
    0x00, 0x00, 0x00, 0x00, 0x00, 0x00, 0x00, 0x00, 0x00, 0x00, 0x00, 0x00, 0x00, 0x00, 0x00, 0x00,
    0x00, 0x00, 0x00, 0x00, 0x00, 0x00, 0x00, 0x00, 0x00, 0x00, 0x00, 0x00, 0x00, 0x00, 0x00, 0x00,
    0x00, 0x00, 0x00, 0x00, 0x00, 0x00, 0x00, 0x00, 0x00, 0x00, 0x00, 0x00, 0x00, 0x00, 0x00, 0x00,
    0x00, 0x00, 0x00, 0x00, 0x00, 0x00, 0x00, 0x00, 0x00, 0x00, 0x00, 0x00, 0x00, 0x00, 0x00, 0x00,
    0x00, 0x00, 0x00, 0x00, 0x00, 0x00, 0x00, 0x00, 0x00, 0x00, 0x00, 0x00, 0x00, 0x00, 0x00, 0x00,
    0x00, 0x00, 0x00, 0x00, 0x00, 0x00, 0x00, 0x00, 0x00, 0x00, 0x00, 0x00, 0x00, 0x00, 0x00, 0x00,
    0x00, 0x00, 0x00, 0x00, 0x00, 0x00, 0x00, 0x00, 0x00, 0x00, 0x00, 0x00, 0x00, 0x00, 0x00, 0x00,
    0x00, 0x00, 0x00, 0x00, 0x00, 0x00, 0x00, 0x00, 0x00, 0x00, 0x00, 0x00, 0x00, 0x00, 0x00, 0x00,
    0x00, 0x00, 0x00, 0x00, 0x00, 0x00, 0x00, 0x00, 0x00, 0x00, 0x00, 0x00, 0x00, 0x00, 0x00, 0x00,
    0x00, 0x00, 0x00, 0x00, 0x00, 0x00, 0x00, 0x00, 0x00, 0x00, 0x00, 0x00, 0x00, 0x00, 0x00, 0x00,
    0x00, 0x00, 0x00, 0x00, 0x00, 0x00, 0x00, 0x00, 0x00, 0x00, 0x00, 0x00, 0x00, 0x00, 0x00, 0x00,
    0x00, 0x00, 0x00, 0x00, 0x00, 0x00, 0x00, 0x00, 0x00, 0x00, 0x00, 0x00, 0x00, 0x00, 0x00, 0x00,
    0x00, 0x00, 0x00, 0x00, 0x00, 0x00, 0x00, 0x00, 0x00, 0x00, 0x00, 0x00, 0x00, 0x00, 0x00, 0x00,
    0x00, 0x00, 0x00, 0x00, 0x00, 0x00, 0x00, 0x00, 0x00, 0x00, 0x00, 0x00, 0x00, 0x00, 0x00, 0x00,
    0x00, 0x00, 0x00, 0x00, 0x00, 0x00, 0x00, 0x00, 0x00, 0x00, 0x00, 0x00, 0x00, 0x00, 0x00, 0x00,
    0x00, 0x00, 0x00, 0x00, 0x00, 0x00, 0x00, 0x00, 0x00, 0x00, 0x00, 0x00, 0x00, 0x00, 0x00, 0x00,
    0x00, 0x00, 0x80, 0x01, 0x00, 0x00, 0x00, 0x00, 0x02, 0x00, 0x00, 0x00, 0x00, 0x00, 0x00, 0x00,
    0x00, 0x00, 0x00, 0x00, 0xD0, 0x3D, 0x00, 0x00, 0x00, 0x00, 0x00, 0x00, 0x00, 0x00, 0x00, 0x00,
    0x00, 0x00, 0x00, 0x00, 0x00, 0x00, 0x00, 0x00, 0x00, 0x00, 0x00, 0x00, 0x00, 0x00, 0x00, 0x00,
    0x00, 0x00, 0x00, 0x00, 0x00, 0x00, 0x00, 0x00, 0x00, 0x00, 0x00, 0x00, 0x00, 0x00, 0x00, 0x00,
    0x00, 0x00, 0x00, 0x00, 0x00, 0x00, 0x00, 0x00, 0x00, 0x00, 0x00, 0x00, 0x00, 0x00, 0x00, 0x00,
    0x00, 0x00, 0x00, 0x00, 0x00, 0x00, 0x00, 0x00, 0x00, 0x00, 0x00, 0x00, 0x00, 0x00, 0x00, 0x00,
    0x00, 0x00, 0x00, 0x00, 0x00, 0x00, 0x00, 0x00, 0x00, 0x00, 0x00, 0x00, 0x00, 0x00, 0x00, 0x00,
    0x00, 0x00, 0x00, 0x00, 0x00, 0x00, 0x00, 0x00, 0x00, 0x00, 0x00, 0x00, 0x00, 0x00, 0x00, 0x00,
    0x00, 0x00, 0x00, 0x00, 0x00, 0x00, 0x00, 0x00, 0x00, 0x00, 0x00, 0x00, 0x00, 0x00, 0x00, 0x00,
    0x00, 0x00, 0x00, 0x00, 0x00, 0x00, 0x00, 0x00, 0x00, 0x00, 0x00, 0x00, 0x00, 0x00, 0x00, 0x00,
    0x00, 0x00, 0x00, 0x00, 0x00, 0x00, 0x00, 0x00, 0x00, 0x00, 0x00, 0x00, 0x00, 0x00, 0x00, 0x00,
    0x00, 0x00, 0x00, 0x00, 0x00, 0x00, 0x00, 0x00, 0x00, 0x00, 0x00, 0x00, 0x00, 0x00, 0x00, 0x00,
    0x00, 0x00, 0x00, 0x00, 0x00, 0x00, 0x00, 0x00, 0x00, 0x00, 0x00, 0x00, 0x00, 0x00, 0x00, 0x00,
    0x00, 0x00, 0x00, 0x00, 0x00, 0x00, 0x00, 0x00, 0x00, 0x00, 0x00, 0x00, 0x00, 0x00, 0x00, 0x00,
    0x00, 0x00, 0x00, 0x00, 0x00, 0x00, 0x00, 0x00, 0x00, 0x00, 0x00, 0x00, 0x00, 0x00, 0x00, 0x00,
    0x00, 0x00, 0x00, 0x00, 0x00, 0x00, 0x00, 0x00, 0x00, 0x00, 0x00, 0x00, 0x00, 0x00, 0x00, 0x00,
    0x00, 0x00, 0x00, 0x00, 0x00, 0x00, 0x00, 0x00, 0x00, 0x00, 0x00, 0x00, 0x00, 0x00, 0x00, 0x00,
    0x00, 0x00, 0x00, 0x00, 0x00, 0x00, 0x00, 0x00, 0x00, 0x00, 0x00, 0x00, 0x00, 0x00, 0x00, 0x00,
    0x00, 0x00, 0x00, 0x00, 0x00, 0x00, 0x00, 0x00, 0x00, 0x00, 0x00, 0x00, 0x00, 0x00, 0x00, 0x00,
    0x00, 0x00, 0x00, 0x00, 0x00, 0x00, 0x00, 0x00, 0x00, 0x00, 0x00, 0x00, 0x00, 0x00, 0x00, 0x00,
    0x00, 0x00, 0x00, 0x00, 0x00, 0x00, 0x00, 0x00, 0x00, 0x00, 0x00, 0x00, 0x00, 0x00, 0x00, 0x00,
    0x00, 0x00, 0x00, 0x00, 0x00, 0x00, 0x00, 0x00, 0x00, 0x00, 0x00, 0x00, 0x00, 0x00, 0x00, 0x00,
    0x00, 0x00, 0x00, 0x00, 0x00, 0x00, 0x00, 0x00, 0x00, 0x00, 0x00, 0x00, 0x00, 0x00, 0x00, 0x00,
    0x00, 0x00, 0x00, 0x00, 0x00, 0x00, 0x00, 0x00, 0x00, 0x00, 0x00, 0x00, 0x00, 0x00, 0x00, 0x00,
    0x00, 0x00, 0x00, 0x00, 0x00, 0x00, 0x00, 0x00, 0x00, 0x00, 0x00, 0x00, 0x00, 0x00, 0x00, 0x00,
    0x00, 0x00, 0x00, 0x00, 0x00, 0x00, 0x00, 0x00, 0x00, 0x00, 0x00, 0x00, 0x00, 0x00, 0x00, 0x00,
    0x00, 0x00, 0x00, 0x00, 0x00, 0x00, 0x00, 0x00, 0x00, 0x00, 0x00, 0x00, 0x00, 0x00, 0x00, 0x00,
    0x00, 0x00, 0x00, 0x00, 0x00, 0x00, 0x00, 0x00, 0x00, 0x00, 0x00, 0x00, 0x00, 0x00, 0x00, 0x00,
    0x00, 0x00, 0x00, 0x00, 0x00, 0x00, 0x00, 0x00, 0x00, 0x00, 0x00, 0x00, 0x00, 0x00, 0x00, 0x00,
    0x00, 0x00, 0x00, 0x00, 0x00, 0x00, 0x00, 0x00, 0x00, 0x00, 0x00, 0x00, 0x00, 0x00, 0x00, 0x00,
    0x00, 0x00, 0x00, 0x00, 0x00, 0x00, 0x00, 0x00, 0x00, 0x00, 0x00, 0x00, 0xFC, 0xFF, 0xFF, 0xFF,
    0xFF, 0xFF, 0xFF, 0xEF, 0x3F, 0x00, 0x00, 0x00, 0x00, 0x00, 0x00, 0x00, 0x00, 0x00, 0x00, 0x00,
    0x00, 0x00, 0x00, 0x00, 0x00, 0x00, 0x00, 0x00, 0x00, 0x00, 0x00, 0x00, 0x00, 0x00, 0x00, 0x00,
    0x00, 0x00, 0x00, 0x00, 0x00, 0x00, 0x00, 0x00, 0x00, 0x00, 0x00, 0x00, 0x00, 0x00, 0x00, 0x00,
    0x00, 0x00, 0x00, 0x00, 0x00, 0x00, 0x00, 0x00, 0x00, 0x00, 0x00, 0x00, 0x00, 0x00, 0x00, 0x00,
    0x00, 0x00, 0x00, 0x00, 0x00, 0x00, 0x00, 0x00, 0x00, 0x00, 0x00, 0x00, 0x00, 0x00, 0x00, 0x00,
    0x00, 0x00, 0x00, 0x00, 0x00, 0x00, 0x00, 0x00, 0x00, 0x00, 0x00, 0x00, 0x00, 0x00, 0x00, 0x00,
    0x00, 0x00, 0x00, 0x00, 0x00, 0x00, 0x00, 0x00, 0x00, 0x00, 0x00, 0x00, 0x00, 0x00, 0x00, 0x00,
    0x00, 0x00, 0x00, 0x00, 0x00, 0x00, 0x00, 0x00, 0x00, 0x00, 0x00, 0x00, 0x00, 0x00, 0x00, 0x00,
    0x00, 0x00, 0x00, 0x00, 0x00, 0x00, 0x00, 0x00, 0x00, 0x00, 0x00, 0x00, 0x00, 0x00, 0x00, 0x00,
    0x00, 0x00, 0x00, 0x00, 0x00, 0x00, 0x00, 0x00, 0x00, 0x00, 0x00, 0x00, 0x00, 0x00, 0x00, 0x00,
    0x00, 0x00, 0x00, 0x00, 0x00, 0x00, 0x00, 0x00, 0x00, 0x00, 0x00, 0x00, 0x00, 0x00, 0x00, 0x00,
    0x00, 0x00, 0x00, 0x00, 0x00, 0x00, 0x00, 0x00, 0x00, 0x00, 0x00, 0x00, 0x00, 0x00, 0x00, 0x00,
    0x00, 0x00, 0x00, 0x00, 0x00, 0x00, 0x00, 0x00, 0x00, 0x00, 0x00, 0x00, 0x00, 0x00, 0x00, 0x00,
    0x00, 0x00, 0x00, 0x00, 0x00, 0x00, 0x00, 0x00, 0x00, 0x00, 0x00, 0x00, 0x00, 0x00, 0x00, 0x00,
    0x00, 0x00, 0x00, 0x00, 0x00, 0x00, 0x00, 0x00, 0x00, 0x00, 0x00, 0x00, 0x00, 0x00, 0x00, 0x00,
    0x00, 0x00, 0x00, 0x00, 0x00, 0x00, 0x00, 0x00, 0x00, 0x00, 0x00, 0x00, 0x00, 0x00, 0x00, 0x00,
    0x00, 0xF0, 0xEF, 0xFD, 0xFF, 0x07, 0x00, 0x00, 0x00, 0x00, 0x00, 0x00, 0x00, 0x00, 0x00, 0x00,
    0x00, 0x00, 0x00, 0x00, 0x00, 0x00, 0x00, 0x00, 0x00, 0x00, 0x00, 0x00, 0x00, 0x00, 0x00, 0x00,
    0x00, 0x00, 0x00, 0x00, 0x00, 0x00, 0x00, 0x00, 0x00, 0x00, 0x00, 0x00, 0x00, 0x00, 0x00, 0x00,
    0x00, 0x00, 0x00, 0x00, 0x00, 0x00, 0x00, 0x00, 0x00, 0x00, 0x00, 0x00, 0x00, 0x00, 0x00, 0x00,
    0x00, 0x00, 0x00, 0x00, 0x00, 0x00, 0x00, 0x00, 0x00, 0x00, 0x00, 0x00, 0x00, 0x00, 0x00, 0x00,
    0x00, 0x00, 0x00, 0x00, 0x00, 0x00, 0x00, 0x00, 0x00, 0x00, 0x00, 0x00, 0x00, 0x00, 0x00, 0x00,
    0x00, 0x00, 0x00, 0x00, 0x00, 0x00, 0x00, 0x00, 0x00, 0x00, 0x00, 0x00, 0x00, 0x00, 0x00, 0x00,
    0x00, 0x00, 0x00, 0x00, 0x00, 0x00, 0x00, 0x00, 0x00, 0x00, 0x00, 0x00, 0x00, 0x00, 0x00, 0x00,
    0x00, 0xF0, 0x01, 0x00, 0x00, 0x00, 0x00, 0x00, 0x00, 0x00, 0x00, 0x00, 0x00, 0x00, 0x00, 0x00,
    0x00, 0x00, 0x00, 0x00, 0x00, 0x00, 0x00, 0x00, 0x00, 0x00, 0x00, 0x00, 0x00, 0x00, 0x00, 0x00,
    0x00, 0x00, 0x00, 0x00, 0x00, 0x00, 0x00, 0x00, 0x00, 0x00, 0x00, 0x00, 0x00, 0x00, 0x00, 0x00,
    0x00, 0x00, 0x00, 0x00, 0x00, 0x00, 0x00, 0x00, 0x00, 0x00, 0x00, 0x00, 0x00, 0x00, 0x00, 0x00,
    0x00, 0x00, 0x00, 0x00, 0x00, 0x00, 0x00, 0x00, 0x00, 0x00, 0x00, 0x00, 0x00, 0x00, 0x00, 0x00,
    0x00, 0x00, 0x00, 0x00, 0x00, 0x00, 0x00, 0x00, 0x00, 0x00, 0x00, 0x00, 0x00, 0x00, 0x00, 0x00,
    0x00, 0x00, 0x00, 0x00, 0x00, 0x00, 0x00, 0x00, 0x00, 0x00, 0x00, 0x00, 0x00, 0x00, 0x00, 0x00,
    0x00, 0x00, 0x00, 0x00, 0x00, 0x00, 0x00, 0x00, 0x00, 0x00, 0x00, 0x00, 0x00, 0x00, 0x00, 0x00,
    0x00, 0x00, 0x00, 0x00, 0x00, 0x00, 0x00, 0x00, 0x00, 0x00, 0x00, 0x00, 0x00, 0x00, 0x00, 0x00,
    0x00, 0x00, 0x00, 0x00, 0x00, 0x00, 0x00, 0x00, 0x00, 0x00, 0x00, 0x00, 0x00, 0x00, 0x00, 0x00,
    0x00, 0x00, 0x00, 0x00, 0x00, 0x00, 0x00, 0x00, 0x00, 0x00, 0x00, 0x00, 0x00, 0x00, 0x00, 0x00,
    0x00, 0x00, 0x00, 0x00, 0x00, 0x00, 0x00, 0x00, 0x00, 0x00, 0x00, 0x00, 0x00, 0x00, 0x00, 0x00,
    0x00, 0x00, 0x00, 0x00, 0x00, 0x00, 0x00, 0x00, 0x00, 0x00, 0x00, 0x00, 0x00, 0x00, 0x00, 0x00,
    0x00, 0x00, 0x00, 0x00, 0x00, 0x00, 0x00, 0x00, 0x00, 0x00, 0x00, 0x00, 0x00, 0x00, 0x00, 0x00,
    0x00, 0x00, 0x00, 0x00, 0x00, 0x00, 0x00, 0x00, 0x00, 0x00, 0x00, 0x00, 0x00, 0x00, 0x00, 0x00,
    0x00, 0x00, 0x00, 0x00, 0x00, 0x00, 0x00, 0x00, 0x00, 0x00, 0x00, 0x00, 0x00, 0x00, 0x00, 0x00,
    0x00, 0x00, 0x00, 0x00, 0x00, 0x00, 0x00, 0x00, 0x00, 0x00, 0x00, 0x00, 0x00, 0x00, 0x00, 0x00,
    0x00, 0x00, 0x00, 0x00, 0x00, 0x00, 0x00, 0x00, 0x00, 0x00, 0x00, 0x00, 0x00, 0x00, 0x00, 0x00,
    0x00, 0x00, 0x00, 0x00, 0x00, 0x00, 0x00, 0x00, 0x00, 0x00, 0x00, 0x00, 0x00, 0x00, 0x00, 0x00,
    0x00, 0x00, 0x00, 0x00, 0x00, 0x00, 0x00, 0x00, 0x00, 0x00, 0x00, 0x00, 0x00, 0x00, 0x00, 0x00,
    0x00, 0x00, 0x00, 0x00, 0x00, 0x00, 0x00, 0x00, 0x00, 0x00, 0x00, 0x00, 0x00, 0x00, 0x00, 0x00,
    0x00, 0x00, 0x00, 0x00, 0x00, 0x00, 0x00, 0x00, 0x00, 0x00, 0x00, 0x00, 0x00, 0x00, 0x00, 0x00,
    0x00, 0x00, 0x00, 0x00, 0x00, 0x00, 0x00, 0x00, 0x00, 0x00, 0x00, 0x00, 0x00, 0x00, 0x00, 0x00,
    0x00, 0x00, 0x00, 0x00, 0x00, 0x00, 0x00, 0x00, 0x00, 0x00, 0x00, 0x00, 0x00, 0x00, 0x00, 0x00,
    0x00, 0x00, 0x00, 0x00, 0x00, 0x00, 0x00, 0x00, 0x0E, 0x00, 0x00, 0x00, 0x00, 0x00, 0x00, 0x00,
    0x00, 0x00, 0x00, 0x00, 0x00, 0x00, 0x00, 0x00, 0x00, 0x00, 0x00, 0x00, 0x00, 0x00, 0x00, 0x00,
    0x00, 0x00, 0x00, 0x00, 0x00, 0x00, 0x00, 0x00, 0x00, 0x00, 0x00, 0x00, 0x00, 0x00, 0x00, 0x00,
    0x00, 0x00, 0x00, 0x00, 0x00, 0x00, 0x00, 0x00, 0x00, 0x00, 0x00, 0x00, 0x00, 0x00, 0x00, 0x00,
    0x00, 0x00, 0x00, 0x00, 0x00, 0x00, 0x00, 0x00, 0x00, 0x00, 0x00, 0x00, 0x00, 0x00, 0x00, 0x00,
    0x00, 0x00, 0x00, 0x00, 0x00, 0x00, 0x00, 0x00, 0x00, 0x00, 0x00, 0x00, 0x00, 0x00, 0x00, 0x00,
    0x00, 0x00, 0x00, 0x00, 0x00, 0x00, 0x00, 0x00, 0x00, 0x00, 0x00, 0x00, 0x00, 0x00, 0x00, 0x00,
    0x00, 0x00, 0x00, 0x00, 0x00, 0x00, 0x00, 0x00, 0x00, 0x00, 0x00, 0x00, 0x00, 0x00, 0x00, 0x00,
    0x00, 0x00, 0x00, 0x00, 0x00, 0x00, 0x00, 0x00, 0x00, 0x00, 0x00, 0x00, 0x00, 0x00, 0x00, 0x00,
    0x00, 0x00, 0x00, 0x00, 0x00, 0x00, 0x00, 0x00, 0x00, 0x00, 0x00, 0x00, 0x00, 0x00, 0x00, 0x00,
    0x00, 0x00, 0x00, 0x00, 0x00, 0x00, 0x00, 0x00, 0x00, 0x00, 0x00, 0x00, 0x00, 0x00, 0x00, 0x00,
    0x00, 0x00, 0x00, 0x00, 0x00, 0x00, 0x00, 0x00, 0x00, 0x00, 0x00, 0x00, 0x00, 0x00, 0x00, 0x00,
    0x00, 0x00, 0x00, 0x00, 0x00, 0x00, 0x00, 0x00, 0x00, 0x00, 0x00, 0x00, 0x00, 0x00, 0x00, 0x00,
    0x00, 0x00, 0x00, 0x00, 0x00, 0x00, 0x00, 0x00, 0x00, 0x00, 0x00, 0x00, 0x00, 0x00, 0x00, 0x00,
    0x00, 0x00, 0x00, 0x00, 0x00, 0x00, 0x00, 0x00, 0x00, 0x00, 0x00, 0x00, 0x00, 0x00, 0x00, 0x00,
    0x00, 0x00, 0x00, 0x00, 0x00, 0x00, 0x00, 0x00, 0x00, 0x00, 0x00, 0x00, 0x00, 0x00, 0x00, 0x00,
    0x00, 0x00, 0x00, 0x00, 0x00, 0x00, 0x00, 0x00, 0x00, 0x00, 0x00, 0x00, 0x00, 0x00, 0x00, 0x00,
    0x00, 0x00, 0x00, 0x00, 0x00, 0x00, 0x00, 0x00, 0x00, 0x00, 0x00, 0x00, 0x00, 0x00, 0x00, 0x00,
    0x00, 0x00, 0x00, 0x00, 0x00, 0x00, 0x00, 0x00, 0x00, 0x00, 0x00, 0x00, 0x00, 0x00, 0x00, 0x00,
    0x00, 0x00, 0x00, 0x00, 0x00, 0x00, 0x00, 0x00, 0x00, 0x00, 0x00, 0x00, 0x00, 0x00, 0x00, 0x00,
    0x00, 0x00, 0x00, 0x00, 0x00, 0x00, 0x00, 0x00, 0x00, 0x00, 0x00, 0x00, 0x00, 0x00, 0x00, 0x00,
    0x00, 0x00, 0x00, 0x00, 0x00, 0x00, 0x00, 0x00, 0x00, 0x00, 0x00, 0x00, 0x00, 0x00, 0x00, 0x00,
    0x00, 0x00, 0x00, 0x00, 0x00, 0x00, 0x00, 0x00, 0x00, 0x00, 0x00, 0x00, 0x00, 0x00, 0x00, 0x00,
    0x00, 0x00, 0x00, 0x00, 0x00, 0x00, 0x00, 0x00, 0x00, 0x00, 0x00, 0x00, 0x00, 0x00, 0x00, 0x00,
    0x00, 0x00, 0x00, 0x00, 0x00, 0x00, 0x00, 0x00, 0x00, 0x00, 0x00, 0x00, 0x00, 0x00, 0x00, 0x00,
    0x00, 0x00, 0x00, 0x00, 0x00, 0x00, 0x00, 0x00, 0x00, 0x00, 0x00, 0x00, 0x00, 0x00, 0x00, 0x00,
    0x00, 0x00, 0x00, 0x00, 0x00, 0x00, 0x00, 0x00, 0x00, 0x00, 0x00, 0x00, 0x00, 0x00, 0x00, 0x01,
    0x00, 0x00, 0x00, 0x00, 0x00, 0x00, 0x00, 0x00, 0x00, 0x00, 0x00, 0x00, 0x00, 0x00, 0x00, 0x00,
    0x00, 0x00, 0x00, 0x00, 0x00, 0x00, 0x00, 0x00, 0x00, 0x00, 0x00, 0x00, 0x00, 0x00, 0x00, 0x00,
    0x00, 0x00, 0x00, 0x00, 0x00, 0x00, 0x00, 0x00, 0x00, 0x00, 0x00, 0x00, 0x00, 0x00, 0x00, 0x00,
    0x00, 0x00, 0x00, 0x00, 0x00, 0x00, 0x00, 0x00, 0x00, 0x00, 0x00, 0x00, 0x00, 0x00, 0x00, 0x00,
    0x00, 0x00, 0x00, 0x00, 0x00, 0x00, 0x00, 0x00, 0x00, 0x00, 0x00, 0x00, 0x00, 0x00, 0x00, 0x00,
    0x00, 0x00, 0x00, 0x00, 0x00, 0x00, 0x00, 0x00, 0x00, 0x00, 0x00, 0x00, 0x00, 0x00, 0x00, 0x00,
    0x00, 0x00, 0x00, 0x00, 0x00, 0x00, 0x00, 0x00, 0x00, 0x00, 0x00, 0x00, 0x00, 0x00, 0x00, 0x00,
    0x00, 0x00, 0x00, 0x00, 0x00, 0x00, 0x00, 0x00, 0x00, 0x00, 0x00, 0x00, 0x00, 0x00, 0x00, 0x00,
    0x00, 0x00, 0x00, 0x00, 0x00, 0x00, 0x00, 0x00, 0x00, 0x00, 0x00, 0x00, 0x00, 0x00, 0x00, 0x00,
    0x00, 0x00, 0x00, 0x00, 0x00, 0x00, 0x00, 0x00, 0x00, 0x00, 0x00, 0x00, 0x00, 0x00, 0x00, 0x00,
    0x00, 0x00, 0x00, 0x00, 0x00, 0x00, 0x00, 0x00, 0x00, 0x00, 0x00, 0x00, 0x00, 0x00, 0x00, 0x00,
    0x00, 0x00, 0x00, 0x00, 0x00, 0x00, 0x00, 0x00, 0x00, 0x00, 0x00, 0x00, 0x00, 0x00, 0x00, 0x00,
    0x00, 0x00, 0x00, 0x00, 0x00, 0x00, 0x00, 0x00, 0x00, 0x00, 0x00, 0x00, 0x00, 0x00, 0x00, 0x00,
    0x00, 0x00, 0x00, 0x00, 0x00, 0x00, 0x00, 0x00, 0x00, 0x00, 0x00, 0x00, 0x00, 0x00, 0x00, 0x00,
    0x00, 0x00, 0x00, 0x00, 0x00, 0x00, 0x00, 0x00, 0x00, 0x00, 0x00, 0x00, 0x00, 0x00, 0x00, 0x00,
    0x00, 0x00, 0x00, 0x00, 0x00, 0x00, 0x00, 0x00, 0x00, 0x00, 0x00, 0x00, 0x00, 0x00, 0x00, 0x00,
    0x00, 0x00, 0x00, 0x00, 0x00, 0x00, 0x00, 0x00, 0x00, 0x00, 0x00, 0x00, 0x00, 0x00, 0x00, 0x00,
    0x00, 0x00, 0x00, 0x00, 0x00, 0x00, 0x00, 0x00, 0x00, 0x00, 0x00, 0x00, 0x00, 0x00, 0x00, 0x00,
    0x00, 0x00, 0x00, 0x00, 0x00, 0x00, 0x00, 0x00, 0x00, 0x00, 0x00, 0x00, 0x00, 0x00, 0x00, 0x00,
    0x00, 0x00, 0x00, 0x00, 0x00, 0x00, 0x00, 0x00, 0x00, 0x00, 0x00, 0x00, 0x00, 0x00, 0x00, 0x00,
    0x00, 0x00, 0x00, 0x00, 0x00, 0x00, 0x00, 0x00, 0x00, 0x00, 0x00, 0x00, 0x00, 0x00, 0x00, 0x00,
    0x00, 0x00, 0x00, 0x00, 0x00, 0x00, 0x00, 0x00, 0x00, 0x00, 0x00, 0x00, 0x00, 0x00, 0x00, 0x00,
    0x00, 0x00, 0x00, 0x00, 0x00, 0x00, 0x00, 0x00, 0x00, 0x00, 0x00, 0x00, 0x00, 0x00, 0x00, 0x00,
    0x00, 0x00, 0x00, 0x00, 0x00, 0x00, 0x00, 0x00, 0x00, 0x00, 0x00, 0x00, 0x00, 0x00, 0x00, 0x00,
    0x00, 0x00, 0x00, 0x00, 0x00, 0x00, 0x00, 0x00, 0x00, 0x00, 0x00, 0x00, 0x00, 0x00, 0x00, 0x00,
    0x00, 0x00, 0x00, 0x00, 0x00, 0x00, 0x00, 0x00, 0x00, 0x00, 0x00, 0x00, 0xFC, 0xFF, 0xFF, 0xFF,
    0xFF, 0xFF, 0xFF, 0x03, 0x00, 0x00, 0x00, 0x00, 0x00, 0x00, 0x00, 0x00, 0x00, 0x00, 0x00, 0x00,
    0x00, 0x00, 0x00, 0x00, 0x00, 0x00, 0x00, 0x00, 0x00, 0x00, 0x00, 0x00, 0x00, 0x00, 0x00, 0x00,
    0x00, 0x00, 0x00, 0x00, 0x00, 0x00, 0x00, 0x00, 0x00, 0x00, 0x00, 0x00, 0x00, 0x00, 0x00, 0x00,
    0x00, 0x00, 0x00, 0x00, 0x00, 0x00, 0x00, 0x00, 0x00, 0x00, 0x00, 0x00, 0x00, 0x00, 0x00, 0x00,
    0x00, 0x00, 0x00, 0x00, 0x00, 0x00, 0x00, 0x00, 0x00, 0x00, 0x00, 0x00, 0x00, 0x00, 0x00, 0x00,
    0x00, 0x00, 0x00, 0x00, 0x00, 0x00, 0x00, 0x00, 0x00, 0x00, 0x00, 0x00, 0x00, 0x00, 0x00, 0x00,
    0x00, 0x00, 0x00, 0x00, 0x00, 0x00, 0x00, 0x00, 0x00, 0x00, 0x00, 0x00, 0x00, 0x00, 0x00, 0x00,
    0x00, 0x00, 0x00, 0x00, 0x00, 0x00, 0x00, 0x00, 0x00, 0x00, 0x00, 0x00, 0x00, 0x00, 0x00, 0x00,
    0x00, 0x00, 0x00, 0x00, 0x00, 0x00, 0x00, 0x00, 0x00, 0x00, 0x00, 0x00, 0x00, 0x00, 0x00, 0x00,
    0x00, 0x00, 0x00, 0x00, 0x00, 0x00, 0x00, 0x00, 0x00, 0x00, 0x00, 0x00, 0x00, 0x00, 0x00, 0x00,
    0x00, 0x00, 0x00, 0x00, 0x00, 0x00, 0x00, 0x00, 0x00, 0x00, 0x00, 0x00, 0x00, 0x00, 0x00, 0x00,
    0x00, 0x00, 0x00, 0x00, 0x00, 0x00, 0x00, 0x00, 0x00, 0x00, 0x00, 0x00, 0x00, 0x00, 0x00, 0x00,
    0x00, 0x00, 0x00, 0x00, 0x00, 0x00, 0x00, 0x00, 0x00, 0x00, 0x00, 0x00, 0x00, 0x00, 0x00, 0x00,
    0x00, 0x00, 0x00, 0x00, 0x00, 0x00, 0x00, 0x00, 0x00, 0x00, 0x00, 0x00, 0x00, 0x00, 0x00, 0x00,
    0x00, 0x00, 0x00, 0x00, 0x00, 0x00, 0x00, 0x00, 0x00, 0x00, 0x00, 0x00, 0x00, 0x00, 0x00, 0x00,
    0x00, 0x00, 0x00, 0x00, 0x00, 0x00, 0x00, 0x00, 0x00, 0x00, 0x00, 0x00, 0x00, 0x00, 0x00, 0x00,
    0x00, 0x00, 0x00, 0x00, 0x00, 0x00, 0x00, 0x00, 0x00, 0x00, 0x00, 0x00, 0x00, 0x00, 0x00, 0x00,
    0x00, 0x00, 0x00, 0x00, 0x00, 0x00, 0x00, 0x00, 0x00, 0x00, 0x00, 0x00, 0x00, 0x00, 0x00, 0x00,
    0x00, 0x00, 0x00, 0x00, 0x00, 0x00, 0x00, 0x00, 0x00, 0x00, 0x00, 0x00, 0x00, 0x00, 0x00, 0x00,
    0x00, 0x00, 0x00, 0x00, 0x00, 0x00, 0x00, 0x00, 0x00, 0x00, 0x00, 0x00, 0x00, 0x00, 0x00, 0x00,
    0x00, 0x00, 0x00, 0x00, 0x00, 0x00, 0x00, 0x00, 0x00, 0x00, 0x00, 0x00, 0x00, 0x00, 0x00, 0x00,
    0x00, 0x00, 0x00, 0x00, 0x00, 0x00, 0x00, 0x00, 0x00, 0x00, 0x00, 0x00, 0x00, 0x00, 0x00, 0x00,
    0x00, 0x00, 0x00, 0x00, 0x00, 0x00, 0x00, 0x00, 0x00, 0x00, 0x00, 0x00, 0x00, 0x00, 0x00, 0x00,
    0x00, 0x00, 0x00, 0x00, 0x00, 0x00, 0x00, 0x00, 0x00, 0x00, 0x00, 0x00, 0x00, 0x00, 0x00, 0x00,
    0x00, 0x00, 0x00, 0x00, 0x00, 0x00, 0x00, 0x00, 0x00, 0x00, 0x00, 0x00, 0x00, 0x00, 0x00, 0x00,
    0x00, 0x00, 0x00, 0x00, 0x00, 0x00, 0x00, 0x00, 0x00, 0x00, 0x00, 0x00, 0x00, 0x00, 0x00, 0x00,
    0x00, 0x00, 0x00, 0x00, 0x00, 0x00, 0x00, 0xA0, 0x75, 0xEB, 0xD6, 0xAD, 0x7B, 0xDF, 0xFB, 0xFF,
    0x03, 0x00, 0x00, 0x00, 0x00, 0x00, 0x00, 0x00, 0x00, 0x00, 0x00, 0x00, 0x00, 0x00, 0x00, 0x00,
    0x00, 0x00, 0x00, 0x00, 0x00, 0x00, 0x00, 0x00, 0x00, 0x00, 0x00, 0x00, 0x00, 0x00, 0x00, 0x00,
    0x00, 0x00, 0x00, 0x00, 0x00, 0x00, 0x00, 0x00, 0x00, 0x00, 0x00, 0x00, 0x00, 0x00, 0x00, 0x00,
    0x00, 0x00, 0x00, 0x00, 0x00, 0x00, 0x00, 0x00, 0x00, 0x00, 0x00, 0x00, 0x00, 0x00, 0x00, 0x00,
    0x00, 0x00, 0x00, 0x00, 0x00, 0x00, 0x00, 0x00, 0x00, 0x00, 0x00, 0x00, 0x00, 0x00, 0x00, 0x00,
    0x00, 0x00, 0x00, 0x00, 0x00, 0x00, 0x00, 0x00, 0x00, 0x00, 0x00, 0x00, 0x00, 0x00, 0x00, 0x00,
    0x00, 0x00, 0x00, 0x00, 0x00, 0x00, 0x00, 0x00, 0x00, 0x00, 0x00, 0x00, 0x00, 0x00, 0x00, 0x00,
    0x00, 0x00, 0x00, 0x00, 0x00, 0x00, 0x00, 0x00, 0x00, 0x00, 0x00, 0x00, 0x00, 0x00, 0x00, 0x00,
    0x00, 0x00, 0x00, 0x00, 0x00, 0x00, 0x00, 0x00, 0x00, 0x00, 0x00, 0x00, 0x00, 0x00, 0x00, 0x00,
    0x00, 0x00, 0x00, 0x00, 0x00, 0x00, 0x00, 0x00, 0x00, 0x00, 0x00, 0x00, 0x00, 0x00, 0x00, 0x00,
    0x00, 0x00, 0x00, 0x00, 0x00, 0x00, 0x00, 0x00, 0x00, 0x00, 0x00, 0x00, 0x00, 0x00, 0x00, 0x00,
    0x00, 0x00, 0x00, 0x00, 0x00, 0x00, 0x00, 0x00, 0x00, 0x00, 0x00, 0x00, 0x00, 0x00, 0x00, 0x00,
    0x00, 0x00, 0x00, 0x00, 0x00, 0x00, 0x00, 0x00, 0x00, 0x00, 0x00, 0x00, 0x00, 0x00, 0x00, 0x00,
    0x00, 0x00, 0x00, 0x00, 0x00, 0x00, 0x00, 0x00, 0x00, 0x00, 0x00, 0x00, 0x00, 0x00, 0x00, 0x00,
    0x00, 0x00, 0x00, 0x00, 0x00, 0x00, 0x00, 0x00, 0x00, 0x00, 0x00, 0x00, 0x00, 0x00, 0x00, 0x00,
    0x00, 0x00, 0x00, 0x00, 0x00, 0x00, 0x00, 0x00, 0x00, 0x00, 0x00, 0x00, 0x00, 0x00, 0x00, 0x00,
    0x00, 0x00, 0x00, 0x00, 0x00, 0x00, 0x00, 0x00, 0x00, 0x00, 0x00, 0x00, 0x00, 0x00, 0x00, 0x00,
    0x00, 0x00, 0x00, 0x00, 0x00, 0x00, 0x00, 0x00, 0x00, 0x00, 0x00, 0x00, 0x00, 0x00, 0x00, 0x00,
    0x00, 0x00, 0x00, 0x00, 0x00, 0x00, 0x00, 0x00, 0x00, 0x00, 0x00, 0x00, 0x00, 0x00, 0x00, 0x00,
    0x00, 0x00, 0x00, 0x00, 0x00, 0x00, 0x00, 0x00, 0x00, 0x00, 0x00, 0x00, 0x00, 0x00, 0x00, 0x00,
    0x00, 0x00, 0x00, 0x00, 0x00, 0x00, 0x00, 0x00, 0x00, 0x00, 0x00, 0x00, 0x00, 0x00, 0x00, 0x00,
    0x00, 0x00, 0x00, 0x00, 0x00, 0x00, 0x00, 0x00, 0x00, 0x00, 0x00, 0x00, 0x00, 0x00, 0x00, 0x00,
    0x00, 0x00, 0x00, 0x00, 0x00, 0x00, 0x00, 0x00, 0x00, 0x00, 0x00, 0x00, 0x00, 0x00, 0x00, 0x00,
    0x00, 0x00, 0x00, 0x00, 0x00, 0x00, 0x00, 0x00, 0x00, 0x00, 0x00, 0x00, 0x00, 0x00, 0x00, 0x00,
    0x00, 0x00, 0x00, 0x00, 0x00, 0x00, 0x00, 0x00, 0x00, 0x00, 0x00, 0x00, 0x00, 0x00, 0x00, 0x00,
    0x00, 0x00, 0x00, 0x00, 0x00, 0x00, 0x00, 0x00, 0x00, 0x00, 0x00, 0x00, 0x00, 0x00, 0x00, 0x00,
    0x00, 0x00, 0x00, 0x00, 0x00, 0x00, 0x00, 0x00, 0x00, 0x00, 0x00, 0x00, 0x00, 0x00, 0x00, 0x00,
    0x00, 0x00, 0x00, 0x00, 0x00, 0x00, 0x00, 0x00, 0x00, 0x00, 0x00, 0x00, 0x00, 0x00, 0x00, 0x00,
    0x00, 0x00, 0x00, 0x00, 0x00, 0x00, 0x00, 0x00, 0x00, 0x00, 0x00, 0x00, 0x00, 0x00, 0x00, 0x00,
    0x00, 0x00, 0x00, 0x00, 0x00, 0x00, 0x00, 0x00, 0x00, 0x00, 0x00, 0x00, 0x00, 0x00, 0x00, 0x00,
    0x00, 0x00, 0x00, 0x00, 0x00, 0x00, 0x00, 0x00, 0x00, 0x00, 0x00, 0x00, 0x00, 0x00, 0x00, 0x00,
    0x00, 0x00, 0x00, 0x00, 0x00, 0x00, 0x00, 0x00, 0x00, 0x00, 0x00, 0x00, 0x00, 0x00, 0x00, 0x00,
    0x00, 0x00, 0x00, 0x00, 0x00, 0x00, 0x00, 0x00, 0x00, 0x00, 0x00, 0x00, 0x00, 0x00, 0x00, 0x00,
    0x00, 0x00, 0x00, 0x00, 0x00, 0x00, 0x00, 0x00, 0x00, 0x00, 0x00, 0x00, 0x00, 0x00, 0x00, 0x00,
    0x00, 0x00, 0x00, 0x00, 0x00, 0x00, 0x00, 0x00, 0x00, 0x00, 0x00, 0x00, 0x00, 0x00, 0x00, 0x00,
    0x00, 0x00, 0x00, 0x00, 0x00, 0x00, 0x00, 0x00, 0x00, 0x00, 0x00, 0x00, 0x00, 0x00, 0x00, 0x00,
    0x00, 0x00, 0x00, 0x00, 0x00, 0x00, 0x00, 0x00, 0x00, 0x00, 0x00, 0x00, 0x00, 0x00, 0x00, 0x00,
    0x00, 0x00, 0x00, 0x00, 0x00, 0x00, 0x00, 0x00, 0x00, 0x00, 0x00, 0x00, 0x00, 0x00, 0x00, 0x00,
    0x00, 0x00, 0x00, 0x00, 0x00, 0x00, 0x00, 0x00, 0x00, 0x00, 0x00, 0x00, 0x00, 0x00, 0x00, 0x00,
    0x00, 0x00, 0x00, 0x00, 0x00, 0x00, 0x00, 0x00, 0x00, 0x00, 0x00, 0x00, 0x00, 0x00, 0x00, 0x00,
    0x00, 0x00, 0x00, 0x00, 0x00, 0x00, 0x00, 0x00, 0x00, 0x00, 0x00, 0x00, 0x00, 0x00, 0x00, 0x00,
    0x00, 0x00, 0x00, 0x00, 0x00, 0x00, 0x00, 0x00, 0x00, 0x00, 0x00, 0x00, 0x00, 0x00, 0x00, 0x00,
    0x00, 0x00, 0x00, 0x00, 0x00, 0x00, 0x00, 0x00, 0x00, 0x00, 0x00, 0x00, 0x00, 0x00, 0x00, 0x00,
    0x00, 0x00, 0x00, 0x00, 0x00, 0x00, 0x00, 0x00, 0x00, 0x00, 0x00, 0x00, 0x00, 0x00, 0x00, 0x00,
    0x00, 0x00, 0x00, 0x00, 0x00, 0x00, 0x00, 0x00, 0x00, 0x00, 0x00, 0x00, 0x00, 0x00, 0x00, 0x00,
    0x00, 0x00, 0x00, 0x00, 0x00, 0x00, 0x00, 0x00, 0x00, 0x00, 0x00, 0x00, 0x00, 0x00, 0x00, 0x00,
    0x00, 0x00, 0x00, 0x00, 0x00, 0x00, 0x00, 0x00, 0x00, 0x00, 0x00, 0x00, 0x00, 0x00, 0x00, 0x00,
    0x00, 0x00, 0x00, 0x00, 0x00, 0x00, 0x00, 0x00, 0x00, 0x00, 0x00, 0x00, 0x00, 0x00, 0x00, 0x00,
    0x00, 0x00, 0x00, 0x00, 0x00, 0x00, 0x00, 0x00, 0x00, 0x00, 0x00, 0x00, 0x00, 0x00, 0x00, 0x00,
    0x00, 0x00, 0x00, 0x00, 0x00, 0x00, 0x00, 0x00, 0x00, 0x00, 0x00, 0x00, 0x00, 0x00, 0x00, 0x00,
    0x00, 0x00, 0x00, 0x00, 0x00, 0x00, 0x00, 0x00, 0x00, 0x00, 0x00, 0x00, 0x00, 0x00, 0x00, 0x00,
    0x00, 0x00, 0x00, 0x00, 0x00, 0x00, 0x00, 0x00, 0x00, 0x00, 0x00, 0x00, 0x00, 0x00, 0x00, 0x00,
    0x00, 0x00, 0x00, 0x00, 0x00, 0x00, 0x00, 0x00, 0x00, 0x00, 0x00, 0x00, 0x00, 0x00, 0x00, 0x00,
    0x00, 0x00, 0x00, 0x00, 0x00, 0x00, 0x00, 0x00, 0x00, 0x00, 0x00, 0x00, 0x00, 0x00, 0x00, 0x00,
    0x00, 0x00, 0x00, 0x00, 0x00, 0x00, 0x00, 0x70, 0x14, 0x00, 0x00, 0x00, 0x00, 0x00, 0x00, 0x00,
    0x00, 0x00, 0x00, 0x70, 0x80, 0x08, 0x00, 0x00, 0x00, 0x00, 0x00, 0x00, 0x00, 0x00, 0x00, 0x00,
    0x00, 0x00, 0x00, 0x00, 0x00, 0x00, 0x00, 0x00, 0x00, 0x00, 0x00, 0x00, 0x00, 0x00, 0x00, 0x00,
    0x00, 0x00, 0x00, 0x00, 0x00, 0x00, 0x00, 0x00, 0x00, 0x00, 0x00, 0x00, 0x00, 0x00, 0x00, 0x00,
    0x00, 0x00, 0x00, 0x00, 0x00, 0x00, 0x00, 0x00, 0x00, 0x00, 0x00, 0x00, 0x00, 0x00, 0x00, 0x00,
    0x00, 0x00, 0x00, 0x00, 0x00, 0x80, 0x0F, 0x00, 0x00, 0x00, 0x00, 0x00, 0x00, 0x00, 0x00, 0x00,
    0x00, 0x00, 0x00, 0x00, 0x00, 0x00, 0x00, 0x00, 0x00, 0x00, 0x00, 0x00, 0x00, 0x00, 0x00, 0x00,
    0x00, 0x00, 0x00, 0x00, 0x00, 0x00, 0x00, 0x00, 0x00, 0x00, 0x00, 0x00, 0x00, 0x00, 0x00, 0x00,
    0x00, 0x00, 0x00, 0x00, 0x00, 0x00, 0x00, 0x00, 0x00, 0x00, 0x00, 0x00, 0x00, 0x00, 0x00, 0x00,
    0x00, 0x00, 0x00, 0x00, 0x00, 0x00, 0x00, 0x00, 0x00, 0x00, 0x00, 0x00, 0x00, 0x00, 0x00, 0x00,
    0x00, 0x00, 0x00, 0x00, 0x00, 0x00, 0x00, 0x00, 0x00, 0x00, 0x00, 0x00, 0x00, 0x00, 0x00, 0x00,
    0x00, 0x00, 0x00, 0x00, 0x00, 0x00, 0x00, 0x00, 0x00, 0x00, 0x00, 0x00, 0x00, 0x00, 0x00, 0x00,
    0x00, 0x00, 0x00, 0x00, 0x00, 0x00, 0x00, 0x00, 0x00, 0x00, 0x00, 0x00, 0x00, 0x00, 0x00, 0x00,
    0x00, 0x00, 0x00, 0x00, 0x00, 0x00, 0x00, 0x00, 0x00, 0x00, 0x00, 0x00, 0x00, 0x00, 0x00, 0x00,
    0x00, 0x00, 0x00, 0x00, 0x00, 0x00, 0x00, 0x00, 0x00, 0x00, 0x00, 0x00, 0x00, 0x00, 0x00, 0x00,
    0x00, 0x00, 0x00, 0x00, 0x00, 0x00, 0x00, 0x00, 0x00, 0x00, 0x00, 0x00, 0x00, 0x00, 0x00, 0x00,
    0x00, 0x00, 0x00, 0x00, 0x00, 0x00, 0x00, 0x00, 0x00, 0x00, 0x00, 0x00, 0x00, 0x00, 0x00, 0x00,
    0x00, 0x00, 0x00, 0x00, 0x00, 0x00, 0x00, 0x00, 0x00, 0x00, 0x00, 0x00, 0x00, 0x00, 0x00, 0x00,
    0x00, 0x00, 0x00, 0x00, 0x00, 0x00, 0x00, 0x00, 0x00, 0x00, 0x00, 0x00, 0x00, 0x00, 0x00, 0x00,
    0x00, 0x00, 0x00, 0x00, 0x00, 0x00, 0x00, 0x00, 0x00, 0x00, 0x00, 0x00, 0x00, 0x00, 0x00, 0x00,
    0x00, 0x00, 0x00, 0x00, 0x00, 0x00, 0x00, 0x00, 0x00, 0x00, 0x00, 0x00, 0x00, 0x00, 0x00, 0x00,
    0x00, 0x00, 0x00, 0x00, 0x00, 0x00, 0x00, 0x00, 0x00, 0x00, 0x00, 0x00, 0x00, 0x00, 0x00, 0x00,
    0x00, 0x00, 0x00, 0x00, 0x00, 0x00, 0x00, 0x00, 0x00, 0x00, 0x00, 0x00, 0x00, 0x00, 0x00, 0x00,
    0x00, 0x00, 0x00, 0x00, 0x00, 0x00, 0x00, 0x00, 0x00, 0x00, 0x00, 0x00, 0x00, 0x00, 0x00, 0x00,
    0x00, 0x00, 0x00, 0x00, 0x00, 0x00, 0x00, 0x00, 0x00, 0x00, 0x00, 0x00, 0x00, 0x00, 0x00, 0x00,
    0x00, 0x00, 0x00, 0x00, 0x00, 0x00, 0x00, 0x00, 0x00, 0x00, 0x00, 0x00, 0x00, 0x00, 0x00, 0x00,
    0x00, 0x00, 0x00, 0x00, 0x00, 0x00, 0x00, 0x00, 0x00, 0x00, 0x00, 0x00, 0x00, 0x00, 0x00, 0x00,
    0x00, 0x00, 0x00, 0x00, 0x00, 0x00, 0x00, 0x00, 0x00, 0x00, 0x00, 0x00, 0x00, 0x00, 0x00, 0x00,
    0x00, 0x00, 0x00, 0x00, 0x00, 0x00, 0x00, 0x00, 0x00, 0x00, 0x00, 0x00, 0x00, 0x00, 0x00, 0x00,
    0x00, 0x00, 0x00, 0x00, 0x00, 0x00, 0x00, 0x00, 0x00, 0x00, 0x00, 0x00, 0x00, 0x00, 0x00, 0x00,
    0x00, 0x00, 0x00, 0x00, 0x00, 0x00, 0x00, 0x00, 0x00, 0x00, 0x00, 0x00, 0x00, 0x00, 0x00, 0x00,
    0x00, 0x00, 0x00, 0x00, 0x00, 0x00, 0x00, 0x00, 0x00, 0x00, 0x00, 0x00, 0x00, 0x00, 0x00, 0x00,
    0x00, 0x00, 0x00, 0x00, 0x00, 0x00, 0x00, 0x00, 0x00, 0x00, 0x00, 0x00, 0x00, 0x00, 0x00, 0x00,
    0x00, 0x00, 0x00, 0x00, 0x00, 0x00, 0x00, 0x00, 0x00, 0x00, 0x00, 0x00, 0x00, 0x00, 0x00, 0x00,
    0x00, 0x00, 0x00, 0x00, 0x00, 0x00, 0x00, 0x00, 0x00, 0x00, 0x00, 0x00, 0x00, 0x00, 0x00, 0x00,
    0x00, 0x00, 0x00, 0x00, 0x00, 0x00, 0x00, 0x00, 0x00, 0x00, 0x00, 0x00, 0x00, 0x00, 0x00, 0x00,
    0x00, 0x00, 0x00, 0x00, 0x00, 0x00, 0x00, 0x00, 0x00, 0x00, 0x00, 0x00, 0x00, 0x00, 0x00, 0x00,
    0x00, 0x00, 0x00, 0x00, 0x00, 0x00, 0x00, 0x00, 0x00, 0x00, 0x00, 0x00, 0x00, 0x00, 0x00, 0x00,
    0x00, 0x00, 0x00, 0x00, 0x00, 0x00, 0x00, 0x00, 0x00, 0x00, 0x00, 0x00, 0x00, 0x00, 0x00, 0x00,
    0x00, 0x00, 0x00, 0x00, 0x00, 0x00, 0xFF, 0xFF, 0x35, 0x00, 0x00, 0xC0, 0xFF, 0x7F, 0x0D, 0x00,
    0x00, 0x00, 0x00, 0x00, 0x00, 0x00, 0x00, 0x00, 0x00, 0x00, 0x00, 0x00, 0x00, 0x00, 0x00, 0x00,
    0x00, 0x00, 0x00, 0x00, 0x00, 0x00, 0x00, 0x00, 0x00, 0x00, 0x00, 0x00, 0x00, 0x00, 0x00, 0x00,
    0x00, 0x00, 0x00, 0x00, 0x00, 0x00, 0x00, 0x00, 0x00, 0x00, 0x00, 0x00, 0x00, 0x00, 0x00, 0x00,
    0x00, 0x00, 0x00, 0x00, 0x00, 0x00, 0x00, 0x00, 0x00, 0x00, 0x00, 0x00, 0x00, 0x00, 0x00, 0x00,
    0x00, 0x00, 0x00, 0x00, 0x00, 0x00, 0x00, 0x00, 0x00, 0x00, 0x00, 0x00, 0x00, 0x00, 0x00, 0x00,
    0x00, 0x00, 0x00, 0x00, 0x00, 0x00, 0x00, 0x00, 0x00, 0x00, 0x00, 0x00, 0x00, 0x00, 0x00, 0x00,
    0x00, 0x00, 0x00, 0x00, 0x00, 0x00, 0x00, 0x00, 0x00, 0x00, 0x00, 0x00, 0x00, 0x00, 0x00, 0x00,
    0x00, 0x00, 0x00, 0x00, 0x00, 0x00, 0x00, 0x00, 0x00, 0x00, 0x00, 0x00, 0x00, 0x00, 0x00, 0x00,
    0x00, 0x00, 0x00, 0x00, 0x00, 0x00, 0x00, 0x00, 0x00, 0x00, 0x00, 0x00, 0x00, 0x00, 0x00, 0x00,
    0x00, 0x00, 0x00, 0x00, 0x00, 0x00, 0x00, 0x00, 0x00, 0x00, 0x00, 0x00, 0x00, 0x00, 0x00, 0x00,
    0x00, 0x00, 0x00, 0x00, 0x00, 0x00, 0x00, 0x00, 0x00, 0x00, 0x00, 0x00, 0x00, 0x00, 0x00, 0x00,
    0x00, 0x00, 0x00, 0x00, 0x00, 0x00, 0x00, 0x00, 0x00, 0x00, 0x00, 0x00, 0x00, 0x00, 0x00, 0x00,
    0x00, 0x00, 0x00, 0x00, 0x00, 0x00, 0x00, 0x00, 0x00, 0x00, 0x00, 0x00, 0x00, 0x00, 0x00, 0x00,
    0x00, 0x00, 0x00, 0x00, 0x00, 0x00, 0x00, 0x00, 0x00, 0x00, 0x00, 0x00, 0x00, 0x00, 0x00, 0x00,
    0x00, 0x00, 0x00, 0x00, 0x00, 0x00, 0x00, 0x00, 0x00, 0x00, 0x00, 0x00, 0x00, 0x00, 0x00, 0x00,
    0x00, 0x00, 0x00, 0x00, 0x00, 0x00, 0x00, 0x00, 0x00, 0x00, 0x00, 0x00, 0x00, 0x00, 0x00, 0x00,
    0x00, 0x00, 0x00, 0x00, 0x00, 0x00, 0x00, 0x00, 0x00, 0x00, 0x00, 0x00, 0x00, 0x00, 0x00, 0x00,
    0x00, 0x00, 0x00, 0x00, 0x00, 0x00, 0x00, 0x00, 0x00, 0x00, 0x00, 0x00, 0x00, 0x00, 0x00, 0x00,
    0x00, 0x00, 0x00, 0x00, 0x00, 0x00, 0x00, 0x00, 0x00, 0x00, 0x00, 0x00, 0x00, 0x00, 0x00, 0x00,
    0x00, 0x00, 0x00, 0x00, 0x00, 0x00, 0x00, 0x00, 0x00, 0x00, 0x00, 0x00, 0x00, 0x00, 0x00, 0x00,
    0x00, 0x00, 0x00, 0x00, 0x00, 0x00, 0x00, 0x00, 0x00, 0x00, 0x00, 0x00, 0x00, 0x00, 0x00, 0x00,
    0x00, 0x00, 0x00, 0x00, 0x00, 0x00, 0x00, 0x00, 0x00, 0x00, 0x00, 0x00, 0x00, 0x00, 0x00, 0x00,
    0x00, 0x00, 0x00, 0x00, 0x00, 0x00, 0x00, 0x00, 0x00, 0x00, 0x00, 0x00, 0x00, 0x00, 0x00, 0x00,
    0x00, 0x00, 0x00, 0x00, 0x00, 0x00, 0x00, 0x00, 0x00, 0x00, 0x00, 0x00, 0x00, 0x00, 0x00, 0x00,
    0x00, 0x00, 0x00, 0x00, 0x00, 0x00, 0x00, 0x00, 0x00, 0x00, 0x00, 0x00, 0x00, 0x00, 0x00, 0x00,
    0x00, 0x00, 0x00, 0x00, 0x00, 0x00, 0x00, 0x00, 0x00, 0x00, 0x00, 0x00, 0x00, 0x00, 0x00, 0x00,
    0x00, 0x00, 0x00, 0x00, 0x00, 0x00, 0x00, 0x00, 0x00, 0x00, 0x00, 0x00, 0x00, 0x00, 0x00, 0x00,
    0x00, 0x00, 0x00, 0x00, 0x00, 0x00, 0x00, 0x00, 0x00, 0x00, 0x00, 0x00, 0x00, 0x00, 0x00, 0x00,
    0x00, 0x00, 0x00, 0x00, 0x00, 0x00, 0x00, 0x00, 0x00, 0x00, 0x00, 0x00, 0x00, 0x00, 0x00, 0x00,
    0x00, 0x00, 0x00, 0x00, 0x00, 0x00, 0x00, 0x00, 0x00, 0x00, 0x00, 0x00, 0x00, 0x00, 0x00, 0x00,
    0x00, 0x00, 0x00, 0x00, 0x00, 0x00, 0x00, 0x00, 0x00, 0x00, 0x00, 0x00, 0x00, 0x00, 0x00, 0x00,
    0x00, 0x00, 0x00, 0x00, 0x00, 0x00, 0x00, 0x00, 0x00, 0x00, 0x00, 0x00, 0x00, 0x00, 0x00, 0x00,
    0x00, 0x00, 0x00, 0x00, 0x00, 0x00, 0x00, 0x00, 0x00, 0x00, 0x00, 0x00, 0x00, 0x00, 0x00, 0x00,
    0x00, 0x00, 0x00, 0x00, 0x00, 0x00, 0x00, 0x00, 0x00, 0x00, 0x00, 0x00, 0x00, 0x00, 0x00, 0x00,
    0x00, 0x00, 0x00, 0x00, 0x00, 0x00, 0x00, 0x00, 0x00, 0x00, 0x00, 0x00, 0x00, 0x00, 0x00, 0x00,
    0x00, 0x00, 0x00, 0x00, 0x00, 0x00, 0x00, 0x00, 0x00, 0x00, 0x00, 0x00, 0x00, 0x00, 0x00, 0x00,
    0x00, 0x00, 0x00, 0x00, 0x00, 0x00, 0x00, 0x00, 0x00, 0x00, 0x00, 0x00, 0x00, 0x00, 0x00, 0x00,
    0x00, 0x00, 0x00, 0x00, 0x00, 0x00, 0x00, 0x00, 0x00, 0x00, 0x00, 0x00, 0x00, 0x00, 0x00, 0x00,
    0x00, 0x00, 0x00, 0x00, 0x00, 0x00, 0x00, 0x00, 0x00, 0x00, 0x00, 0x00, 0x00, 0x00, 0x00, 0x00,
    0x00, 0x00, 0x00, 0x00, 0x00, 0x00, 0x00, 0x00, 0x00, 0x00, 0x00, 0x00, 0x00, 0x00, 0x00, 0x00,
    0x00, 0x00, 0x00, 0x00, 0x00, 0x00, 0x00, 0x00, 0x00, 0x00, 0x80, 0x01, 0x00, 0x00, 0x00, 0x00,
    0x00, 0x00, 0x00, 0x00, 0x00, 0x00, 0x00, 0x00, 0x00, 0x00, 0x00, 0x00, 0x00, 0x00, 0x00, 0x00,
    0x00, 0x00, 0x00, 0x00, 0x00, 0x00, 0x00, 0x00, 0x00, 0x00, 0x00, 0x00, 0x00, 0x00, 0x00, 0x00,
    0x00, 0x00, 0x00, 0x00, 0x00, 0x00, 0x00, 0x00, 0x00, 0x00, 0x00, 0x00, 0x00, 0x00, 0x00, 0x00,
    0x00, 0x00, 0x00, 0x00, 0x00, 0x00, 0x00, 0x00, 0x00, 0x00, 0x00, 0x00, 0x00, 0x00, 0x00, 0x00,
    0x00, 0x00, 0x00, 0x00, 0x00, 0x00, 0x00, 0x00, 0x00, 0x00, 0x00, 0x00, 0x00, 0x00, 0x00, 0x00,
    0x00, 0x00, 0x00, 0x00, 0x00, 0x00, 0x00, 0x00, 0x00, 0x00, 0x00, 0x00, 0x00, 0x00, 0x00, 0x00,
    0x00, 0x00, 0x00, 0xFE, 0xFF, 0xFF, 0xFF, 0x3F, 0x00, 0x00, 0x00, 0x00, 0x00, 0x00, 0x00, 0x00,
    0x00, 0x00, 0x00, 0x00, 0x00, 0x00, 0x00, 0x00, 0x00, 0x00, 0x00, 0x00, 0x00, 0x00, 0x00, 0x00,
    0x00, 0x00, 0x00, 0x00, 0x00, 0x00, 0x00, 0x00, 0x00, 0x00, 0x00, 0x00, 0x00, 0x00, 0x00, 0x00,
    0x00, 0x00, 0x00, 0x00, 0x00, 0x00, 0x00, 0x00, 0x00, 0x00, 0x00, 0x00, 0x00, 0x00, 0x00, 0x00,
    0x00, 0x00, 0x00, 0x00, 0x00, 0x00, 0x00, 0x00, 0x00, 0x00, 0x00, 0x00, 0x00, 0x00, 0x00, 0x00,
    0x00, 0x00, 0x00, 0x00, 0x00, 0x00, 0x00, 0x00, 0x00, 0x00, 0x00, 0x00, 0x00, 0x00, 0x00, 0x00,
    0x00, 0x00, 0x00, 0x00, 0x00, 0x00, 0x00, 0x00, 0x00, 0x00, 0x00, 0x00, 0x00, 0x00, 0x00, 0x00,
    0x00, 0x00, 0x00, 0x00, 0x00, 0x00, 0x00, 0x00, 0x00, 0x00, 0x00, 0x00, 0x00, 0x00, 0x00, 0x00,
    0x00, 0x00, 0x00, 0x00, 0x00, 0x00, 0x00, 0x00, 0x00, 0x00, 0x00, 0x00, 0x00, 0x00, 0x00, 0x00,
    0x00, 0x00, 0x00, 0x00, 0x00, 0x00, 0x00, 0x00, 0x00, 0x00, 0x00, 0x00, 0x00, 0x00, 0x00, 0x00,
    0x00, 0x00, 0x00, 0x00, 0x00, 0x00, 0x00, 0x00, 0x00, 0x00, 0x00, 0x00, 0x00, 0x00, 0x00, 0x00,
    0x00, 0x00, 0x00, 0x00, 0x00, 0x00, 0x00, 0x00, 0x00, 0x00, 0x00, 0x00, 0x00, 0x00, 0x00, 0x00,
    0x00, 0x00, 0x00, 0x00, 0x00, 0x00, 0x00, 0x00, 0x00, 0x00, 0x00, 0x00, 0x00, 0x00, 0x00, 0x00,
    0x00, 0x00, 0x00, 0x00, 0x00, 0x00, 0x00, 0x00, 0x00, 0x00, 0x00, 0x00, 0x00, 0x00, 0x00, 0x00,
    0x00, 0x00, 0x00, 0x00, 0x00, 0x00, 0x00, 0x00, 0x00, 0x00, 0x00, 0x00, 0x00, 0x00, 0x00, 0x00,
    0x00, 0x00, 0x00, 0x00, 0x00, 0x00, 0x00, 0x00, 0x00, 0x00, 0x00, 0x00, 0x00, 0x00, 0x00, 0x00,
    0x00, 0x00, 0x00, 0x00, 0x00, 0x00, 0x00, 0x00, 0x00, 0x00, 0x00, 0x00, 0x00, 0x00, 0x00, 0x00,
    0x00, 0x00, 0x00, 0x00, 0x00, 0x00, 0x00, 0x00, 0x00, 0x00, 0x00, 0x00, 0x00, 0x00, 0x00, 0x00,
    0x00, 0x00, 0x00, 0x00, 0x00, 0x00, 0x00, 0x00, 0x00, 0x00, 0x00, 0x00, 0x00, 0x00, 0x00, 0x00,
    0x00, 0x00, 0x00, 0x00, 0x00, 0x00, 0x00, 0x00, 0x00, 0x00, 0x00, 0x00, 0x00, 0x00, 0x00, 0x00,
    0x00, 0x00, 0x00, 0x00, 0x00, 0x00, 0x00, 0x00, 0x00, 0x00, 0x00, 0x00, 0x00, 0x00, 0x00, 0x00,
    0x00, 0x00, 0x00, 0x00, 0x00, 0x00, 0x00, 0x00, 0x00, 0x00, 0x00, 0x00, 0x00, 0x00, 0x00, 0x00,
    0x00, 0x00, 0x00, 0x00, 0x00, 0x00, 0x00, 0x00, 0x00, 0x00, 0x00, 0x00, 0x00, 0x00, 0x00, 0x00,
    0x00, 0x00, 0x00, 0x00, 0x00, 0x00, 0x00, 0x00, 0x00, 0x00, 0x00, 0x00, 0x00, 0x00, 0x00, 0x00,
    0x00, 0x00, 0x00, 0x00, 0x00, 0x00, 0x00, 0x00, 0x00, 0x00, 0x00, 0x00, 0x00, 0x00, 0x00, 0x00,
    0x00, 0x00, 0x00, 0x00, 0x00, 0x00, 0x00, 0x00, 0x00, 0x00, 0x00, 0x00, 0x00, 0x00, 0x00, 0x00,
    0x00, 0x00, 0x00, 0x00, 0x00, 0x00, 0x00, 0x00, 0x00, 0x00, 0x00, 0x00, 0x00, 0x00, 0x00, 0x00,
    0x00, 0x00, 0x00, 0x00, 0x00, 0x00, 0x00, 0x00, 0x00, 0x00, 0x00, 0x00, 0x00, 0x00, 0x00, 0x00,
    0x00, 0x00, 0x00, 0x00, 0x00, 0x00, 0x00, 0x00, 0x00, 0x00, 0x00, 0x00, 0x00, 0x00, 0x00, 0x00,
    0x00, 0x00, 0x00, 0x00, 0x00, 0x00, 0x00, 0x00, 0x00, 0x00, 0x00, 0x00, 0x00, 0x00, 0x00, 0x00,
    0x00, 0x00, 0x00, 0x00, 0x00, 0x00, 0x00, 0x00, 0x00, 0x00, 0x00, 0x00, 0x00, 0x00, 0x00, 0x00,
    0x00, 0x00, 0x00, 0x00, 0x00, 0x00, 0x00, 0x00, 0x00, 0x00, 0x00, 0x00, 0x00, 0x00, 0x00, 0x00,
    0x00, 0x00, 0x00, 0x00, 0x00, 0x00, 0x00, 0x00, 0x00, 0x00, 0x00, 0xF8, 0x02, 0x00, 0x00, 0x00,
    0x00, 0x00, 0x00, 0x00, 0x00, 0x00, 0x00, 0x00, 0x00, 0x00, 0x00, 0x00, 0x00, 0x00, 0x00, 0x00,
    0x00, 0x00, 0x00, 0x00, 0x00, 0x00, 0x00, 0x00, 0x00, 0x00, 0x00, 0x00, 0x00, 0x00, 0x00, 0x00,
    0x00, 0x00, 0x00, 0x00, 0x00, 0x00, 0x00, 0x00, 0x00, 0x00, 0x00, 0x00, 0x00, 0x00, 0x00, 0x00,
    0x00, 0x00, 0x00, 0x00, 0x00, 0x00, 0x00, 0x00, 0x00, 0x00, 0x00, 0x00, 0x00, 0x00, 0x00, 0x00,
    0x00, 0x00, 0x00, 0x00, 0x00, 0x00, 0x00, 0x00, 0x00, 0x00, 0x00, 0x00, 0x00, 0x00, 0x00, 0x00,
    0x00, 0x00, 0x00, 0x00, 0x00, 0x00, 0x00, 0x00, 0x00, 0x00, 0x00, 0x00, 0x00, 0x00, 0x00, 0x00,
    0x00, 0x00, 0x00, 0x00, 0x00, 0x00, 0x00, 0x00, 0x00, 0x00, 0x00, 0x00, 0x00, 0x00, 0x00, 0x00,
    0x00, 0x00, 0x00, 0x00, 0x00, 0x00, 0x00, 0x00, 0x00, 0x00, 0x00, 0x00, 0x00, 0x00, 0x00, 0x00,
    0x00, 0x00, 0x00, 0x00, 0x00, 0x00, 0x00, 0x00, 0x00, 0x00, 0x00, 0x00, 0x00, 0x00, 0x00, 0x00,
    0x00, 0x00, 0x00, 0x00, 0x00, 0x00, 0x00, 0x00, 0x00, 0x00, 0x00, 0x00, 0x00, 0x00, 0x00, 0x00,
    0x00, 0x00, 0x00, 0x00, 0x00, 0x00, 0x00, 0x00, 0x00, 0x00, 0x00, 0x00, 0x00, 0x00, 0x00, 0x00,
    0x00, 0x00, 0x00, 0x00, 0x00, 0x00, 0x00, 0x00, 0x00, 0x00, 0x00, 0x00, 0x00, 0x00, 0x00, 0x00,
    0x00, 0x00, 0x00, 0x00, 0x00, 0x00, 0x00, 0x00, 0x00, 0x00, 0x00, 0x00, 0x00, 0x00, 0x00, 0x00,
    0x00, 0x00, 0x00, 0x00, 0x00, 0x00, 0x00, 0x00, 0x00, 0x00, 0x00, 0x00, 0x00, 0x00, 0x00, 0x00,
    0x00, 0x00, 0x00, 0x00, 0x00, 0x00, 0x00, 0x00, 0x00, 0x00, 0x00, 0x00, 0x00, 0x00, 0x00, 0x00,
    0x00, 0x00, 0x00, 0x00, 0x00, 0x00, 0x00, 0x00, 0x00, 0x00, 0x00, 0x00, 0x00, 0x00, 0x00, 0x00,
    0x00, 0x00, 0x00, 0x00, 0x00, 0x00, 0x00, 0x00, 0x00, 0x00, 0x00, 0x00, 0x00, 0x00, 0x00, 0x00,
    0x00, 0x00, 0x00, 0x00, 0x00, 0x00, 0x00, 0x00, 0x00, 0x00, 0x00, 0x00, 0x00, 0x00, 0x00, 0x00,
    0x00, 0x00, 0x00, 0x00, 0x00, 0x00, 0x00, 0x00, 0x00, 0x00, 0x00, 0x00, 0x00, 0x00, 0x00, 0x00,
    0x00, 0x00, 0x00, 0x00, 0x00, 0x00, 0x00, 0x00, 0x00, 0x00, 0x00, 0x00, 0x00, 0x00, 0x00, 0x00,
    0x00, 0x00, 0x00, 0x00, 0x00, 0x00, 0x00, 0x00, 0x00, 0x00, 0x00, 0x00, 0x00, 0x00, 0x00, 0x00,
    0x00, 0x00, 0x00, 0x00, 0x00, 0x00, 0x00, 0x00, 0x00, 0x00, 0x00, 0x00, 0x00, 0x00, 0x00, 0x00,
    0x00, 0x00, 0x00, 0x00, 0x00, 0x00, 0x00, 0x00, 0x00, 0x00, 0x00, 0x00, 0x00, 0x00, 0x00, 0x00,
    0x00, 0x00, 0x00, 0x00, 0x00, 0x00, 0x00, 0x00, 0x00, 0x00, 0x00, 0x00, 0x00, 0x00, 0x00, 0x00,
    0x00, 0x00, 0x00, 0x00, 0x00, 0x00, 0x00, 0x00, 0x00, 0x00, 0x00, 0x00, 0x00, 0x00, 0x00, 0x00,
    0x00, 0x00, 0x00, 0x00, 0x00, 0x00, 0x00, 0x00, 0x00, 0x00, 0x00, 0x00, 0x00, 0x00, 0x00, 0x00,
    0x00, 0x00, 0x00, 0x00, 0x00, 0x00, 0x00, 0x00, 0x00, 0x00, 0x00, 0x00, 0x00, 0x00, 0x00, 0x00,
    0x00, 0x00, 0x00, 0x00, 0x00, 0x00, 0x00, 0x00, 0x00, 0x00, 0x00, 0x00, 0x00, 0x00, 0x00, 0x00,
    0x00, 0x00, 0x00, 0x00, 0x00, 0x00, 0x00, 0x00, 0x00, 0x00, 0x00, 0x00, 0x00, 0x00, 0x00, 0x00,
    0x00, 0x00, 0x00, 0x00, 0x00, 0x00, 0x00, 0x00, 0x00, 0x00, 0x00, 0x00, 0x00, 0x00, 0x00, 0x00,
    0x00, 0x00, 0x00, 0x00, 0x00, 0x00, 0x00, 0x00, 0x00, 0x00, 0x00, 0x00, 0x00, 0x00, 0x00, 0x00,
    0x00, 0x00, 0x00, 0x00, 0x00, 0x00, 0x00, 0x00, 0x00, 0x00, 0x00, 0x00, 0x00, 0x00, 0x00, 0x00,
    0x00, 0x00, 0x00, 0x00, 0x00, 0x00, 0x00, 0x00, 0x00, 0x00, 0x00, 0x00, 0x00, 0x00, 0x00, 0x00,
    0x00, 0x00, 0x00, 0x00, 0x00, 0x00, 0x00, 0x00, 0x00, 0x00, 0x00, 0x00, 0x00, 0x00, 0x00, 0x00,
    0x00, 0x00, 0x00, 0x00, 0x00, 0x00, 0x00, 0x00, 0x00, 0x00, 0x00, 0x00, 0x00, 0x00, 0x00, 0x00,
    0x00, 0x00, 0x00, 0x00, 0x00, 0x00, 0x00, 0x00, 0x00, 0x00, 0x00, 0x00, 0x00, 0x00, 0x00, 0x00,
    0x00, 0x00, 0x00, 0x00, 0x00, 0x00, 0x00, 0x00, 0x00, 0x00, 0x00, 0x00, 0x00, 0x00, 0x00, 0x00,
    0x00, 0x00, 0x00, 0x00, 0x00, 0x00, 0x00, 0x00, 0x00, 0x00, 0x00, 0x00, 0x00, 0x00, 0x00, 0x00,
    0x00, 0x00, 0x00, 0x00, 0x00, 0x00, 0x00, 0x00, 0x00, 0x00, 0x00, 0x00, 0x00, 0x00, 0x00, 0x00,
    0x00, 0x00, 0x00, 0x00, 0x00, 0x00, 0x00, 0x00, 0x00, 0x00, 0x00, 0x00, 0x00, 0x00, 0x00, 0x00,
    0x00, 0x00, 0x00, 0x00, 0x00, 0x00, 0x00, 0x00, 0x00, 0x00, 0x00, 0x00, 0x00, 0x00, 0x00, 0x00,
    0x00, 0x00, 0x00, 0x00, 0x00, 0x00, 0x00, 0x00, 0x00, 0x00, 0x00, 0x00, 0x00, 0x00, 0x00, 0x00,
    0x00, 0x00, 0x00, 0x00, 0x00, 0x00, 0x00, 0x00, 0x00, 0x00, 0x00, 0x00, 0x00, 0x00, 0x00, 0x00,
    0x00, 0x00, 0x00, 0x00, 0x00, 0x00, 0x00, 0x00, 0x00, 0x00, 0x00, 0x00, 0x00, 0x00, 0x00, 0x00,
    0x00, 0x00, 0x00, 0x00, 0x00, 0x00, 0x00, 0x00, 0x00, 0x00, 0x00, 0x00, 0x00, 0x00, 0x00, 0x00,
    0x00, 0x00, 0x00, 0x00, 0x00, 0x00, 0x00, 0x00, 0x00, 0x00, 0x00, 0x00, 0x00, 0x00, 0x00, 0x00,
    0x00, 0x00, 0x00, 0x00, 0x00, 0x00, 0x00, 0x00, 0x00, 0x00, 0x00, 0x00, 0x00, 0x00, 0x00, 0x00,
    0x00, 0x00, 0x00, 0x00, 0x00, 0x00, 0x00, 0x00, 0x00, 0x00, 0x00, 0x00, 0x00, 0x00, 0x00, 0x00,
    0x00, 0x00, 0x00, 0x00, 0x00, 0x00, 0x00, 0x00, 0x00, 0x00, 0x00, 0x00, 0x00, 0x00, 0x00, 0x00,
    0x00, 0x00, 0x00, 0x00, 0x00, 0x00, 0x00, 0x00, 0x00, 0x00, 0x00, 0x00, 0x00, 0x00, 0x00, 0x00,
    0x00, 0x00, 0x00, 0x00, 0x00, 0x00, 0x00, 0x00, 0x00, 0x00, 0x00, 0x00, 0x00, 0x00, 0x00, 0x00,
    0x00, 0x00, 0x00, 0x00, 0x00, 0x00, 0x00, 0x00, 0x00, 0x00, 0x00, 0x00, 0x00, 0x00, 0x00, 0x00,
    0x00, 0x00, 0x00, 0x00, 0x00, 0x00, 0x00, 0x00, 0x00, 0x00, 0x00, 0x00, 0x00, 0x00, 0x00, 0x00,
    0x00, 0x00, 0x00, 0x00, 0x00, 0x00, 0x00, 0x00, 0x00, 0x00, 0x00, 0x00, 0x00, 0x00, 0x00, 0x00,
    0x00, 0x00, 0x00, 0x00, 0x00, 0x00, 0x00, 0x00, 0x00, 0x00, 0x00, 0x00, 0x00, 0x00, 0x00, 0x00,
    0x00, 0x00, 0x00, 0x00, 0x00, 0x00, 0x00, 0x00, 0x00, 0x00, 0x00, 0x00, 0x00, 0x00, 0x00, 0x00,
    0x00, 0x00, 0x00, 0x00, 0x00, 0x00, 0x00, 0x00, 0x00, 0x00, 0x00, 0x00, 0x00, 0x00, 0x00, 0x00,
    0x00, 0x00, 0x00, 0x00, 0x00, 0x00, 0x00, 0x00, 0x00, 0x00, 0x00, 0x00, 0x00, 0x00, 0x00, 0x00,
    0x00, 0x00, 0x00, 0x00, 0x00, 0x00, 0x00, 0x00, 0x00, 0x00, 0x00, 0x00, 0x00, 0x00, 0x00, 0x00,
    0x00, 0x00, 0x00, 0x00, 0x00, 0x00, 0x00, 0x00, 0x00, 0x00, 0x00, 0x00, 0x00, 0x00, 0x00, 0x00,
    0x00, 0x00, 0x00, 0x00, 0x00, 0x00, 0x00, 0x00, 0x00, 0x00, 0x00, 0x00, 0x00, 0x00, 0x00, 0x00,
    0x00, 0x00, 0x00, 0x00, 0x00, 0x00, 0x00, 0x00, 0x00, 0x00, 0x00, 0x00, 0x00, 0x00, 0x00, 0x00,
    0x00, 0x00, 0x00, 0x00, 0x00, 0x00, 0x00, 0x00, 0x00, 0x00, 0x00, 0x00, 0x00, 0x00, 0x00, 0x00,
    0x00, 0x00, 0x00, 0x00, 0x00, 0x00, 0x00, 0x00, 0x00, 0x00, 0x00, 0x00, 0x00, 0x00, 0x00, 0x00,
    0x00, 0x00, 0x00, 0x00, 0x00, 0x00, 0x00, 0x00, 0x00, 0x00, 0x00, 0x00, 0x00, 0x00, 0x00, 0x00,
    0x00, 0x00, 0x00, 0x00, 0x00, 0x00, 0x00, 0x00, 0x00, 0x00, 0x00, 0x00, 0x00, 0x00, 0x00, 0x00,
    0x00, 0x00, 0x00, 0x00, 0x00, 0x00, 0x00, 0x00, 0x00, 0x00, 0x00, 0x00, 0x00, 0x00, 0x00, 0x00,
    0x00, 0x00, 0x00, 0x00, 0x00, 0x00, 0x00, 0x00, 0x00, 0x00, 0x00, 0x00, 0x00, 0x00, 0x00, 0x00,
    0x00, 0x00, 0x00, 0x00, 0x00, 0x00, 0x00, 0x00, 0x00, 0x00, 0x00, 0x00, 0x00, 0x00, 0x00, 0x00,
    0x00, 0x00, 0x00, 0x00, 0x00, 0x00, 0x00, 0x00, 0x00, 0x00, 0x00, 0x00, 0x00, 0x00, 0x00, 0x00,
    0x00, 0x00, 0x00, 0x00, 0x00, 0x00, 0x00, 0x00, 0x00, 0x00, 0x00, 0x00, 0x00, 0x00, 0x00, 0x00,
    0x00, 0x00, 0x00, 0x00, 0x00, 0x00, 0x00, 0x00, 0x00, 0x00, 0x00, 0x00, 0x00, 0x00, 0x00, 0x00,
    0x00, 0x00, 0x00, 0x00, 0x00, 0x00, 0x00, 0x00, 0x00, 0x00, 0x00, 0x00, 0x00, 0x00, 0x00, 0x00,
    0x00, 0x00, 0x00, 0x00, 0x00, 0x00, 0x00, 0x00, 0x00, 0x00, 0x00, 0x00, 0x00, 0x00, 0x00, 0x00,
    0x00, 0x00, 0x00, 0x00, 0x00, 0x00, 0x00, 0x00, 0x00, 0x00, 0x00, 0x00, 0x00, 0x00, 0x00, 0x00,
    0x00, 0x00, 0x00, 0x00, 0x00, 0x00, 0x00, 0x00, 0x00, 0x00, 0x00, 0x00, 0x00, 0x00, 0x00, 0x00,
    0x00, 0x00, 0x00, 0x00, 0x00, 0x00, 0x00, 0x00, 0x00, 0x00, 0x00, 0x00, 0x00, 0x00, 0x00, 0x00,
    0x00, 0x00, 0x00, 0x00, 0x00, 0x00, 0x00, 0x00, 0x00, 0x00, 0x00, 0x00, 0x00, 0x00, 0x00, 0x00,
    0x00, 0x00, 0x00, 0x00, 0x00, 0x00, 0x00, 0x00, 0x00, 0x00, 0x00, 0x00, 0x00, 0x00, 0x00, 0x00,
    0x00, 0x00, 0x00, 0x00, 0x00, 0x00, 0x00, 0x00, 0x00, 0x00, 0x00, 0x00, 0x00, 0x00, 0x00, 0x00,
    0x00, 0x00, 0x00, 0x00, 0x00, 0x00, 0x00, 0x00, 0x00, 0x00, 0x00, 0x00, 0x00, 0x00, 0x00, 0x00,
    0x00, 0x00, 0x00, 0x00, 0x00, 0x00, 0x00, 0x00, 0x00, 0x00, 0x00, 0x00, 0x00, 0x00, 0x00, 0x00,
    0x00, 0x00, 0x00, 0x00, 0x00, 0x00, 0x00, 0x00, 0x00, 0x00, 0x00, 0x00, 0x00, 0x00, 0x00, 0x00,
    0x00, 0x00, 0x00, 0x00, 0x00, 0x00, 0x00, 0x00, 0x00, 0x00, 0x00, 0x00, 0x00, 0x00, 0x00, 0x00,
    0x00, 0x00, 0x00, 0x00, 0x00, 0x00, 0x00, 0x00, 0x00, 0x00, 0x00, 0x00, 0x00, 0x00, 0x00, 0x00,
    0x00, 0x00, 0x00, 0x00, 0x00, 0x00, 0x00, 0x00, 0x00, 0x00, 0x00, 0x00, 0x00, 0x00, 0x00, 0x00,
    0x00, 0x00, 0x00, 0x00, 0x00, 0x00, 0x00, 0x00, 0x00, 0x00, 0x00, 0x00, 0x00, 0x00, 0x00, 0x00,
    0x00, 0x00, 0x00, 0x00, 0x00, 0x00, 0x00, 0x00, 0x00, 0x00, 0x00, 0x00, 0x00, 0x00, 0x00, 0x00,
    0x00, 0x00, 0x00, 0x00, 0x00, 0x00, 0x00, 0x00, 0x00, 0x00, 0x00, 0x00, 0x00, 0x00, 0x00, 0x00,
    0x00, 0x00, 0x00, 0x00, 0x00, 0x00, 0x00, 0x00, 0x00, 0x00, 0x00, 0x00, 0x00, 0x00, 0x00, 0x00,
    0x00, 0x00, 0x00, 0x00, 0x00, 0x00, 0x00, 0x00, 0x00, 0x00, 0x00, 0x00, 0x00, 0x00, 0x00, 0x00,
    0x00, 0x00, 0x00, 0x00, 0x00, 0x00, 0x00, 0x00, 0x00, 0x00, 0x00, 0x00, 0x00, 0x00, 0x00, 0x00,
    0x00, 0x00, 0x00, 0x00, 0x00, 0x00, 0x00, 0x00, 0x00, 0x00, 0x00, 0x00, 0x00, 0x00, 0x00, 0x00,
    0x00, 0x00, 0x00, 0x00, 0x00, 0x00, 0x00, 0x00, 0x00, 0x00, 0x00, 0x00, 0x00, 0x00, 0x00, 0x00,
    0x00, 0x00, 0x00, 0x00, 0x00, 0x00, 0x00, 0x00, 0x00, 0x00, 0x00, 0x00, 0x00, 0x00, 0x00, 0x00,
    0x00, 0x00, 0x00, 0x00, 0x00, 0x00, 0x00, 0x00, 0x00, 0x00, 0x00, 0x00, 0x00, 0x00, 0x00, 0x00,
    0x00, 0x00, 0x00, 0x00, 0x00, 0x00, 0x00, 0x00, 0x00, 0x00, 0x00, 0x00, 0x00, 0x00, 0x00, 0x00,
    0x00, 0x00, 0x00, 0x00, 0x00, 0x00, 0x00, 0x00, 0x00, 0x00, 0x00, 0x00, 0x00, 0x00, 0x00, 0x00,
    0x00, 0x00, 0x00, 0x00, 0x00, 0x00, 0x00, 0x00, 0x00, 0x00, 0x00, 0x00, 0x00, 0x00, 0x00, 0x00,
    0x00, 0x00, 0x00, 0x00, 0x00, 0x00, 0x00, 0x00, 0x00, 0x00, 0x00, 0x00, 0x00, 0x00, 0x00, 0x00,
    0x00, 0x00, 0x00, 0x00, 0x00, 0x00, 0x00, 0x00, 0x00, 0x00, 0x00, 0x00, 0x00, 0x00, 0x00, 0x00,
    0x00, 0x00, 0x00, 0x00, 0x00, 0x00, 0x00, 0x00, 0x00, 0x00, 0x00, 0x00, 0x00, 0x00, 0x00, 0x00,
    0x00, 0x00, 0x00, 0x00, 0x00, 0x00, 0x00, 0x00, 0x00, 0x00, 0x00, 0x00, 0x00, 0x00, 0x00, 0x00,
    0x00, 0x00, 0x00, 0x00, 0x00, 0x00, 0x00, 0x00, 0x00, 0x00, 0x00, 0x00, 0x00, 0x00, 0x00, 0x00,
    0x00, 0x00, 0x00, 0x00, 0x00, 0x00, 0x00, 0x00, 0x00, 0x00, 0x00, 0x00, 0x00, 0x00, 0x00, 0x00,
    0x00, 0x00, 0x00, 0x00, 0x00, 0x00, 0x00, 0x00, 0x00, 0x00, 0x00, 0x00, 0x00, 0x00, 0x00, 0x00,
    0x00, 0x00, 0x00, 0x00, 0x00, 0x00, 0x00, 0x00, 0x00, 0x00, 0x00, 0x00, 0x00, 0x00, 0x00, 0x00,
    0x00, 0x00, 0x00, 0x00, 0x00, 0x00, 0x00, 0x00, 0x00, 0x00, 0x00, 0x00, 0x00, 0x00, 0x00, 0x00,
    0x00, 0x00, 0x00, 0x00, 0x00, 0x00, 0x00, 0x00, 0x00, 0x00, 0x00, 0x00, 0x00, 0x00, 0x00, 0x00,
    0x00, 0x00, 0x00, 0x00, 0x00, 0x00, 0x00, 0x00, 0x00, 0x00, 0x00, 0x00, 0x00, 0x00, 0x00, 0x00,
    0x00, 0x00, 0x00, 0x00, 0x00, 0x00, 0x00, 0x00, 0x00, 0x00, 0x00, 0x00, 0x00, 0x00, 0x00, 0x00,
    0x00, 0x00, 0x00, 0x00, 0x00, 0x00, 0x00, 0x00, 0x00, 0x00, 0x00, 0x00, 0x00, 0x00, 0x00, 0x00,
    0x00, 0x00, 0x00, 0x00, 0x60, 0x00, 0x06, 0x60, 0x00, 0x60, 0x03, 0x00, 0x00, 0x00, 0x00, 0x00,
    0x00, 0x00, 0x00, 0x00, 0x00, 0x00, 0x00, 0x00, 0x00, 0x00, 0x00, 0x00, 0x00, 0x00, 0x00, 0x00,
    0x00, 0x00, 0x00, 0x00, 0x00, 0x00, 0x00, 0x00, 0x00, 0x00, 0x00, 0x00, 0x00, 0x00, 0x00, 0x00,
    0x00, 0x00, 0x00, 0x00, 0x00, 0x00, 0x00, 0x03, 0x00, 0x00, 0x00, 0x00, 0x00, 0x00, 0x00, 0x00,
    0x00, 0x00, 0x00, 0x00, 0x00, 0x00, 0x00, 0x00, 0x00, 0x00, 0x00, 0x00, 0x00, 0x00, 0x00, 0x00,
    0x00, 0x00, 0x00, 0x00, 0x00, 0x00, 0x00, 0x00, 0x00, 0x00, 0x00, 0x00, 0x00, 0x00, 0x00, 0x00,
    0x00, 0x00, 0x00, 0x00, 0x00, 0x00, 0x00, 0x00, 0x00, 0x00, 0x60, 0x00, 0x00, 0x00, 0x00, 0x00,
    0x00, 0x00, 0x00, 0x20, 0xD7, 0xBF, 0xFF, 0xDF, 0x00, 0x00, 0x17, 0x00, 0x00, 0x00, 0x00, 0x00,
    0x00, 0xF8, 0xFF, 0xFB, 0xFB, 0x7F, 0x7F, 0xFF, 0x0F, 0x00, 0x00, 0x00, 0x00, 0x00, 0x00, 0x00,
    0x00, 0x00, 0x00, 0x00, 0x00, 0x00, 0x00, 0x00, 0x00, 0x00, 0x00, 0x00, 0x00, 0x00, 0x00, 0x00,
    0x00, 0x00, 0x00, 0x00, 0x00, 0x00, 0x00, 0x00, 0x00, 0x00, 0x00, 0x00, 0x00, 0x00, 0x00, 0x00,
    0x00, 0x00, 0x00, 0x00, 0x00, 0x00, 0x00, 0x00, 0x00, 0x00, 0x00, 0x00, 0x00, 0x00, 0x00, 0xEE,
    0xEE, 0xEF, 0xBD, 0xBD, 0xEF, 0xBD, 0x37, 0x00, 0xE0, 0xBE, 0xEF, 0xBE, 0x7F, 0xEF, 0xEE, 0xBF,
    0xFF, 0xEE, 0x1D, 0x00, 0x00, 0x00, 0x00, 0x00, 0x00, 0x00, 0x00, 0x00, 0x00, 0x00, 0x00, 0x00,
    0x00, 0x00, 0x00, 0x00, 0x00, 0x00, 0x00, 0x00, 0x00, 0x00, 0x00, 0x00, 0x00, 0x00, 0x00, 0x00,
    0x00, 0x00, 0x00, 0x00, 0x00, 0x00, 0x00, 0x00, 0x00, 0x00, 0x00, 0x00, 0x00, 0x00, 0x00, 0x00,
    0x00, 0x00, 0x00, 0x00, 0x00, 0x00, 0x00, 0x00, 0x00, 0x00, 0x00, 0x00, 0x00, 0x00, 0x00, 0x00,
    0x00, 0x00, 0x00, 0x00, 0x00, 0x00, 0x00, 0x00, 0x00, 0x00, 0x00, 0x00, 0x00, 0x00, 0x00, 0x00,
    0x00, 0x00, 0x00, 0x00, 0x00, 0x00, 0x00, 0x00, 0xD6, 0x0F, 0x00, 0x00, 0x00, 0x00, 0x00, 0x00,
    0x00, 0x00, 0x00, 0x00, 0x00, 0x00, 0x00, 0x00, 0x00, 0x00, 0x00, 0x00, 0x00, 0x00, 0x00, 0x00,
    0x00, 0x00, 0x00, 0x00, 0x00, 0x00, 0x00, 0x00, 0x00, 0x00, 0x00, 0x00, 0x00, 0x00, 0x00, 0x00,
    0x00, 0x00, 0x00, 0x00, 0x00, 0x00, 0x00, 0x00, 0x00, 0x00, 0x00, 0x00, 0x00, 0x00, 0x00, 0x00,
    0x00, 0x00, 0x00, 0x00, 0x00, 0x00, 0x00, 0x00, 0x00, 0x00, 0x00, 0x00, 0x00, 0x00, 0x00, 0x00,
    0x00, 0x00, 0x00, 0x00, 0x00, 0x00, 0x00, 0x00, 0x00, 0x00, 0x00, 0x00, 0x00, 0x00, 0x00, 0x00,
    0x00, 0x00, 0x00, 0x00, 0x00, 0x00, 0x00, 0x00, 0x00, 0x00, 0x00, 0x00, 0x00, 0x00, 0x00, 0x00,
    0x00, 0x00, 0x00, 0x00, 0x00, 0x00, 0x00, 0x00, 0x00, 0x00, 0x00, 0x00, 0x00, 0x00, 0x00, 0x00,
    0x00, 0x00, 0x00, 0x00, 0xF8, 0xFF, 0x01, 0x00, 0xFF, 0xFF, 0xFF, 0x00, 0x00, 0x00, 0x80, 0xFF,
    0x3F, 0x00, 0x00, 0x80, 0x0F, 0xFE, 0xFF, 0x00, 0x7C, 0x80, 0xFF, 0xFF, 0xFF, 0x0F, 0x00, 0x00,
    0x00, 0x00, 0x00, 0x76, 0xFF, 0xFF, 0xF7, 0xFF, 0xDB, 0xBF, 0xFF, 0x01, 0x00, 0x00, 0x00, 0x00,
    0x00, 0x00, 0x00, 0x00, 0x00, 0x00, 0x00, 0x00, 0x00, 0x00, 0x00, 0x00, 0x00, 0x00, 0x00, 0x00,
    0x00, 0x00, 0x00, 0x00, 0x00, 0x00, 0x00, 0x30, 0x00, 0x00, 0x00, 0x00, 0x00, 0x00, 0x00, 0x00,
    0x00, 0x00, 0x00, 0x30, 0x00, 0x00, 0x00, 0x00, 0x00, 0x38, 0x00, 0x00, 0x00, 0x00, 0x00, 0x00,
    0x00, 0x00, 0x00, 0x00, 0x00, 0x00, 0x00, 0x00, 0x00, 0x00, 0x00, 0x00, 0x00, 0x00, 0x00, 0x00,
    0x00, 0x00, 0x00, 0x00, 0x00, 0x00, 0x00, 0x00, 0x00, 0x00, 0x00, 0x00, 0x00, 0x00, 0x00, 0x00,
    0x00, 0x00, 0x00, 0x00, 0x00, 0x00, 0x00, 0x00, 0x00, 0x00, 0x00, 0x00, 0x00, 0x00, 0x00, 0x00,
    0x00, 0x00, 0x00, 0x00, 0x00, 0x00, 0x00, 0x00, 0x00, 0x00, 0x00, 0x00, 0x00, 0x00, 0x00, 0x00,
    0x00, 0x00, 0x00, 0x00, 0x00, 0x00, 0x00, 0x00, 0x00, 0x00, 0x00, 0x00, 0x00, 0x00, 0x00, 0x00,
    0x00, 0x00, 0x00, 0x00, 0x00, 0x00, 0x00, 0x00, 0x00, 0x00, 0x00, 0x00, 0x00, 0x00, 0x00, 0x00,
    0x00, 0x00, 0x00, 0x00, 0x00, 0x00, 0x00, 0x00, 0x00, 0x00, 0x00, 0x0C, 0x00, 0x00, 0x00, 0x00,
    0x00, 0x00, 0x00, 0x00, 0x00, 0xFF, 0x03, 0x00, 0x00, 0x00, 0x00, 0x00, 0x00, 0x00, 0x00, 0x00,
    0x00, 0x00, 0x00, 0x00, 0x00, 0x00, 0x00, 0x00, 0x00, 0x00, 0x00, 0x00, 0x00, 0x00, 0x00, 0x00,
    0x00, 0x00, 0x00, 0x00, 0x00, 0x00, 0x00, 0x00, 0x00, 0x00, 0x00, 0x00, 0x00, 0x00, 0x00, 0x00,
    0x00, 0x00, 0x00, 0x00, 0x00, 0x00, 0x00, 0x00, 0x00, 0x00, 0x00, 0x00, 0x00, 0x00, 0x00, 0x00,
    0x00, 0x00, 0x00, 0x00, 0x00, 0x00, 0x00, 0x00, 0x00, 0x00, 0x00, 0x00, 0x00, 0x00, 0x00, 0x00,
    0x00, 0x00, 0x00, 0x00, 0x00, 0x00, 0x00, 0x00, 0x00, 0x00, 0x00, 0x00, 0x00, 0x00, 0x00, 0x00,
    0x00, 0x00, 0x00, 0x00, 0x00, 0x00, 0x00, 0x00, 0x00, 0x00, 0x00, 0x00, 0x00, 0x00, 0x00, 0x00,
    0x00, 0x00, 0x00, 0x00, 0x00, 0x00, 0x00, 0x00, 0x00, 0x00, 0x00, 0x00, 0x00, 0x00, 0x00, 0x00,
    0x00, 0x00, 0x00, 0x00, 0x00, 0x00, 0x00, 0x00, 0x00, 0x00, 0x00, 0x00, 0x00, 0x00, 0x00, 0x00,
    0x00, 0x00, 0x00, 0x00, 0x00, 0x00, 0x00, 0x00, 0x00, 0x00, 0x00, 0x00, 0x00, 0x00, 0x00, 0x00,
    0x00, 0x00, 0x00, 0x00, 0x00, 0x00, 0x00, 0x00, 0x00, 0x00, 0x00, 0x00, 0x00, 0x00, 0x00, 0x00,
    0x00, 0x00, 0x00, 0x00, 0x00, 0x00, 0x00, 0x00, 0x00, 0x00, 0x00, 0x00, 0x00, 0x00, 0x00, 0x00,
    0x00, 0x00, 0x00, 0x00, 0x00, 0x00, 0x00, 0x00, 0x00, 0x00, 0x00, 0x00, 0x00, 0x00, 0x00, 0x00,
    0x00, 0x00, 0x00, 0x00, 0x00, 0x00, 0x00, 0x00, 0x00, 0x00, 0x00, 0x00, 0x00, 0x00, 0x00, 0x00,
    0x00, 0x00, 0x00, 0x00, 0x00, 0x00, 0x00, 0x00, 0xC0, 0xB7, 0x7F, 0x3B, 0x00, 0x00, 0x00, 0x00,
    0x00, 0x00, 0x00, 0x00, 0x00, 0x00, 0x00, 0x00, 0x00, 0x00, 0x00, 0x00, 0x00, 0x00, 0x00, 0x00,
    0x00, 0x00, 0x00, 0x00, 0x00, 0x00, 0x00, 0x00, 0x00, 0x00, 0x00, 0x00, 0x00, 0x00, 0x00, 0x00,
    0x00, 0x00, 0x00, 0x00, 0x00, 0x00, 0x00, 0x00, 0x00, 0x00, 0x00, 0x00, 0x00, 0x00, 0x00, 0x00,
    0x00, 0x00, 0x00, 0x00, 0x00, 0x00, 0x00, 0x00, 0x00, 0x00, 0x00, 0x00, 0x00, 0x00, 0x00, 0x00,
    0x00, 0x00, 0x00, 0x00, 0x00, 0x00, 0x00, 0x00, 0x00, 0x00, 0x00, 0x00, 0x00, 0x00, 0x00, 0x00,
    0x00, 0x00, 0x00, 0x00, 0x00, 0x00, 0x00, 0x00, 0x00, 0x00, 0x00, 0x00, 0x00, 0x00, 0x00, 0x00,
    0x00, 0x00, 0x00, 0x00, 0x00, 0x00, 0x00, 0x00, 0x00, 0x00, 0x00, 0x00, 0x00, 0x00, 0x00, 0x00,
    0x00, 0x00, 0x00, 0x00, 0x00, 0x00, 0x00, 0x00, 0x00, 0x00, 0x00, 0x00, 0x00, 0x00, 0x00, 0x00,
    0x00, 0x00, 0x00, 0x00, 0x00, 0x00, 0x00, 0x00, 0x00, 0x00, 0x00, 0x00, 0x00, 0x00, 0x00, 0x00,
    0x00, 0x00, 0x00, 0x00, 0x00, 0x00, 0x00, 0x00, 0xFC, 0xFF, 0x00, 0x00, 0x00, 0x00, 0x00, 0x00,
    0x00, 0x00, 0x00, 0x00, 0x00, 0x00, 0x00, 0x00, 0x00, 0x00, 0x00, 0x00, 0x00, 0x00, 0x00, 0x00,
    0x00, 0x00, 0x00, 0x00, 0x00, 0x00, 0x00, 0x00, 0x38, 0x00, 0x00, 0x00, 0x00, 0xC0, 0xF7, 0xEF,
    0xFE, 0x1D, 0x00, 0x00, 0x00, 0x00, 0x00, 0x00, 0x00, 0x00, 0x00, 0x00, 0x00, 0x00, 0x00, 0x00,
    0x00, 0x00, 0x00, 0x00, 0x00, 0x00, 0x00, 0x00, 0x00, 0x00, 0x00, 0x00, 0x00, 0x00, 0x00, 0x00,
    0x00, 0x00, 0x00, 0x00, 0x00, 0x00, 0x00, 0x00, 0x00, 0x00, 0x00, 0x00, 0x00, 0x00, 0x00, 0x00,
    0x00, 0x00, 0x00, 0x00, 0x00, 0x00, 0x00, 0x00, 0x00, 0x00, 0x00, 0x00, 0x00, 0x00, 0x00, 0x00,
    0x00, 0x00, 0x00, 0x00, 0x00, 0x00, 0x00, 0x00, 0x00, 0x00, 0x00, 0x00, 0x00, 0x00, 0x00, 0x00,
    0x00, 0x00, 0x00, 0x00, 0x00, 0x00, 0x00, 0x00, 0x00, 0x00, 0x00, 0x00, 0x00, 0x00, 0x00, 0x00,
    0x00, 0x00, 0x00, 0x00, 0x00, 0x00, 0x00, 0x00, 0x00, 0x00, 0x00, 0x00, 0x00, 0x00, 0x00, 0x00,
    0x00, 0x00, 0x00, 0x00, 0x00, 0x00, 0x00, 0x00, 0x00, 0x00, 0x00, 0x00, 0x00, 0x00, 0x00, 0x00,
    0x00, 0x00, 0x00, 0x00, 0x00, 0x00, 0x00, 0x00, 0x00, 0x00, 0x00, 0x00, 0x00, 0x00, 0x00, 0x00,
    0x00, 0x00, 0x00, 0x00, 0x00, 0x00, 0x00, 0x00, 0x00, 0x00, 0x00, 0x00, 0x00, 0x00, 0x00, 0x00,
    0x00, 0x00, 0x00, 0x00, 0x00, 0x00, 0x00, 0x00, 0x00, 0x00, 0x00, 0x00, 0x00, 0x00, 0x00, 0x00,
    0x00, 0x00, 0x00, 0x00, 0x00, 0x00, 0x00, 0x00, 0x00, 0x00, 0x00, 0x00, 0x00, 0x00, 0x00, 0x00,
    0x00, 0x00, 0x00, 0x00, 0x00, 0x00, 0x00, 0x00, 0x00, 0x00, 0x00, 0x00, 0x00, 0x00, 0x00, 0x00,
    0x00, 0x00, 0x00, 0x00, 0x00, 0x00, 0x00, 0x00, 0x00, 0x00, 0x00, 0x00, 0x00, 0x00, 0x00, 0x00,
    0x00, 0x00, 0x07, 0x00, 0x00, 0x00, 0x00, 0x00, 0x00, 0x00, 0x00, 0x00, 0x00, 0x00, 0x00, 0x00,
    0x00, 0x00, 0x00, 0x00, 0x00, 0x00, 0x00, 0x00, 0x00, 0x00, 0x00, 0x00, 0x00, 0x00, 0x00, 0x00,
    0x00, 0x00, 0x00, 0x00, 0x00, 0x00, 0x00, 0x00, 0x00, 0x00, 0x00, 0x00, 0x00, 0x00, 0x00, 0x00,
    0x00, 0x00, 0x00, 0x00, 0x00, 0x00, 0x00, 0x00, 0x00, 0x00, 0x00, 0x00, 0x00, 0x00, 0x00, 0x00,
    0x00, 0x00, 0x00, 0x00, 0x00, 0x00, 0x00, 0x00, 0x00, 0x00, 0x00, 0x00, 0x00, 0x00, 0x00, 0x00,
    0x00, 0x00, 0x00, 0x00, 0x00, 0x00, 0x00, 0x00, 0x00, 0x00, 0x00, 0x00, 0x00, 0x00, 0x00, 0x00,
    0x00, 0x00, 0x00, 0x00, 0x00, 0x00, 0x00, 0x00, 0x00, 0x00, 0x00, 0x00, 0x00, 0x00, 0x00, 0x00,
    0x00, 0x00, 0x00, 0x00, 0x00, 0x00, 0x00, 0x00, 0x00, 0x00, 0x00, 0x00, 0x00, 0x00, 0x00, 0x00,
    0x00, 0x00, 0x00, 0x00, 0x00, 0x00, 0x00, 0x00, 0x00, 0x00, 0x00, 0x00, 0x00, 0x00, 0x00, 0x00,
    0x00, 0x00, 0x00, 0x00, 0x00, 0x00, 0x00, 0x00, 0x00, 0x00, 0x00, 0x00, 0x00, 0x00, 0x00, 0x00,
    0x00, 0x00, 0x00, 0x00, 0x00, 0x00, 0x00, 0x00, 0x00, 0x00, 0x00, 0x60, 0x00, 0x00, 0x00, 0x00,
    0x00, 0x00, 0x00, 0x00, 0x00, 0x00, 0x00, 0x00, 0x00, 0x00, 0x00, 0x00, 0x00, 0x00, 0x00, 0x00,
    0x00, 0x00, 0x00, 0x00, 0x00, 0x00, 0x00, 0x00, 0x00, 0x00, 0x00, 0x00, 0x00, 0x00, 0x00, 0x00,
    0x00, 0x00, 0x00, 0x00, 0x00, 0x00, 0x00, 0x00, 0x00, 0x00, 0x00, 0x00, 0x00, 0x00, 0x00, 0x00,
    0x00, 0x00, 0x00, 0x00, 0x00, 0x00, 0x00, 0x00, 0x00, 0x00, 0x00, 0x00, 0x00, 0x00, 0x00, 0x00,
    0x00, 0x00, 0x00, 0x00, 0x00, 0x00, 0x00, 0x00, 0x00, 0x00, 0x00, 0x00, 0x00, 0x00, 0x00, 0x00,
    0x00, 0x00, 0x00, 0x00, 0x00, 0x00, 0x00, 0x00, 0x00, 0x00, 0x00, 0x00, 0x00, 0x00, 0x00, 0x00,
    0x00, 0x00, 0x00, 0x00, 0x00, 0x00, 0x00, 0x00, 0x00, 0x00, 0x00, 0x00, 0x00, 0x00, 0x00, 0x00,
    0x00, 0x00, 0x00, 0x00, 0x00, 0x00, 0x00, 0x00, 0x00, 0x0C, 0x00, 0x00, 0x00, 0x00, 0x00, 0x00,
    0x00, 0x00, 0x00, 0x00, 0x00, 0x00, 0x00, 0x00, 0x00, 0x00, 0x00, 0x00, 0x00, 0x00, 0x00, 0x00,
    0x00, 0x00, 0x00, 0x00, 0x00, 0x00, 0x00, 0x00, 0x00, 0x00, 0x00, 0x00, 0x00, 0x00, 0x00, 0x00,
    0x00, 0x00, 0x00, 0x00, 0x00, 0x00, 0x00, 0x00, 0x00, 0x00, 0x00, 0x00, 0x00, 0x00, 0x00, 0x00,
    0x00, 0x00, 0x00, 0x00, 0x00, 0x00, 0x00, 0x00, 0x00, 0x00, 0x00, 0x00, 0x00, 0x00, 0x00, 0x00,
    0x00, 0x00, 0x00, 0x00, 0x00, 0x00, 0x00, 0x00, 0x00, 0x00, 0x00, 0x00, 0x00, 0x00, 0x00, 0x00,
    0x00, 0x00, 0x00, 0x00, 0x00, 0x00, 0x00, 0x00, 0x00, 0x00, 0x00, 0x00, 0xC0, 0x07, 0x00, 0x00,
    0x00, 0x00, 0x00, 0x00, 0x00, 0x00, 0x00, 0x00, 0x00, 0x00, 0x00, 0x00, 0x00, 0x00, 0x00, 0x00,
    0x00, 0x00, 0x00, 0x00, 0x00, 0x00, 0x00, 0x00, 0x00, 0x00, 0x00, 0x00, 0x00, 0x00, 0x00, 0x00,
    0x00, 0x00, 0x00, 0x00, 0x00, 0x00, 0x00, 0x00, 0x00, 0x00, 0x00, 0x00, 0x00, 0x00, 0x00, 0x00,
    0x00, 0x00, 0x00, 0x00, 0x00, 0x00, 0x00, 0x00, 0x03, 0x00, 0x00, 0x00, 0x00, 0x00, 0x00, 0x00,
    0x00, 0x00, 0x00, 0x00, 0x00, 0x00, 0x00, 0x00, 0x00, 0x00, 0x00, 0x00, 0x00, 0x00, 0x00, 0x00,
    0x00, 0x00, 0x00, 0x00, 0x00, 0x00, 0x00, 0x00, 0x00, 0x00, 0x00, 0x00, 0x00, 0x00, 0x00, 0x00,
    0x00, 0xFC, 0xFD, 0xFE, 0xED, 0xFB, 0x00, 0x00, 0x00, 0x00, 0x00, 0x00, 0x00, 0x00, 0x00, 0x00,
    0x00, 0x00, 0x00, 0x00, 0x00, 0x00, 0x00, 0x00, 0x00, 0x00, 0x00, 0x00, 0x00, 0x00, 0x00, 0x00,
    0x00, 0x00, 0x00, 0x00, 0x00, 0x00, 0x00, 0x00, 0x00, 0x00, 0x00, 0x00, 0x00, 0x00, 0x00, 0x00,
    0x00, 0x00, 0x00, 0x00, 0x00, 0x00, 0x00, 0x00, 0x00, 0x00, 0x00, 0x00, 0x00, 0x00, 0x00, 0x00,
    0x00, 0x00, 0x00, 0x00, 0x00, 0x00, 0x00, 0x00, 0xEC, 0xBF, 0xFF, 0xFE, 0x01, 0x00, 0x00, 0x00,
    0x00, 0x00, 0x00, 0x00, 0x00, 0x00, 0x00, 0x00, 0x00, 0x00, 0x00, 0x00, 0x00, 0x00, 0x00, 0x00,
    0x00, 0x00, 0x00, 0x00, 0x00, 0x00, 0x00, 0x00, 0x00, 0x00, 0x00, 0x00, 0x00, 0x00, 0x00, 0x00,
    0x00, 0x00, 0x00, 0x00, 0x00, 0x00, 0x00, 0x00, 0x00, 0x00, 0x00, 0x00, 0x00, 0x00, 0x00, 0x00,
    0x00, 0x00, 0x00, 0x00, 0x00, 0x00, 0x00, 0x00, 0x00, 0x00, 0x00, 0x00, 0x00, 0x00, 0x00, 0x00,
    0x00, 0x00, 0x00, 0x00, 0x00, 0x00, 0x00, 0x00, 0x00, 0x00, 0x00, 0x00, 0x00, 0x00, 0x00, 0x00,
    0x00, 0x00, 0x00, 0x00, 0x00, 0x00, 0x00, 0x00, 0x00, 0x00, 0x00, 0x00, 0x00, 0x00, 0x00, 0x00,
    0x00, 0x00, 0x00, 0x00, 0x00, 0x00, 0x00, 0x00, 0x00, 0x00, 0x00, 0x00, 0x00, 0x00, 0x00, 0x00,
    0x00, 0x00, 0x00, 0x00, 0x00, 0x00, 0x00, 0x00, 0x00, 0x00, 0x00, 0x00, 0x00, 0x00, 0x00, 0x00,
    0x00, 0x00, 0x00, 0x00, 0x00, 0x00, 0x00, 0x00, 0x00, 0x00, 0x00, 0x00, 0x00, 0x00, 0x00, 0x00,
    0x00, 0x00, 0x00, 0x00, 0x00, 0x00, 0x00, 0x00, 0x00, 0x00, 0x00, 0x00, 0x00, 0x00, 0x00, 0x00,
    0x00, 0x00, 0x00, 0x00, 0x00, 0x00, 0x00, 0x00, 0x00, 0x00, 0x00, 0x00, 0x00, 0x00, 0x00, 0x00,
    0x00, 0x00, 0x00, 0x00, 0x00, 0x00, 0x00, 0x00, 0x00, 0x00, 0x00, 0x00, 0x00, 0x00, 0x00, 0x00,
    0x00, 0x00, 0x00, 0x00, 0x00, 0x00, 0x00, 0x00, 0x00, 0x00, 0x00, 0x00, 0x00, 0x00, 0x00, 0x00,
    0x00, 0x00, 0x00, 0x00, 0x00, 0x00, 0x00, 0x00, 0x00, 0x00, 0x00, 0x00, 0x00, 0x00, 0x00, 0x00,
    0x00, 0x00, 0x00, 0x00, 0x00, 0x00, 0x00, 0x00, 0x00, 0x00, 0x00, 0x00, 0x00, 0x00, 0x00, 0x00,
    0x00, 0x00, 0x00, 0x00, 0x00, 0x00, 0x00, 0x00, 0x00, 0x00, 0x00, 0x00, 0x00, 0x00, 0x00, 0x00,
    0x00, 0x00, 0x00, 0x00, 0x00, 0x00, 0x00, 0x00, 0x00, 0x00, 0x00, 0x00, 0x00, 0x00, 0x00, 0x00,
    0x00, 0x00, 0x00, 0x00, 0x00, 0x00, 0x00, 0x00, 0x00, 0x00, 0x00, 0x00, 0x00, 0x00, 0x00, 0x00,
    0x00, 0x00, 0x00, 0x00, 0x00, 0x00, 0x00, 0x00, 0x00, 0x00, 0x00, 0x00, 0x00, 0x00, 0xFF, 0xFF,
    0xFF, 0xFF, 0x07, 0x00, 0x00, 0x00, 0x00, 0x0C, 0x00, 0x00, 0x00, 0x00, 0x00, 0x00, 0x00, 0x00,
    0x00, 0x00, 0x00, 0x00, 0x00, 0x00, 0x00, 0x00, 0x00, 0x00, 0x00, 0x00, 0x00, 0x00, 0x00, 0x00,
    0x00, 0x00, 0x00, 0x00, 0x00, 0x00, 0x00, 0x00, 0x00, 0x00, 0x00, 0x00, 0x00, 0x00, 0x00, 0x00,
    0x00, 0x00, 0x00, 0x00, 0x00, 0x00, 0x00, 0x00, 0x00, 0x00, 0x00, 0x00, 0x00, 0x00, 0x00, 0x00,
    0x00, 0x00, 0x00, 0x00, 0x00, 0x00, 0x00, 0x00, 0x00, 0x00, 0x00, 0x00, 0x00, 0x00, 0x00, 0x00,
    0x00, 0x00, 0x00, 0x00, 0x00, 0x00, 0x00, 0x00, 0x00, 0x00, 0x00, 0x00, 0x00, 0x00, 0x00, 0x00,
    0x00, 0x00, 0x00, 0x00, 0x00, 0x00, 0x00, 0x00, 0x00, 0x00, 0x00, 0x00, 0x00, 0x00, 0x00, 0x00,
    0x00, 0x00, 0x00, 0x00, 0x00, 0x00, 0x00, 0x00, 0x00, 0x00, 0x00, 0x00, 0x00, 0x00, 0x00, 0x00,
    0x00, 0x00, 0x00, 0x00, 0x00, 0x00, 0x00, 0x00, 0x00, 0x00, 0x00, 0x00, 0x00, 0x00, 0x00, 0x00,
    0x00, 0x00, 0x00, 0x00, 0x00, 0x00, 0x00, 0x00, 0x00, 0x00, 0x00, 0x00, 0x00, 0x00, 0x00, 0x00,
    0x00, 0x00, 0x00, 0x00, 0x00, 0x00, 0x00, 0x00, 0x00, 0x00, 0x00, 0x00, 0x00, 0x00, 0x00, 0x00,
    0x00, 0x00, 0x00, 0x00, 0x00, 0x00, 0x00, 0x00, 0x00, 0x00, 0x00, 0x00, 0x00, 0x00, 0x00, 0x00,
    0x00, 0x00, 0x00, 0x00, 0x00, 0x00, 0x00, 0x00, 0x00, 0x00, 0x00, 0x00, 0x00, 0x00, 0x00, 0x00,
    0x00, 0x00, 0x00, 0x00, 0x00, 0x00, 0x00, 0x00, 0x00, 0x00, 0x00, 0x00, 0x00, 0x00, 0x00, 0x00,
    0x00, 0xE0, 0xFF, 0xFF, 0xFF, 0x03, 0x00, 0x00, 0x00, 0x00, 0x00, 0x00, 0x00, 0x00, 0x00, 0x00,
    0x00, 0x00, 0x00, 0x00, 0x00, 0x00, 0x00, 0x00, 0x00, 0x00, 0x00, 0x00, 0x00, 0x00, 0x00, 0x00,
    0x00, 0x00, 0x00, 0x00, 0x00, 0x00, 0x00, 0x00, 0x00, 0x00, 0x00, 0x00, 0x00, 0x00, 0x00, 0x00,
    0x00, 0x00, 0x00, 0x00, 0x00, 0x00, 0x00, 0x00, 0x00, 0x00, 0x00, 0x00, 0x00, 0x00, 0x00, 0x00,
    0x00, 0x00, 0x00, 0x00, 0x00, 0x00, 0x00, 0x00, 0x00, 0x00, 0x00, 0x00, 0x00, 0x00, 0x00, 0x00,
    0x00, 0x00, 0x00, 0x00, 0x00, 0x00, 0x00, 0x00, 0x00, 0x00, 0x00, 0x00, 0x00, 0x00, 0x00, 0x00,
    0x00, 0x00, 0x00, 0x00, 0x00, 0x00, 0x00, 0x00, 0x00, 0x00, 0x00, 0x00, 0x00, 0x00, 0x00, 0x00,
    0x00, 0x00, 0x00, 0x00, 0x00, 0x00, 0x00, 0x00, 0x00, 0x00, 0x00, 0x00, 0x00, 0x00, 0x00, 0x00,
    0x00, 0x00, 0x00, 0x00, 0x00, 0x00, 0x00, 0x00, 0x00, 0x00, 0x00, 0x00, 0x00, 0x00, 0x00, 0x00,
    0x00, 0x00, 0x00, 0x00, 0x00, 0x00, 0x00, 0x00, 0x00, 0x00, 0x00, 0x00, 0x00, 0x00, 0x00, 0x00,
    0x00, 0x00, 0x00, 0x00, 0x00, 0x00, 0x00, 0x00, 0x00, 0x00, 0x00, 0x00, 0x00, 0x00, 0x00, 0x00,
    0x00, 0x00, 0x00, 0x00, 0x00, 0x00, 0x00, 0x00, 0x00, 0x00, 0x00, 0x00, 0x00, 0x00, 0x00, 0x00,
    0x00, 0x00, 0x00, 0x00, 0x00, 0x00, 0x00, 0x00, 0x00, 0x00, 0x00, 0x00, 0x00, 0x00, 0x00, 0x00,
    0x00, 0x00, 0x00, 0x00, 0x00, 0x00, 0x00, 0x00, 0x00, 0x00, 0x00, 0x00, 0x00, 0x00, 0x00, 0x00,
    0x00, 0x00, 0x00, 0x00, 0x00, 0x00, 0x00, 0x00, 0x00, 0x00, 0x00, 0x00, 0x00, 0x00, 0x00, 0x00,
    0x00, 0x00, 0x00, 0x00, 0x00, 0x00, 0x00, 0x00, 0x00, 0x00, 0x00, 0x00, 0x00, 0x00, 0x00, 0x00,
    0x00, 0x00, 0x00, 0x00, 0x00, 0x00, 0x00, 0x00, 0x00, 0x00, 0x00, 0x00, 0x00, 0x00, 0x00, 0x00,
    0x00, 0x00, 0x00, 0x00, 0x00, 0x00, 0x00, 0x00, 0x00, 0x00, 0x00, 0x00, 0x00, 0x00, 0x00, 0x00,
    0x00, 0x00, 0x00, 0x00, 0x00, 0x00, 0x00, 0x00, 0x00, 0x00, 0x00, 0x00, 0x00, 0x00, 0x00, 0x00,
    0x00, 0x00, 0x00, 0x00, 0x00, 0x00, 0x00, 0x00, 0x00, 0x00, 0x00, 0x00, 0x00, 0x00, 0x00, 0x00,
    0x00, 0x00, 0x00, 0x00, 0x00, 0x00, 0x00, 0x00, 0x00, 0x00, 0x00, 0x00, 0x00, 0x00, 0x00, 0x00,
    0x00, 0x00, 0x00, 0x00, 0x00, 0x00, 0x00, 0x00, 0x00, 0x00, 0x00, 0x00, 0x00, 0x00, 0x00, 0x00,
    0x00, 0x00, 0x00, 0x00, 0x00, 0x00, 0x00, 0x00, 0x00, 0x00, 0x00, 0x00, 0x00, 0x00, 0x00, 0x00,
    0x00, 0x00, 0x00, 0x00, 0x00, 0x00, 0x00, 0x00, 0x00, 0x00, 0x00, 0x00, 0x00, 0x00, 0x00, 0x00,
    0x00, 0x00, 0x00, 0x00, 0x00, 0x00, 0x00, 0x00, 0x00, 0x00, 0x00, 0x00, 0x00, 0x00, 0x00, 0x00,
    0x00, 0x00, 0x00, 0x00, 0x00, 0x00, 0x00, 0x00, 0x00, 0x00, 0x00, 0x00, 0x00, 0x00, 0x00, 0x00,
    0x00, 0x00, 0x00, 0x00, 0x00, 0x00, 0x00, 0x00, 0x00, 0x00, 0x00, 0x00, 0x00, 0x00, 0x00, 0x00,
    0x00, 0x00, 0x00, 0x00, 0x00, 0x00, 0x00, 0x00, 0x00, 0x00, 0x00, 0x00, 0x00, 0x00, 0x00, 0x00,
    0x00, 0x00, 0x00, 0x00, 0x00, 0x00, 0x00, 0x00, 0x00, 0x00, 0x00, 0x00, 0x00, 0x00, 0x00, 0x00,
    0x00, 0x00, 0x00, 0x00, 0x00, 0x00, 0x00, 0x00, 0x00, 0x00, 0x00, 0x00, 0x00, 0x00, 0x00, 0x00,
    0x00, 0x00, 0x00, 0x00, 0x00, 0x00, 0x00, 0x00, 0x00, 0x00, 0x00, 0x00, 0x00, 0x00, 0x00, 0x00,
    0x00, 0x00, 0x00, 0x00, 0x00, 0x00, 0x00, 0x00, 0x00, 0x00, 0x00, 0x00, 0x00, 0x00, 0x00, 0x00,
    0x00, 0x00, 0xF0, 0xFF, 0xFF, 0xFF, 0xFF, 0xFF, 0xFF, 0xFD, 0xFF, 0xFF, 0xFF, 0xFF, 0xDF, 0xFF,
    0xFF, 0xFF, 0xFF, 0xEB, 0x5F, 0xFE, 0xFF, 0xFF, 0xEF, 0xFF, 0xFF, 0xFF, 0xFF, 0xBD, 0xFF, 0xF7,
    0xFF, 0xFF, 0xFF, 0xFF, 0xFF, 0xFF, 0xFF, 0xFB, 0xFF, 0xFF, 0xFF, 0xFF, 0xEE, 0xFF, 0xFF, 0xFF,
    0xFF, 0xFF, 0xFF, 0xFF, 0x7F, 0xFD, 0xEB, 0xFA, 0xFF, 0xFF, 0xFF, 0xFF, 0xFF, 0xFF, 0xBF, 0xFB,
    0xFF, 0xFF, 0xFF, 0xFF, 0xFF, 0xFF, 0xDF, 0xFF, 0xFF, 0xFF, 0xFF, 0xFF, 0xFF, 0xFF, 0x7F, 0xDD,
    0x6B, 0xFF, 0xFF, 0xFF, 0xFF, 0xFF, 0xFF, 0xFF, 0xFF, 0xFB, 0xFF, 0xFF, 0xEB, 0xFF, 0xFF, 0xFF,
    0x7B, 0xFF, 0xFF, 0xFF, 0x0F, 0x00, 0x00, 0x00, 0x00, 0x00, 0x00, 0x00, 0x00, 0x00, 0x00, 0x00,
    0x00, 0x00, 0x00, 0x00, 0x00, 0x00, 0x00, 0x00, 0x00, 0x00, 0x00, 0x00, 0x00, 0x00, 0x00, 0x00,
    0x00, 0x00, 0x00, 0x00, 0x00, 0x00, 0x00, 0x00, 0x00, 0x00, 0x00, 0x00, 0x00, 0x00, 0x00, 0x00,
    0x00, 0x00, 0x00, 0x00, 0x00, 0x00, 0x00, 0x00, 0x00, 0x00, 0x00, 0x00, 0x00, 0x00, 0x00, 0x00,
    0x00, 0x00, 0x00, 0x00, 0x00, 0x00, 0x00, 0x00, 0x00, 0x00, 0x00, 0x00, 0x00, 0x00, 0x00, 0x00,
    0x00, 0x00, 0x00, 0x00, 0x00, 0x00, 0x00, 0x00, 0x00, 0x00, 0x00, 0x00, 0x00, 0x00, 0x00, 0x00,
    0x00, 0xE0, 0xFF, 0xEB, 0x5F, 0xFE, 0xFF, 0xFF, 0xEF, 0xFF, 0xFF, 0xFF, 0xFF, 0xBD, 0xFF, 0xF7,
    0xFF, 0xFF, 0xFF, 0xFF, 0xFF, 0xFF, 0xFF, 0xFB, 0xFF, 0xFF, 0xFF, 0xFF, 0xEE, 0xFF, 0xFF, 0xFF,
    0xFF, 0xFF, 0xFF, 0xFF, 0x7F, 0xFD, 0xEB, 0xFA, 0xFF, 0xFF, 0xFF, 0xFF, 0xFF, 0xFF, 0xFF, 0xBB,
    0xFF, 0xFF, 0xFF, 0xFF, 0xFF, 0xFF, 0xFF, 0xFD, 0xFF, 0xFF, 0xFF, 0xFF, 0xFF, 0xFF, 0xFF, 0xD7,
    0xBD, 0xF6, 0xFF, 0xFF, 0xFF, 0xFF, 0xFF, 0xFF, 0xFF, 0xBF, 0xFF, 0xFF, 0xBF, 0xFE, 0xFF, 0xFF,
    0xBF, 0xF7, 0xFF, 0x0F, 0x00, 0x4F, 0xFD, 0xAB, 0xAA, 0xAA, 0xFE, 0xFF, 0xFE, 0xFE, 0xDF, 0xF7,
    0x7D, 0xDF, 0xF7, 0x7D, 0xDF, 0x87, 0xFF, 0xFF, 0xFF, 0xFE, 0xFF, 0xFF, 0xDB, 0x7F, 0xFF, 0x56,
    0x01, 0x00, 0xEF, 0xFF, 0xFF, 0xFF, 0x80, 0xFF, 0xFF, 0x7F, 0xFA, 0x0F, 0xFE, 0xFF, 0xFF, 0xFF,
    0xFF, 0xFF, 0xDD, 0xDD, 0xFD, 0xF7, 0xF7, 0xBB, 0xBB, 0xDD, 0xFF, 0xFF, 0xFF, 0xFF, 0xFF, 0xFF,
    0xFF, 0xFF, 0xFF, 0x7D, 0xDF, 0xF7, 0xFD, 0xEF, 0xFB, 0xFF, 0xFF, 0xBE, 0xEF, 0x7B, 0xDF, 0xFF,
    0xFF, 0xFF, 0xFF, 0xFF, 0xFF, 0xFF, 0xFF, 0xFF, 0xFF, 0xFB, 0xFE, 0xFF, 0xFF, 0xBF, 0xFF, 0xFF,
    0xFF, 0xFF, 0xFF, 0xFF, 0xFF, 0xFF, 0xF7, 0xFD, 0xFF, 0xFF, 0xFF, 0xFD, 0xFF, 0xFF, 0xFF, 0xFF,
    0x7F, 0xFF, 0xFB, 0xFB, 0xBF, 0xF7, 0xFF, 0xFD, 0xBF, 0xFF, 0xFF, 0xFF, 0xF7, 0xFF, 0xFF, 0xFF,
    0xDF, 0xFF, 0xBD, 0xFF, 0xBD, 0xFF, 0xFF, 0xFF, 0xFF, 0xFF, 0xFF, 0xFF, 0xFF, 0xFF, 0xFF, 0xFF,
    0xFF, 0x7F, 0xFF, 0xFF, 0xBF, 0xFF, 0xFF, 0xFF, 0xFF, 0xFF, 0xFF, 0xFF, 0xFF, 0xFF, 0xFF, 0xBE,
    0xEF, 0xFB, 0xFF, 0xFF, 0xFF, 0xFF, 0xEF, 0xF9, 0xFF, 0xBF, 0xFF, 0xFF, 0xFF, 0xDE, 0xFF, 0xFF,
    0xDF, 0xFF, 0xFF, 0xFF, 0xFF, 0xFF, 0xFF, 0xFF, 0xFF, 0xFF, 0xFD, 0xFF, 0xFF, 0xFF, 0xFF, 0x7F,
    0xFF, 0xFF, 0xFF, 0xFF, 0xFF, 0xFF, 0xFF, 0xFF, 0xFF, 0xFF, 0x7F, 0xFF, 0xFF, 0xFF, 0xFF, 0xBF,
    0xFF, 0xFF, 0xFF, 0xFF, 0xFF, 0xFF, 0xFF, 0xFF, 0xFF, 0xFF, 0xF7, 0xFE, 0xFF, 0xFF, 0xFF, 0xBF,
    0xFF, 0x3F, 0xFF, 0xFF, 0xFF, 0xFF, 0xFF, 0xFF, 0xFF, 0xFF, 0xFF, 0xFF, 0xFF, 0xFF, 0xFF, 0xFF,
    0xFF, 0xFF, 0xFF, 0xFF, 0xDF, 0xDF, 0xFF, 0xFF, 0xFF, 0xFF, 0xFD, 0xBF, 0xFF, 0xFF, 0xBF, 0xDF,
    0xFF, 0xFF, 0xFF, 0xFF, 0xFF, 0xFF, 0xFF, 0xFF, 0xFF, 0xFF, 0xFF, 0xFF, 0xFF, 0xFF, 0xFF, 0xF7,
    0xFE, 0xFF, 0xFF, 0xFF, 0xFF, 0xFF, 0xF7, 0xFB, 0x5F, 0xDB, 0xB6, 0xFF, 0xEF, 0x6F, 0x7F, 0xFF,
    0xFF, 0xFF, 0xFD, 0xFB, 0xFF, 0xF7, 0xF7, 0xDF, 0xFF, 0xFF, 0xDF, 0xFF, 0xFF, 0xFF, 0xFF, 0xFF,
    0xFF, 0xFD, 0xFF, 0xFF, 0xFF, 0xFE, 0xFF, 0xBF, 0xFF, 0xFF, 0xFF, 0xFF, 0xFF, 0xFF, 0xF7, 0xFF,
    0xFF, 0xFF, 0xFF, 0xFF, 0xFF, 0xFF, 0xFF, 0xF7, 0xFF, 0xFF, 0xFF, 0xFF, 0xFF, 0xFF, 0xFE, 0xFF,
    0xFF, 0xEF, 0xFE, 0x7B, 0x3F, 0x00, 0x00, 0x00, 0x00, 0x00, 0x00, 0x00, 0x00, 0x00, 0x00, 0x00,
    0x00, 0x00, 0x00, 0x00, 0x00, 0x00, 0x00, 0x00, 0x00, 0x00, 0xFE, 0xFF, 0xFF, 0xFF, 0xFF, 0xFF,
    0xFF, 0xFF, 0xFF, 0xFF, 0x9F, 0xEF, 0xEE, 0xFF, 0xEA, 0x6D, 0xDB, 0x6D, 0x2F, 0xA2, 0xBD, 0x31,
    0xD3, 0x4C, 0x33, 0xCD, 0x34, 0xD3, 0x4C, 0x33, 0xCD, 0x14, 0x53, 0x4C, 0x31, 0xCD, 0x34, 0xD3,
    0x4C, 0x33, 0xCD, 0x14, 0xC3, 0x0C, 0x33, 0xCC, 0x30, 0x13, 0x40, 0x33, 0xCD, 0x34, 0xD3, 0x4C,
    0x31, 0xC5, 0x14, 0x53, 0x4C, 0x00, 0xCD, 0x34, 0xD3, 0x4C, 0x33, 0xC5, 0x14, 0x53, 0x4C, 0x31,
    0x01, 0x34, 0xD3, 0x4C, 0x33, 0xCD, 0x14, 0x53, 0x4C, 0x31, 0xC5, 0x04, 0xD0, 0x4C, 0x33, 0xCD,
    0x34, 0x53, 0x4C, 0x31, 0xC5, 0x14, 0x13, 0xC0, 0xFF, 0xFF, 0x4F, 0x6B, 0xE9, 0xF8, 0xBF, 0x02,
    0x00, 0x00, 0x00, 0x00, 0x00, 0x78, 0xFF, 0xFF, 0xFF, 0x81, 0xFF, 0xFF, 0xFF, 0xFF, 0xFF, 0xFF,
    0xFF, 0xFF, 0xFF, 0xFF, 0xFF, 0xFF, 0xFF, 0xFF, 0xFF, 0xFF, 0xFF, 0xFF, 0xFF, 0xFF, 0xFF, 0xFF,
    0xFF, 0xFF, 0xFF, 0xFF, 0xFF, 0xFF, 0xFF, 0xFF, 0xFF, 0xFF, 0xFF, 0xFF, 0xFF, 0xFF, 0xFF, 0xFF,
    0xFF, 0xFF, 0xFF, 0xFF, 0xFF, 0xFF, 0xFF, 0xFF, 0xFF, 0xFF, 0xFF, 0xFF, 0xFF, 0xFF, 0xFF, 0xFF,
    0xFF, 0xFF, 0xFF, 0xFF, 0xFF, 0xFF, 0xFF, 0xFF, 0xFF, 0xFF, 0xFF, 0xFF, 0xFF, 0xFF, 0xFF, 0xFF,
    0xFF, 0xFF, 0xFF, 0xFF, 0xFF, 0xFF, 0xFF, 0xFF, 0xFF, 0xFF, 0xFF, 0xFF, 0xFF, 0xFF, 0xFF, 0xFF,
    0xFF, 0xFF, 0xFF, 0xFF, 0xFF, 0xFF, 0xFF, 0xFF, 0xFF, 0xFF, 0xFF, 0xFF, 0xFF, 0xFF, 0xFF, 0xFF,
    0xFF, 0xFF, 0xFF, 0xFF, 0xFF, 0xFF, 0xFF, 0xFF, 0xFF, 0xFF, 0xFF, 0xFF, 0xFF, 0xFF, 0xFF, 0xFF,
    0xFF, 0xFF, 0xFF, 0xFF, 0xFF, 0xFF, 0xFF, 0xFF, 0xFF, 0xFF, 0xFF, 0xFF, 0xFF, 0xFF, 0xFF, 0xFF,
    0xFF, 0xFF, 0xFF, 0xFF, 0xFF, 0xFF, 0xFF, 0xFF, 0xFF, 0xFF, 0xFF, 0xFF, 0xFF, 0xFF, 0xFF, 0xFF,
    0xFF, 0xFF, 0xFF, 0xFF, 0xFF, 0xFF, 0xFF, 0xFF, 0xFF, 0xFF, 0xFF, 0xFF, 0xFF, 0xFF, 0xFF, 0xFF,
    0xFF, 0xFF, 0xFF, 0xFF, 0xFF, 0xFF, 0xFF, 0xFF, 0xFF, 0xFF, 0xFF, 0xFF, 0xFF, 0xFF, 0xFF, 0xFF,
    0xFF, 0xFF, 0xFF, 0xFF, 0xFF, 0xFF, 0xFF, 0xFF, 0xFF, 0xFF, 0xFF, 0xFF, 0xFF, 0xFF, 0xFF, 0xFF,
    0xFF, 0xFF, 0xFF, 0xFF, 0xFF, 0xFF, 0xFF, 0xFF, 0xFF, 0xFF, 0xFF, 0xFF, 0xFF, 0xFF, 0xFF, 0xFF,
    0xFF, 0xFF, 0xFF, 0xFF, 0xFF, 0xFF, 0xFF, 0xFF, 0xFF, 0xFF, 0xFF, 0xFF, 0xFF, 0xFF, 0xFF, 0xFF,
    0xFF, 0xFF, 0xFF, 0xFF, 0xFF, 0xFF, 0xFF, 0xFF, 0xFF, 0xFF, 0xFF, 0xFF, 0xFF, 0xFF, 0xFF, 0xFF,
    0xFF, 0xFF, 0xFF, 0xFF, 0xFF, 0xFF, 0xFF, 0xFF, 0xFF, 0xBF, 0xFF, 0xFF, 0xFF, 0xFF, 0xFF, 0xFF,
    0xFF, 0xFF, 0xFF, 0xFF, 0xFF, 0xFF, 0xFF, 0xFF, 0xFF, 0xFF, 0xFF, 0xFF, 0xFF, 0xFF, 0xFF, 0xFF,
    0xFF, 0xFF, 0xFF, 0xFF, 0xFF, 0xFF, 0xFF, 0xFF, 0xFF, 0xFF, 0xFF, 0xFF, 0xFF, 0xFF, 0xFF, 0xFF,
    0xFF, 0xFF, 0xFF, 0xFF, 0xFF, 0xFF, 0xFF, 0xFF, 0xFF, 0xFF, 0xFF, 0xFF, 0xFF, 0xFF, 0xFF, 0xFF,
    0xFF, 0xFF, 0xFF, 0xFF, 0xFF, 0xFF, 0xFF, 0xFF, 0xFF, 0xFF, 0xFF, 0xFF, 0xFF, 0xFF, 0xFF, 0xFF,
    0xFF, 0xFF, 0xFF, 0xFF, 0xFF, 0xFF, 0xFF, 0xFF, 0xFF, 0xFF, 0xFF, 0xFF, 0xFF, 0xFF, 0xFF, 0xFF,
    0xFF, 0xFF, 0xFF, 0xFF, 0xFF, 0xFF, 0xFF, 0xFF, 0xFF, 0xFF, 0xFF, 0xFF, 0xFF, 0xFF, 0xFF, 0xFF,
    0xFF, 0xFF, 0xFF, 0xFF, 0xFF, 0xFF, 0xFF, 0xFF, 0xFF, 0xFF, 0xFF, 0xFF, 0xFF, 0xFF, 0xFF, 0xFF,
    0xFF, 0xFF, 0xFF, 0xFF, 0xFF, 0xFF, 0xFF, 0xFF, 0xFF, 0xFF, 0xFF, 0xFF, 0xFF, 0xFF, 0xFF, 0xFF,
    0xFF, 0xFF, 0xFF, 0xFF, 0xFF, 0xFF, 0xFF, 0xFF, 0xFF, 0xFF, 0xFF, 0xFF, 0xFF, 0xFF, 0xFF, 0xFF,
    0xFF, 0xFF, 0xFF, 0xFF, 0xFF, 0xFF, 0xFF, 0xFF, 0xFF, 0xFF, 0xFF, 0xFF, 0xFF, 0xFF, 0xFF, 0xFF,
    0xFF, 0xFF, 0xFF, 0xFF, 0xFF, 0xFF, 0xFF, 0xFF, 0xFF, 0xFF, 0xFF, 0xFF, 0xFF, 0xFF, 0xFF, 0xFF,
    0xFF, 0xFF, 0xFF, 0xFF, 0xFF, 0xFF, 0xFF, 0xFF, 0xFF, 0xFF, 0xFF, 0xFF, 0xFF, 0xFF, 0xFF, 0xFF,
    0xFF, 0xFF, 0xFF, 0xFF, 0xFF, 0xFF, 0xFF, 0xFF, 0xFF, 0xFF, 0xFF, 0xFF, 0xFF, 0xFF, 0xFF, 0xFF,
    0xFF, 0xFF, 0xFF, 0xFF, 0xFF, 0xFF, 0xFF, 0xFF, 0xFF, 0xFF, 0xFF, 0xFF, 0xFF, 0xFF, 0xFF, 0xFF,
    0xFF, 0xFF, 0xFF, 0xFF, 0xFF, 0xFF, 0xFF, 0xFF, 0xFF, 0xFF, 0xFF, 0xFF, 0xFF, 0xFF, 0xFF, 0xFF,
    0xFF, 0xFF, 0xFF, 0xFF, 0xFF, 0xFF, 0xFF, 0xFF, 0xFF, 0xBF, 0xFF, 0xFF, 0xFF, 0xFF, 0xFF, 0xFF,
    0xFF, 0xFF, 0xFF, 0xFF, 0xFF, 0xFF, 0xFF, 0xFF, 0xFF, 0xFF, 0xFF, 0xFF, 0xFF, 0xFF, 0xFF, 0xFF,
    0xFF, 0xFF, 0xFF, 0xFF, 0xFF, 0xFF, 0xFF, 0xFF, 0xFF, 0xFF, 0xFF, 0xFF, 0xFF, 0xFF, 0xFF, 0xFF,
    0xFF, 0xFF, 0xFF, 0xFF, 0xFF, 0xFF, 0xFF, 0xFF, 0xFF, 0xFF, 0xFF, 0xFF, 0xFF, 0xFF, 0xFF, 0xFF,
    0xFF, 0xFF, 0xFF, 0xFF, 0xFF, 0xFF, 0xFF, 0xFF, 0xFF, 0xFF, 0xFF, 0xFF, 0xFF, 0xFF, 0xFF, 0xFF,
    0xFF, 0xFF, 0xFF, 0xFF, 0xFF, 0xFF, 0xFF, 0xFF, 0xFF, 0xFF, 0xFF, 0xFF, 0xFF, 0xFF, 0xFF, 0xFF,
    0xFF, 0xFF, 0xFF, 0xFF, 0xFF, 0xFF, 0xFF, 0xFF, 0xFF, 0xFF, 0xFF, 0xFF, 0xFF, 0xFF, 0xFF, 0xFF,
    0xFF, 0xFF, 0xFF, 0xFF, 0xFF, 0xFF, 0xFF, 0xFF, 0xFF, 0xFF, 0xFF, 0xFF, 0xFF, 0xFF, 0xFF, 0xFF,
    0xFF, 0xFF, 0xFF, 0xFF, 0xFF, 0xFF, 0xFF, 0xFF, 0xFF, 0xFF, 0xFF, 0xFF, 0xCF, 0xFB, 0xF3, 0xFE,
    0x7F, 0x7E, 0xFF, 0xFF, 0x7E, 0x7E, 0x7E, 0x7E, 0x7E, 0x7E, 0xFE, 0xFF, 0xFF, 0xFF, 0xFF, 0xFF,
    0xFF, 0xFF, 0xFF, 0xFF, 0xBF, 0xB3, 0x3B, 0xBB, 0xFF, 0x7F, 0xF7, 0x7F, 0xFD, 0xF9, 0x1F, 0xC1,
    0xFF, 0x4F, 0xFE, 0xFF, 0xF3, 0xFF, 0xFF, 0xFE, 0xFF, 0xBF, 0xFF, 0xFF, 0xEF, 0xFF, 0xFF, 0xFB,
    0xFF, 0xFF, 0xFE, 0xFF, 0xBF, 0xFF, 0x01, 0x00, 0x00, 0x00, 0x00, 0x00, 0x00, 0x00, 0x00, 0x00,
    0x00, 0x00, 0xE0, 0xFF, 0xFF, 0xFF, 0xFF, 0xFF, 0xFF, 0xFF, 0xFF, 0xF9, 0xFF, 0xFF, 0xFF, 0xFF,
    0xFF, 0x2F, 0xFF, 0xFF, 0x00, 0x00, 0x00, 0xFC, 0xFE, 0xFF, 0xFD, 0xFF, 0xFF, 0xFB, 0xFF, 0xFF,
    0xF7, 0xFF, 0xFF, 0xFF, 0xFF, 0xFF, 0xFF, 0xFF, 0xFF, 0xFF, 0xFF, 0xFF, 0xFF, 0xFF, 0xFF, 0xFF,
    0xFF, 0xFF, 0xFF, 0xFF, 0xFF, 0xFF, 0xFF, 0xFD, 0xFB, 0x0F, 0x00, 0x00, 0x80, 0x08, 0x31, 0x3D,
    0x19, 0x72, 0x7A, 0xFE, 0xFF, 0xFF, 0xFF, 0xFF, 0xFF, 0xFF, 0xFF, 0xFF, 0xFF, 0xFF, 0xFF, 0xFF,
    0xFF, 0xFF, 0xFF, 0xFF, 0xFF, 0xFF, 0xFF, 0xFF, 0xFF, 0xFF, 0xFF, 0xFF, 0xFF, 0xFF, 0xFF, 0x01,
    0x00, 0x07, 0x00, 0x00, 0x06, 0x00, 0x00, 0x00, 0x70, 0x01, 0x00, 0xE6, 0x02, 0x00, 0xCC, 0xFF,
    0xFF, 0x9F, 0xFF, 0xFF, 0x3F, 0xFF, 0xFF, 0x7F, 0xFE, 0xFF, 0xFF, 0xFC, 0xFF, 0xFF, 0xF9, 0xFF,
    0xFF, 0xF3, 0xFF, 0xFF, 0xF7, 0xFF, 0xFF, 0xEF, 0xFF, 0xFF, 0xDE, 0x00, 0xD8, 0x80, 0x01, 0xB0,
    0x01, 0x00, 0x80, 0x00, 0x00, 0x80, 0xD5, 0x03, 0x00, 0xAB, 0xFF, 0xFF, 0xFF, 0xFF, 0xFF, 0xFF,
    0xFF, 0xFF, 0xFF, 0xFF, 0xFF, 0xFF, 0xFF, 0xFF, 0xFF, 0xFF, 0xFF, 0xFF, 0xFF, 0xFF, 0xFF, 0xFF,
    0xFF, 0xFF, 0xFF, 0xFF, 0xFF, 0xFF, 0x0F, 0x60, 0x00, 0x00, 0xC0, 0x00, 0x80, 0x40, 0xFF, 0x0F,
    0x81, 0xFE, 0x7F, 0x02, 0xFD, 0xFF, 0xFE, 0xFF, 0xFF, 0xFD, 0xFF, 0xFF, 0xFB, 0xFF, 0xFF, 0xF7,
    0xFF, 0xFF, 0xEF, 0xFF, 0xFF, 0xDF, 0xFF, 0xFF, 0xBF, 0xFF, 0xFF, 0x7F, 0xFF, 0xFF, 0xFF, 0xC0,
    0x00, 0x00, 0x80, 0x01, 0x00, 0x00, 0x03, 0x00, 0xE0, 0x56, 0xB3, 0xC3, 0xFD, 0x76, 0xBF, 0xFB,
    0xEF, 0xFE, 0xFF, 0xFF, 0xFF, 0xFF, 0xFF, 0xFF, 0xFF, 0xFF, 0xFF, 0xFF, 0xFF, 0xFF, 0xFF, 0xFF,
    0xFF, 0xFF, 0xFF, 0xFF, 0xFF, 0xFF, 0xFF, 0xFF, 0xFF, 0xFF, 0x7F, 0x00, 0x30, 0x40, 0x00, 0x00,
    0x00, 0x00, 0x00, 0x00, 0xF8, 0x7E, 0x00, 0xF8, 0xFD, 0x01, 0xF8, 0xFF, 0xFF, 0xF0, 0xFF, 0xFF,
    0xE1, 0xFF, 0xFF, 0xCF, 0xFF, 0xFF, 0xDF, 0xFF, 0xFF, 0xFF, 0xFF, 0xFF, 0xFF, 0xFF, 0xFF, 0xEF,
    0xFF, 0xFF, 0x4E, 0xF6, 0xFF, 0x9D, 0x8C, 0x3F, 0x00, 0x10, 0x7F, 0x00, 0x00, 0x00, 0x00, 0x00,
    0xF7, 0xFF, 0xFF, 0xFF, 0xFF, 0xFF, 0xFF, 0xFF, 0xFF, 0xFF, 0xFF, 0xFF, 0xFF, 0xFF, 0xFF, 0xFF,
    0xFF, 0xFF, 0xFF, 0xFF, 0xFF, 0xFF, 0xFF, 0xFF, 0xFF, 0xFF, 0xFF, 0xFF, 0xFF, 0xFF, 0xFF, 0xFF,
    0xFF, 0xFF, 0xFF, 0xFF, 0xFF, 0xFF, 0xFF, 0xFF, 0xFF, 0xFF, 0xF7, 0xBF, 0xFF, 0xFF, 0xFF, 0xFF,
    0xFF, 0xFF, 0xFF, 0xFF, 0xFF, 0xFF, 0xFF, 0xFF, 0xFF, 0xFF, 0xFF, 0xFF, 0xFF, 0xFF, 0xFF, 0xFF,
    0xFF, 0xFF, 0xFF, 0xFF, 0xFF, 0xFF, 0xFF, 0xFF, 0xFF, 0xFF, 0xFF, 0xFF, 0xFF, 0xFF, 0xFF, 0xFF,
    0xFF, 0xFF, 0xFF, 0xFF, 0xFF, 0xFF, 0xFF, 0xFF, 0xFF, 0xFF, 0xFF, 0xFF, 0xFF, 0xFF, 0xFF, 0xFF,
    0xFF, 0xFF, 0xF0, 0xFF, 0xFF, 0xFF, 0xFF, 0xFF, 0xFF, 0x77, 0xC3, 0xFF, 0x3F, 0x30, 0x63, 0xE6,
    0xDC, 0xB9, 0x7F, 0xFF, 0xFF, 0xFF, 0x7F, 0x00, 0xFF, 0xFF, 0xFF, 0xF9, 0xDF, 0xDD, 0xDD, 0xDD,
    0xDD, 0xFD, 0xFF, 0xFF, 0xFF, 0xFF, 0x00, 0xFF, 0xFF, 0xFF, 0xFF, 0xFF, 0xFF, 0xFF, 0xFF, 0x00,
    0xFF, 0xFF, 0xF0, 0x3F, 0x00, 0x00, 0xF0, 0x3F, 0x00, 0x00, 0xF0, 0x3F, 0x00, 0x00, 0xF2, 0x7F,
    0x00, 0x00, 0xF2, 0x7F, 0x00, 0x00, 0xF2, 0x7F, 0x00, 0x00, 0xFF, 0xFF, 0x00, 0x00, 0xFF, 0xFF,
    0x01, 0x00, 0xFF, 0xFF, 0x01, 0x00, 0xFF, 0xFF, 0x01, 0x00, 0xFF, 0xFF, 0x03, 0x00, 0xFF, 0xFF,
    0x03, 0x00, 0xFF, 0xFF, 0x03, 0x00, 0xFF, 0xFF, 0x03, 0x00, 0xFF, 0xFF, 0x07, 0x00, 0xFF, 0xFF,
    0x07, 0x00, 0xFF, 0xFF, 0x07, 0x00, 0xFF, 0xFF, 0x07, 0x00, 0xFF, 0xFF, 0x0F, 0x00, 0xFF, 0xFF,
    0x0F, 0x00, 0xFF, 0xFF, 0x0F, 0x00, 0xFF, 0xFF, 0x0F, 0x00, 0xFF, 0xFF, 0x0F, 0x00, 0xFF, 0xFF,
    0x0F, 0x00, 0xFF, 0x9F, 0x0F, 0x00, 0xFF, 0x9F, 0x1F, 0x00, 0xFF, 0x9F, 0x1F, 0x00, 0xFF, 0xBF,
    0x1F, 0x00, 0xFF, 0xFF, 0x1F, 0x00, 0xFF, 0xFF, 0x1F, 0x00, 0xFE, 0xFF, 0x1F, 0x00, 0xFC, 0xFF,
    0x1F, 0x00, 0xFC, 0xFF, 0x0F, 0x00, 0xFC, 0xFF, 0x0F, 0x00, 0xFC, 0xFF, 0x0F, 0x00, 0xF8, 0xFF,
    0x0F, 0x00, 0xF8, 0xFF, 0x0F, 0x00, 0xF8, 0xFF, 0x1F, 0x00, 0xF8, 0xFF, 0x1F, 0x00, 0xF0, 0xFF,
    0x1F, 0x00, 0xF0, 0xFF, 0x3F, 0x00, 0xE0, 0xFF, 0x3F, 0x00, 0xE0, 0xFF, 0x3F, 0x00, 0xE0, 0xFF,
    0x3F, 0x00, 0xE0, 0xFF, 0x7F, 0x00, 0xE0, 0xFF, 0x7F, 0x00, 0xE0, 0xFF, 0x7F, 0x00, 0xE0, 0xFF,
    0xFF, 0x00, 0xC0, 0xFF, 0xFF, 0x00, 0xC0, 0xFF, 0xFF, 0x00, 0xC0, 0xFF, 0xFF, 0x00, 0xC0, 0xFF,
    0xFF, 0x01, 0xC0, 0xFF, 0xFF, 0x01, 0x80, 0xFF, 0xFF, 0x01, 0x80, 0xFF, 0xFF, 0x01, 0x80, 0xFF,
    0xFF, 0x01, 0x80, 0xFF, 0xFF, 0x03, 0x00, 0xFF, 0xFF, 0x03, 0x00, 0xFF, 0xFF, 0x03, 0x00, 0xFF,
    0xFF, 0x03, 0x00, 0xFF, 0xFF, 0x07, 0x00, 0xFF, 0xFF, 0x07, 0x00, 0xFE, 0xFF, 0x07, 0x00, 0xFE,
    0xFF, 0x07, 0x00, 0xFE, 0xFF, 0x07, 0x00, 0xFC, 0xFF, 0x0F, 0x00, 0xF8, 0xFF, 0x0F, 0x00, 0xF8,
    0xFF, 0x0F, 0x00, 0xF8, 0xFF, 0x0F, 0x00, 0xF8, 0xFF, 0x0F, 0x00, 0xF8, 0xFF, 0x1F, 0x00, 0xF0,
    0xFF, 0x1F, 0x00, 0xF0, 0xFF, 0x1F, 0x00, 0xF0, 0xFF, 0x1F, 0x00, 0xF0, 0xFF, 0x1F, 0x00, 0xE0,
    0xFF, 0x3F, 0x00, 0xE0, 0xFF, 0x3F, 0x00, 0xE0, 0xFF, 0x3F, 0x00, 0xE0, 0xFF, 0x3F, 0x00, 0xC0,
    0xFF, 0x7F, 0x00, 0xC0, 0xFF, 0x7F, 0x00, 0xC0, 0xFF, 0x7F, 0x00, 0xC0, 0xFF, 0x3F, 0x00, 0x80,
    0xFF, 0x3F, 0x00, 0x80, 0xFF, 0x7F, 0x00, 0x80, 0xFF, 0x7F, 0x00, 0x00, 0xFF, 0x7F, 0x00, 0x00,
    0xFF, 0x7F, 0x00, 0x00, 0xFF, 0x7F, 0x00, 0x00, 0xFE, 0x7F, 0x00, 0x00, 0xFE, 0x7F, 0x00, 0x00,
    0xFE, 0x7F, 0x00, 0x00, 0xFC, 0x7F, 0x00, 0x00, 0xFC, 0x7F, 0x00, 0x00, 0xF8, 0x7F, 0x00, 0x00,
    0xF8, 0x7F, 0x00, 0x00, 0xF0, 0x7F, 0x00, 0x00, 0xE0, 0x7F, 0x00, 0x00, 0xE0, 0x7F, 0x00, 0x00,
    0x80, 0x7F, 0x00, 0x00, 0x80, 0x7F, 0x00, 0x00, 0x00, 0x7F, 0x00, 0x00, 0x00, 0x00, 0x00, 0x00,
    0x00, 0x00, 0x00, 0x00, 0x00, 0x00, 0x00, 0x00, 0x00, 0x00, 0x00, 0x00, 0x00, 0x00, 0x00, 0x00,
    0x00, 0x00, 0x00, 0x00, 0x00, 0x00, 0x00, 0x00, 0x00, 0x00, 0x00, 0x00, 0x00, 0x00, 0x00, 0x00,
    0x00, 0x00, 0xFD, 0xFF, 0xFF, 0xFF, 0xFF, 0xFF, 0xFF, 0xFF, 0xFF, 0xFF, 0xFF, 0xFF, 0xFF, 0xE2,
    0x7F, 0xFF, 0xFD, 0xFF, 0xFF, 0xFF, 0xDF, 0xB6, 0x6D, 0xFF, 0xB6, 0x6D, 0xDB, 0xB6, 0x6D, 0xDB,
    0xB6, 0xBD, 0xF7, 0xDE, 0xFB, 0x7F, 0x7E, 0xDE, 0x9F, 0xF7, 0x7F, 0x80, 0xEC, 0xAB, 0xAF, 0xBE,
    0xFA, 0xEA, 0xAB, 0xBF, 0xFE, 0xFA, 0xEB, 0xAF, 0xBF, 0x3E, 0xFA, 0xE8, 0xA3, 0x8F, 0x3E, 0xFA,
    0xEB, 0xAF, 0xBF, 0xFE, 0xFA, 0xEB, 0xAF, 0xBF, 0xFE, 0xFA, 0xEB, 0xAF, 0xBF, 0xFE, 0xFA, 0xEB,
    0xAF, 0xBF, 0xFE, 0xFA, 0xEB, 0xAF, 0xBF, 0xFE, 0xFE, 0xFF, 0xFF, 0xFF, 0xFF, 0xFF, 0xFF, 0xFF,
    0xFF, 0xFF, 0xFF, 0xFF, 0xFF, 0xFF, 0xFF, 0xFF, 0xFF, 0xFF, 0xFF, 0xFF, 0xFF, 0xFF, 0xFF, 0xFF,
    0xFF, 0xFF, 0xFF, 0xFF, 0xFF, 0xFF, 0xFF, 0xFF, 0xFF, 0xFF, 0xFF, 0xFF, 0xFF, 0xFF, 0xDF, 0xBB,
    0x87, 0xE3, 0xBF, 0xDF, 0xEF, 0xF7, 0xFB, 0xFD, 0x7E, 0xBF, 0xDF, 0xEF, 0xF7, 0xFB, 0xFD, 0xFF,
    0xFF, 0xFF, 0xFF, 0xFF, 0xFF, 0x00, 0x7F, 0x7F, 0x7F, 0x7F, 0x7F, 0x7F, 0x7F, 0x7F, 0x7F, 0x7F,
    0x7F, 0xFF, 0xF7, 0xF7, 0xF7, 0xF7, 0xF7, 0xF7, 0xF7, 0x7F, 0x7F, 0x7F, 0x7F, 0x7F, 0xFF, 0xF7,
    0xF7, 0xF7, 0xF7, 0xF7, 0xF7, 0xF7, 0xF7, 0xF7, 0xF7, 0xF7, 0xF7, 0xF7, 0xF7, 0xF7, 0xF7, 0xF7,
    0xF7, 0xF7, 0xF7, 0xF7, 0xF7, 0xF7, 0xF7, 0xF7, 0xF7, 0xF7, 0xF7, 0xF7, 0xF7, 0xF7, 0xF7, 0xF7,
    0xF7, 0xF7, 0xF7, 0xF7, 0xF7, 0xF7, 0x77, 0x77, 0x77, 0xF7, 0xF7, 0x77, 0x77, 0x77, 0xFF, 0x1F,
    0x00, 0x00, 0xC0, 0xFF, 0x03, 0x00, 0x00, 0x78, 0x3F, 0x00, 0x00, 0x00, 0xF8, 0x0F, 0x00, 0x00,
    0xE0, 0xFF, 0x01, 0x00, 0x00, 0xFC, 0x3F, 0x00, 0x00, 0x80, 0xFF, 0x07, 0x00, 0x00, 0xF0, 0xFF,
    0x00, 0x00, 0x00, 0xFE, 0x0F, 0x00, 0x00, 0x40, 0xFE, 0xFF, 0xFF, 0xFF, 0xFF, 0xFF, 0xFF, 0xFF,
    0xF9, 0xFF, 0xFF, 0xFF, 0x7F, 0xFE, 0xFF, 0xE7, 0xFF, 0x7F, 0xFE, 0x7F, 0xFE, 0x9F, 0xFF, 0xE7,
    0xFF, 0xF9, 0xE7, 0xFF, 0xE7, 0x9F, 0x7F, 0xFE, 0xF9, 0xC7, 0xE0, 0xFD, 0xFF, 0xFF, 0xFD, 0xFF,
    0xFF, 0xFF, 0xFF, 0xFF, 0xFF, 0xFF, 0xFF, 0xFF, 0xFF, 0xDF, 0xBD, 0xFB, 0xFF, 0xFF, 0xFF, 0xFF,
    0xFF, 0xFF, 0xFF, 0xFF, 0xFF, 0xFF, 0xFF, 0xFF, 0x87, 0xFF, 0xFF, 0xFF, 0xFF, 0xFF, 0xFF, 0xFF,
    0xFF, 0xFF, 0xFF, 0x1F, 0xFE, 0xFF, 0xFF, 0xFF, 0xFF, 0xFF, 0xFF, 0xFF, 0xFF, 0xFF, 0x7F, 0xF8,
    0xFF, 0xFF, 0xFF, 0xFF, 0xFF, 0xFF, 0xFF, 0xFF, 0xFF, 0xFF, 0xE1, 0xFF, 0xFF, 0xFF, 0xFF, 0xFF,
    0xFF, 0xFF, 0xFF, 0xFF, 0xFF, 0x87, 0xFF, 0xFF, 0xFF, 0xFF, 0xFF, 0xFF, 0xFF, 0xFF, 0xFF, 0xFF,
    0x1F, 0xFE, 0xFF, 0xFF, 0xFF, 0xFF, 0xDF, 0xFF, 0xFF, 0xFF, 0xFF, 0xFF, 0xFF, 0xFF, 0xFF, 0xFF,
    0xFF, 0xFF, 0xFF, 0xFF, 0xFF, 0xFF, 0xFF, 0xFF, 0xDD, 0xBB, 0xFF, 0xF7, 0xFF, 0xFF, 0xFF, 0xFF,
    0xFF, 0xFD, 0xFF, 0xFF, 0xFF, 0xFF, 0x7F, 0xF8, 0xFF, 0xFF, 0xFF, 0xFF, 0xFF, 0xFF, 0xFF, 0xFF,
    0xFF, 0xFF, 0xE1, 0xFF, 0xFF, 0xFF, 0xFF, 0xFF, 0xFF, 0xFF, 0xFF, 0xFF, 0xFF, 0x87, 0xFF, 0xFF,
    0xFF, 0xFF, 0xFF, 0xFF, 0xFF, 0xFF, 0xFF, 0xFF, 0x1F, 0xFE, 0xFF, 0xFF, 0xFF, 0xFF, 0xFF, 0xFF,
    0xFF, 0xFF, 0xFF, 0x7F, 0xF8, 0xFF, 0xFF, 0xFF, 0xFF, 0xFF, 0xFF, 0xFF, 0xFF, 0xFF, 0xFF, 0xE1,
    0xFF, 0xFF, 0xFF, 0xFF, 0xFF, 0xFF, 0x77, 0xEF, 0xFE, 0xDF, 0xFF, 0xFF, 0xFF, 0xFF, 0xFF, 0xF7,
    0xFF, 0xFF, 0xFF, 0xFF, 0xFF, 0xE1, 0xFF, 0xFF, 0xFF, 0xFF, 0xFF, 0xFF, 0xFF, 0xFF, 0xFF, 0xFF,
    0x87, 0xFF, 0xFF, 0xFF, 0xFF, 0xFF, 0xFF, 0xFF, 0xFF, 0xFF, 0xFF, 0x1F, 0xFE, 0xFF, 0xFF, 0xFF,
    0xFF, 0xFF, 0xFF, 0xFF, 0xFF, 0xFF, 0x7F, 0xF8, 0xFF, 0xFF, 0xFF, 0xFF, 0xFF, 0xFF, 0xFF, 0xFF,
    0xFF, 0xFF, 0xE1, 0xFF, 0xFF, 0xFF, 0xFF, 0xFF, 0xFF, 0xFF, 0xFF, 0xFF, 0xFF, 0x87, 0xFF, 0xFF,
    0xFF, 0xFF, 0xFF, 0xFF, 0xFF, 0xFF, 0xFF, 0xFF, 0xFF, 0xFF, 0xFF, 0xFF, 0xFF, 0xFF, 0x0F, 0x00,
    0x07, 0x80, 0x03, 0xC0, 0x01, 0xE0, 0x00, 0x70, 0x00, 0x38, 0x00, 0x1C, 0x00, 0x0E, 0x0E, 0x0E,
    0x0E, 0x0E, 0x0E, 0x0E, 0x0E, 0x1E, 0x1E, 0x1E, 0x1E, 0x3E, 0x7E, 0x7E, 0x7E, 0x7E, 0x7E, 0x7E,
    0x7E, 0x7E, 0x3E, 0x3E, 0x3E, 0x3E, 0x3E, 0xFE, 0xFE, 0x3E, 0x3E, 0x3E, 0xFE, 0xE7, 0x7F, 0xFC,
    0xCF, 0xFF, 0xF8, 0x9F, 0xFF, 0xF1, 0x3F, 0xFF, 0xE3, 0xF1, 0xF1, 0xF9, 0xF8, 0x7C, 0x3C, 0x3E,
    0x3E, 0x1F, 0x8F, 0x8F, 0xC7, 0xC7, 0xE7, 0xE3, 0xF3, 0xF1, 0xF8, 0xF8, 0x7C, 0x3C, 0x3E, 0x7E,
    0x7F, 0xBF, 0xBF, 0xDF, 0xDF, 0xEF, 0xEF, 0xF7, 0xF7, 0xFF, 0xFB, 0xFF, 0xFD, 0xFF, 0xFE, 0x7F,
    0xFF, 0xBF, 0xDF, 0xDF, 0xEF, 0xEF, 0xF7, 0xF7, 0xFB, 0xFB, 0xFD, 0x7D, 0x3E, 0x3E, 0x1F, 0x9F,
    0x8F, 0xCF, 0xC7, 0xE7, 0xE3, 0xF3, 0xF1, 0xF9, 0xF8, 0x7C, 0x7C, 0x3E, 0xFE, 0xF7, 0xFF, 0xFF,
    0xFF, 0xFF, 0xE7, 0xFF, 0xBF, 0xD2, 0x5A, 0x6B, 0xFF, 0xFF, 0x5F, 0x5A, 0x6B, 0xFF, 0xFF, 0xFF,
    0xFF, 0x97, 0xD6, 0x4A, 0x6B, 0xFF, 0xFF, 0xFF, 0xFF, 0xFF, 0x80, 0x0F, 0x50, 0xFB, 0xFF, 0xFF,
    0x03, 0x3C, 0x80, 0x07, 0xF0, 0x00, 0xFE, 0xC0, 0x1F, 0xA8, 0xBD, 0xF7, 0xDE, 0xFF, 0xFF, 0xFF,
    0xFF, 0xFF, 0xFF, 0x1F, 0xE0, 0x03, 0x7C, 0x80, 0x0F, 0xF0, 0x01, 0x3E, 0xC0, 0x07, 0xF8, 0x00,
    0x1F, 0xA0, 0xF7, 0xDE, 0x7B, 0xEF, 0xBD, 0xFF, 0xFF, 0xFF, 0xFF, 0xFF, 0xFF, 0xFF, 0xFF, 0xFF,
    0xFF, 0x03, 0xF4, 0xFF, 0x1F, 0xC0, 0x03, 0x78, 0x00, 0xBD, 0xF7, 0xFF, 0xFF, 0xFF, 0x05, 0x70,
    0x00, 0x06, 0x70, 0x00, 0x05, 0x50, 0x00, 0x05, 0x50, 0x00, 0xBD, 0xD7, 0xDE, 0x7B, 0xEF, 0xFF,
    0xA5, 0xB5, 0xD6, 0xDA, 0xFF, 0xFF, 0xFF, 0xFF, 0xF2, 0xE5, 0xCB, 0x97, 0xCB, 0xCB, 0xE5, 0xCB,
    0xE5, 0xF2, 0xE5, 0xCB, 0xBF, 0xFC, 0xCB, 0x97, 0xD6, 0xFE, 0x97, 0xE5, 0x2F, 0x5F, 0xBE, 0x2C,
    0xFF, 0x00, 0x3E, 0x80, 0x03, 0x70, 0x00, 0xBD, 0xF7, 0xFE, 0xFF, 0xFF, 0x2F, 0x97, 0x7F, 0x00,
    0xE5, 0xCB, 0xE5, 0x72, 0xB9, 0x5C, 0x2E, 0x97, 0xCB, 0x97, 0x2F, 0x5F, 0xDE, 0xB2, 0x2C, 0xCB,
    0xB2, 0x2C, 0xCB, 0x02, 0x2C, 0xCB, 0xB2, 0x2C, 0x8A, 0xB2, 0x2C, 0xCB, 0xB2, 0x2C, 0xCB, 0xB2,
    0x2C, 0xCB, 0xB2, 0x2C, 0xCB, 0xB2, 0x2C, 0x4B, 0xB0, 0x2C, 0xCB, 0xB2, 0x2C, 0xCB, 0xB2, 0x2C,
    0xCB, 0xB2, 0x2C, 0xCB, 0xFA, 0xFF, 0xFF, 0xFF, 0xFF, 0xFF, 0xFF, 0xFF, 0xFF, 0xFF, 0xDF, 0xFF,
    0xFD, 0xFF, 0xFF, 0x55, 0x55, 0xF5, 0xFF, 0xFF, 0xFF, 0xFF, 0xFF, 0xFF, 0xFF, 0xF7, 0xFF, 0xFF,
    0xFF, 0xFF, 0xFF, 0xFF, 0xFF, 0xFF, 0xFF, 0xFF, 0xFF, 0xFF, 0xFF, 0xFF, 0xFF, 0xFF, 0xFF, 0xFF,
    0xFF, 0xFF, 0xFF, 0xFF, 0xFF, 0xFF, 0xFF, 0xFF, 0xFF, 0xFF, 0xFF, 0xFF, 0xFF, 0xFF, 0xFF, 0xFF,
    0xFF, 0xFF, 0xFF, 0xFF, 0xDF, 0xFF, 0xFF, 0xFF, 0xFF, 0xFF, 0xFF, 0xFF, 0xFF, 0xFF, 0xFF, 0xFF,
    0xFF, 0xFF, 0xFF, 0xFF, 0xFF, 0xFF, 0xFF, 0xFF, 0xFF, 0xFF, 0xFF, 0xFF, 0xFF, 0xFF, 0xFF, 0xFF,
    0xCF, 0xB6, 0x6D, 0xFF, 0xE0, 0xFF, 0xFF, 0xEF, 0xFF, 0xFF, 0xFE, 0xFF, 0xFF, 0xF7, 0xF7, 0xF7,
    0xF7, 0xF7, 0xF7, 0xF7, 0xF7, 0xF7, 0xF7, 0xF7, 0xF7, 0xFF, 0x1D, 0x00, 0x0E, 0x00, 0xFF, 0xFF,
    0xFF, 0xFF, 0xFF, 0xFF, 0xFF, 0xFF, 0xFF, 0xFF, 0xFF, 0xFF, 0xFF, 0xFF, 0xFF, 0xFF, 0xFF, 0xFF,
    0xFF, 0xFF, 0xFF, 0xFF, 0xFF, 0xFF, 0xFF, 0xFF, 0xFF, 0xFF, 0xFF, 0xFF, 0xFF, 0xFF, 0xFF, 0xFF,
    0xFF, 0xFF, 0xFF, 0xFF, 0x7F, 0x55, 0xF5, 0xFF, 0xFF, 0xBF, 0xDD, 0xE6, 0x7F, 0xFF, 0xFD, 0xE6,
    0x7F, 0xFF, 0xFD, 0xE6, 0x7F, 0xFE, 0xFF, 0xFF, 0x3F, 0x00, 0x00, 0x00, 0x00, 0x00, 0x00, 0x00,
    0x00, 0x00, 0x00, 0x00, 0x00, 0x00, 0x00, 0x00, 0x00, 0x00, 0x00, 0x00, 0x00, 0x00, 0x00, 0x00,
    0x00, 0x00, 0x00, 0x00, 0x00, 0x00, 0x00, 0x00, 0x00, 0x00, 0x00, 0x00, 0x00, 0x00, 0x00, 0x00,
    0x00, 0x00, 0x00, 0x00, 0x00, 0x00, 0x00, 0x00, 0x00, 0x00, 0x00, 0x00, 0x00, 0x00, 0x00, 0x00,
    0x00, 0x00, 0x00, 0x00, 0x00, 0x00, 0x00, 0x00, 0x00, 0x00, 0x00, 0x00, 0x00, 0x00, 0x00, 0x00,
    0x00, 0x00, 0x00, 0x00, 0x00, 0x00, 0x00, 0x00, 0x00, 0x00, 0x00, 0x00, 0x00, 0x00, 0x00, 0x00,
    0x00, 0x00, 0x00, 0x00, 0x00, 0x00, 0x00, 0x00, 0x00, 0x00, 0x00, 0x00, 0x00, 0x00, 0x00, 0x00,
    0x00, 0x00, 0x00, 0x00, 0x00, 0x00, 0x00, 0x00, 0x00, 0x00, 0x00, 0x00, 0x00, 0x00, 0x00, 0x00,
    0x00, 0x00, 0x00, 0x00, 0x00, 0x00, 0x00, 0x00, 0x00, 0x00, 0x00, 0x00, 0x74, 0x3F, 0x00, 0x03,
    0xF4, 0xFF, 0xFF, 0xFF, 0xFF, 0xFF, 0xFF, 0xFF, 0xFF, 0xFF, 0xFF, 0xFF, 0xFF, 0xFF, 0xFF, 0xFF,
    0xFF, 0xFF, 0xFF, 0xFF, 0xFF, 0xFF, 0xFF, 0xFF, 0xFF, 0xFF, 0xFF, 0xFF, 0xFF, 0xFF, 0xFF, 0xFF,
    0xFF, 0xFF, 0xFF, 0xFF, 0xFF, 0xFF, 0xFF, 0xFF, 0xFF, 0xFF, 0xFF, 0xFF, 0xFF, 0xFF, 0xFF, 0xFF,
    0xFF, 0xFF, 0xFF, 0xFF, 0xFF, 0xFF, 0xFF, 0xFF, 0xFF, 0xFF, 0xFF, 0xFF, 0xFF, 0xFF, 0xFF, 0xFF,
    0x1F, 0xFE, 0xFF, 0xFF, 0xFF, 0xFF, 0xFF, 0xFF, 0xFF, 0xFF, 0xFF, 0xFF, 0xFF, 0xC1, 0xFF, 0xFF,
    0xFF, 0xFF, 0xFF, 0xFF, 0xFF, 0xFF, 0xFF, 0xFF, 0xFF, 0x3F, 0x00, 0x00, 0x00, 0x00, 0x00, 0x00,
    0x00, 0x00, 0x00, 0x00, 0x00, 0x00, 0x00, 0x00, 0x00, 0x00, 0x00, 0x00, 0x00, 0x00, 0xE0, 0xFF,
    0xFF, 0xFF, 0x0F, 0x00, 0x00, 0x00, 0x00, 0x00, 0x00, 0x00, 0x00, 0x00, 0x00, 0x00, 0x00, 0x00,
    0x00, 0x00, 0x00, 0x00, 0x00, 0x00, 0x00, 0x00, 0x00, 0x00, 0x00, 0x00, 0x00, 0x00, 0x00, 0x00,
    0x00, 0x00, 0x00, 0x00, 0x00, 0x00, 0x00, 0x00, 0x00, 0x00, 0x00, 0x00, 0x00, 0x00, 0x00, 0x00,
    0x00, 0x00, 0x00, 0x00, 0x00, 0x00, 0x00, 0x00, 0x00, 0x00, 0x00, 0x00, 0x00, 0x00, 0x00, 0x00,
    0x00, 0x00, 0x00, 0x00, 0x00, 0x00, 0x00, 0x00, 0x00, 0x00, 0x00, 0x00, 0x00, 0x00, 0x00, 0x00,
    0x00, 0x00, 0x00, 0x00, 0x00, 0x00, 0x00, 0x00, 0x00, 0x00, 0x00, 0x00, 0x00, 0x00, 0x00, 0x00,
    0x00, 0x00, 0x00, 0x00, 0x00, 0x00, 0x00, 0x00, 0x00, 0x00, 0x00, 0x00, 0x00, 0x00, 0x00, 0x00,
    0x00, 0x00, 0x00, 0x00, 0x00, 0x00, 0x00, 0x00, 0x00, 0x00, 0x00, 0x00, 0x00, 0x00, 0x00, 0x00,
    0x00, 0x00, 0x00, 0x00, 0x00, 0x00, 0x00, 0x00, 0x00, 0x00, 0x00, 0x00, 0x00, 0x00, 0x00, 0x00,
    0x00, 0x00, 0x00, 0x00, 0x00, 0x00, 0x00, 0x00, 0x00, 0x00, 0x00, 0x00, 0x00, 0x00, 0x00, 0x00,
    0x00, 0x00, 0x00, 0x00, 0x00, 0x00, 0x00, 0x00, 0x00, 0x00, 0x00, 0x00, 0x00, 0x00, 0x00, 0x00,
    0x00, 0x00, 0x00, 0x00, 0x00, 0x00, 0x00, 0x00, 0x00, 0x00, 0x00, 0x00, 0x00, 0x00, 0x00, 0x00,
    0x00, 0x00, 0x00, 0x00, 0x00, 0x00, 0x00, 0x00, 0x00, 0x00, 0x00, 0x00, 0x00, 0x00, 0x00, 0x00,
    0x00, 0x00, 0x00, 0x00, 0x00, 0x00, 0x00, 0x00, 0x00, 0x00, 0x00, 0x00, 0x00, 0x00, 0x00, 0x00,
    0x00, 0x00, 0x00, 0x00, 0x00, 0x00, 0x00, 0x00, 0x00, 0x00, 0x00, 0x00, 0x00, 0x00, 0x00, 0x00,
    0x00, 0x00, 0x00, 0x00, 0x00, 0x00, 0x00, 0x00, 0x00, 0x00, 0x00, 0x00, 0x00, 0x00, 0x00, 0x00,
    0x00, 0x00, 0x00, 0x00, 0x00, 0x00, 0x00, 0x00, 0x00, 0x00, 0x00, 0x00, 0x00, 0x00, 0x00, 0x00,
    0x00, 0x00, 0x00, 0x00, 0x00, 0x00, 0x00, 0x00, 0x00, 0x00, 0x00, 0x00, 0x00, 0x00, 0x00, 0x00,
    0x00, 0x00, 0x00, 0x00, 0x00, 0x00, 0x00, 0x00, 0x00, 0x00, 0x00, 0x00, 0x00, 0x00, 0x00, 0x00,
    0x00, 0x00, 0x00, 0x00, 0x00, 0x00, 0x00, 0x00, 0x00, 0x00, 0x00, 0x00, 0x00, 0x00, 0x00, 0x00,
    0x00, 0x00, 0x00, 0x00, 0x00, 0x00, 0x00, 0x00, 0x00, 0x00, 0x00, 0x00, 0x00, 0x00, 0x00, 0x00,
    0x00, 0x00, 0x00, 0x00, 0x00, 0x00, 0x00, 0x00, 0x00, 0x00, 0x00, 0x00, 0x00, 0x00, 0x00, 0x00,
    0x00, 0x00, 0x00, 0x00, 0x00, 0x00, 0x00, 0x00, 0x00, 0x00, 0x00, 0x00, 0x00, 0x00, 0x00, 0x00,
    0x00, 0x00, 0x00, 0x00, 0x00, 0x00, 0x00, 0x00, 0x00, 0x00, 0x00, 0x00, 0x00, 0x00, 0x00, 0x00,
    0x00, 0x00, 0x00, 0x00, 0x00, 0x00, 0x00, 0x00, 0x00, 0x00, 0x00, 0x00, 0x00, 0x00, 0x00, 0x00,
    0x00, 0x00, 0x00, 0x00, 0x00, 0x00, 0x00, 0x00, 0x00, 0x00, 0x00, 0x00, 0x00, 0x00, 0x00, 0x00,
    0x00, 0x00, 0x00, 0x00, 0x00, 0x00, 0x00, 0x00, 0x00, 0x00, 0x00, 0x00, 0x00, 0x00, 0x00, 0x00,
    0x00, 0x00, 0x00, 0x00, 0x00, 0x00, 0x00, 0x00, 0x00, 0x00, 0x00, 0x00, 0x00, 0x00, 0x00, 0x00,
    0x00, 0x00, 0x00, 0x00, 0x00, 0x00, 0x00, 0x00, 0x00, 0x00, 0x00, 0x00, 0x00, 0x00, 0x00, 0x00,
    0x00, 0x00, 0x00, 0x00, 0x00, 0x00, 0x00, 0x00, 0x00, 0x00, 0x00, 0x00, 0x00, 0x00, 0x00, 0x00,
    0x00, 0x00, 0x00, 0x00, 0x00, 0x00, 0x00, 0x00, 0x00, 0x00, 0x00, 0x00, 0x00, 0x00, 0x00, 0x00,
    0x00, 0x00, 0x00, 0x00, 0x00, 0x00, 0x00, 0x00, 0x00, 0x00, 0x00, 0x00, 0x00, 0x00, 0x00, 0x00,
    0x00, 0x00, 0x00, 0x00, 0x00, 0x00, 0x00, 0x00, 0x00, 0x00, 0x00, 0x00, 0x00, 0x00, 0x00, 0x00,
    0x00, 0x00, 0x00, 0x00, 0x00, 0x00, 0x00, 0x00, 0x00, 0x00, 0x00, 0x00, 0x00, 0x00, 0x00, 0x00,
    0x00, 0x00, 0x00, 0x00, 0x00, 0x00, 0x00, 0x00, 0x00, 0x00, 0x00, 0x00, 0x00, 0x00, 0x00, 0x00,
    0x00, 0x00, 0x00, 0x00, 0x00, 0x00, 0x00, 0x00, 0x00, 0x00, 0x00, 0x00, 0x00, 0x00, 0x00, 0x00,
    0x00, 0x00, 0x00, 0x00, 0x00, 0x00, 0x00, 0x00, 0x00, 0x00, 0x00, 0x00, 0x00, 0x00, 0x00, 0x01,
    0x00, 0x00, 0x00, 0x00, 0x00, 0x00, 0x00, 0x00, 0x00, 0x00, 0x00, 0x00, 0x00, 0x00, 0x00, 0xF6,
    0x07, 0xFE, 0x8F, 0x7A, 0x8F, 0x7A, 0xAF, 0x7A, 0x8F, 0x78, 0xDF, 0x7A, 0x57, 0x10, 0x10, 0xFF,
    0x83, 0xFF, 0xD3, 0xFF, 0xFF, 0xFF, 0xDF, 0xFF, 0xF3, 0xFF, 0x5F, 0xFF, 0x8F, 0x00, 0x08, 0xFF,
    0xFF, 0xFF, 0xFF, 0xFF, 0xFF, 0xFF, 0xFF, 0xFF, 0xFF, 0xFF, 0xFF, 0xFF, 0xFF, 0x00, 0x00, 0xFF,
    0x6F, 0xFF, 0x7F, 0xFF, 0x3F, 0xFF, 0x3F, 0xFF, 0x3F, 0xFF, 0x3F, 0xFF, 0x2F, 0x00, 0x28, 0xFE,
    0xFF, 0x3F, 0x00, 0x00, 0x00, 0xC0, 0xFF, 0x23, 0xFC, 0x07, 0xC0, 0xFF, 0xFF, 0xFF, 0x7F, 0xFC,
    0x48, 0x00, 0x60, 0x08, 0x03, 0xFA, 0xFF, 0xFF, 0xFF, 0xFF, 0x07, 0x3C, 0x20, 0x23, 0xC0, 0x03,
    0x00, 0x43, 0xF8, 0xFF, 0xE7, 0xFF, 0x27, 0x00, 0xA3, 0x00, 0xF8, 0xFD, 0x5F, 0x00, 0xF8, 0xFF,
    0xFF, 0xFF, 0xFF, 0xFF, 0x1F, 0xFC, 0x0F, 0x00, 0xFE, 0x1F, 0x00, 0x00, 0x00, 0x00, 0x00, 0x00,
    0x00, 0x00, 0x00, 0x00, 0x00, 0x00, 0x00, 0x00, 0x00, 0x00, 0x00, 0x00, 0x00, 0x00, 0x00, 0x00,
    0x00, 0x00, 0x00, 0x00, 0x00, 0x00, 0x00, 0x00, 0x00, 0x80, 0x1F, 0x9F, 0x07, 0xFE, 0xFF, 0x1F,
    0x00, 0x80, 0xFF, 0x70, 0xFF, 0xFF, 0xFE, 0xFF, 0xFD, 0xFF, 0xFB, 0xFF, 0xF7, 0xFF, 0x6F, 0x2D,
    0xDC, 0x58, 0xB8, 0xFF, 0xFF, 0xFF, 0xFF, 0xFF, 0xFF, 0xFF, 0xFF, 0xFF, 0xFF, 0xFF, 0xFF, 0xFF,
    0xFF, 0xFF, 0xFF, 0xFF, 0xFF, 0xFF, 0xFF, 0xFF, 0xFF, 0xFF, 0xFF, 0x0F, 0xAA, 0xAA, 0xAA, 0xAA,
    0xAA, 0xAA, 0xAA, 0xAA, 0xAA, 0xAA, 0xAA, 0xAA, 0xAA, 0xAA, 0xAA, 0xAA, 0xAA, 0xAA, 0xAA, 0xAA,
    0xAA, 0xAA, 0xAA, 0xAA, 0xAA, 0xAA, 0xAA, 0xAA, 0xAA, 0xAA, 0xAA, 0xAA, 0xAA, 0xAA, 0xAA, 0xAA,
    0xAA, 0xAA, 0xAA, 0xAA, 0xAA, 0xAA, 0xAA, 0xAA, 0xAA, 0xAA, 0xAA, 0xAA, 0xAA, 0xAA, 0xAA, 0xAA,
    0xAA, 0xAA, 0xAA, 0xAA, 0xAA, 0xAA, 0xAA, 0xAA, 0xAA, 0xAA, 0xAA, 0x0A, 0xAA, 0xAA, 0xAA, 0xAA,
    0xAA, 0xAA, 0xAA, 0xAA, 0xAA, 0xAA, 0xAA, 0xAA, 0xAA, 0xAA, 0xAA, 0xAA, 0xAA, 0xAA, 0xAA, 0xAA,
    0xAA, 0xAA, 0xAA, 0xAA, 0xAA, 0xAA, 0xAA, 0xAA, 0xAA, 0xAA, 0xAA, 0xAA, 0xAA, 0xAA, 0xAA, 0xAA,
    0xAA, 0xAA, 0xAA, 0xAA, 0xAA, 0xAA, 0xAA, 0xAA, 0xAA, 0xAA, 0xAA, 0xAA, 0xAA, 0xAA, 0xAA, 0xAA,
    0xAA, 0xAA, 0xAA, 0xAA, 0xAA, 0xAA, 0xAA, 0xAA, 0xAA, 0xAA, 0xAA, 0x2A, 0x00, 0x00, 0x00, 0x00,
    0x00, 0x00, 0x00, 0x00, 0xAA, 0xAA, 0xAA, 0xAA, 0xAA, 0xAA, 0xAA, 0xAA, 0xEA, 0xEA, 0xEA, 0xEA,
    0xEA, 0xEA, 0xEA, 0xEA, 0xEA, 0xEA, 0xEA, 0xEA, 0xEA, 0xEA, 0xEA, 0xEA, 0xAA, 0xAA, 0xAA, 0xAA,
    0xAA, 0xAA, 0xAA, 0xAA, 0xAA, 0xAA, 0xAA, 0xAA, 0xAA, 0xAA, 0xAA, 0xAA, 0xAA, 0xAA, 0xAA, 0xAA,
    0xAA, 0xAA, 0xAA, 0xAA, 0xAA, 0xAA, 0xAA, 0xAA, 0xAA, 0xAA, 0xAA, 0xAA, 0xAA, 0xAA, 0xFE, 0xFF,
    0xFF, 0xFF, 0xFF, 0xFF, 0xAB, 0xAA, 0xFE, 0xFF, 0xFF, 0xFF, 0xFF, 0xFF, 0xAB, 0xAA, 0xFE, 0xFF,
    0xFF, 0xFF, 0xFF, 0xFF, 0xAB, 0xAA, 0xFE, 0xFF, 0xFF, 0xFF, 0xFF, 0xFF, 0xAB, 0xAA, 0xFE, 0xFF,
    0xFF, 0xFF, 0xFF, 0xFF, 0xAB, 0xAA, 0xFE, 0xFF, 0xFF, 0xFF, 0xFF, 0xFF, 0xAB, 0xAA, 0xFE, 0xFF,
    0xFF, 0xFF, 0xFF, 0xFF, 0xAB, 0xAA, 0xFE, 0xFF, 0xFF, 0xFF, 0xFF, 0xFF, 0xBB, 0xAA, 0xEA, 0xFF,
    0xFF, 0xFF, 0xFF, 0xFF, 0xFF, 0xFF, 0xFF, 0xFF, 0xFF, 0xFF, 0xFF, 0xFF, 0xBB, 0xAA, 0xEA, 0xFF,
    0xFF, 0xFF, 0xFF, 0xFF, 0xFF, 0xFF, 0xFF, 0xFF, 0xFF, 0xFF, 0xFF, 0xFF, 0xBB, 0xAA, 0xEA, 0xFF,
    0xFF, 0xFF, 0xFF, 0xFF, 0xFF, 0xFF, 0xFF, 0xFF, 0xFF, 0xFF, 0xFF, 0xFF, 0xBB, 0xAA, 0xEA, 0xFF,
    0xFF, 0xFF, 0xFF, 0xFF, 0xFF, 0xFF, 0xFF, 0xFF, 0xFF, 0xFF, 0xFF, 0xFF, 0xBB, 0xAA, 0xEA, 0xFF,
    0xFF, 0xFF, 0xFF, 0xFF, 0xFF, 0xFF, 0xFF, 0xFF, 0xFF, 0xFF, 0xFF, 0xFF, 0xBB, 0xAA, 0xEA, 0xFF,
    0xFF, 0xFF, 0xFF, 0xFF, 0xFF, 0xFF, 0xFF, 0xFF, 0xFF, 0xFF, 0xFF, 0xFF, 0xBB, 0xAA, 0xEA, 0xFF,
    0xFF, 0xFF, 0xFF, 0xFF, 0xFF, 0xFF, 0xFF, 0xFF, 0xFF, 0xFF, 0xFF, 0xFF, 0xBB, 0xAA, 0xEA, 0xFF,
    0xFF, 0xFF, 0xFF, 0xFF, 0xFF, 0xFF, 0xFF, 0xFF, 0xFF, 0xFF, 0xFF, 0xFF, 0xAB, 0xEA, 0xFF, 0xFF,
    0xAB, 0xEA, 0xFF, 0xFF, 0xAB, 0xEA, 0xFF, 0xFF, 0xAB, 0xEA, 0xFF, 0xFF, 0xAB, 0xEA, 0xFF, 0xFF,
    0xAB, 0xEA, 0xFF, 0xFF, 0xAB, 0xEA, 0xFF, 0xFF, 0xAB, 0xEA, 0xFF, 0xFF, 0xAB, 0xEA, 0xFF, 0xFF,
    0xAB, 0xEA, 0xFF, 0xFF, 0xAB, 0xEA, 0xFF, 0xFF, 0xAB, 0xEA, 0xFF, 0xFF, 0xAB, 0xEA, 0xFF, 0xFF,
    0xAB, 0xEA, 0xFF, 0xFF, 0xAB, 0xEA, 0xFF, 0xFF, 0xAB, 0xEA, 0xFF, 0xFF, 0xEB, 0xAB, 0xFE, 0xFF,
    0xAB, 0xFE, 0xFF, 0xFF, 0xFF, 0xFF, 0xFF, 0xFF, 0xFF, 0xFF, 0xFF, 0xFF, 0xFF, 0xFF, 0xFF, 0xFF,
    0xFF, 0xFF, 0xFF, 0xFF, 0xFF, 0xFF, 0xFF, 0xFF, 0xFF, 0xFF, 0xFF, 0xFF, 0xEB, 0xAB, 0xFE, 0xFF,
    0xAB, 0xFE, 0xFF, 0xFF, 0xFF, 0xFF, 0xFF, 0xFF, 0xFF, 0xFF, 0xFF, 0xFF, 0xFF, 0xFF, 0xFF, 0xFF,
    0xFF, 0xFF, 0xFF, 0xFF, 0xFF, 0xFF, 0xFF, 0xFF, 0xFF, 0xFF, 0xFF, 0xFF, 0xEB, 0xAB, 0xFE, 0xFF,
    0xAB, 0xFE, 0xFF, 0xFF, 0xFF, 0xFF, 0xFF, 0xFF, 0xFF, 0xFF, 0xFF, 0xFF, 0xFF, 0xFF, 0xFF, 0xFF,
    0xFF, 0xFF, 0xFF, 0xFF, 0xFF, 0xFF, 0xFF, 0xFF, 0xFF, 0xFF, 0xFF, 0xFF, 0xEB, 0xAB, 0xFE, 0xFF,
    0xAB, 0xFE, 0xFF, 0xFF, 0xFF, 0xFF, 0xFF, 0xFF, 0xFF, 0xFF, 0xFF, 0xFF, 0xFF, 0xFF, 0xFF, 0xFF,
    0xFF, 0xFF, 0xFF, 0xFF, 0xFF, 0xFF, 0xFF, 0xFF, 0xFF, 0xFF, 0xFF, 0xFF, 0xEB, 0xAB, 0xFE, 0xFF,
    0xAB, 0xFE, 0xFF, 0xFF, 0xFF, 0xFF, 0xFF, 0xFF, 0xFF, 0xFF, 0xFF, 0xFF, 0xFF, 0xFF, 0xFF, 0xFF,
    0xFF, 0xFF, 0xFF, 0xFF, 0xFF, 0xFF, 0xFF, 0xFF, 0xFF, 0xFF, 0xFF, 0xFF, 0xEB, 0xAB, 0xFE, 0xFF,
    0xAB, 0xFE, 0xFF, 0xFF, 0xFF, 0xFF, 0xFF, 0xFF, 0xFF, 0xFF, 0xFF, 0xFF, 0xFF, 0xFF, 0xFF, 0xFF,
    0xFF, 0xFF, 0xFF, 0xFF, 0xFF, 0xFF, 0xFF, 0xFF, 0xFF, 0xFF, 0xFF, 0xFF, 0xAB, 0xFE, 0xFF, 0xFF,
    0xFF, 0xFF, 0xFF, 0xFF, 0xAB, 0xAA, 0xFE, 0xFF, 0xFF, 0xFF, 0xFF, 0xFF, 0xFF, 0xFF, 0xFF, 0xFF,
    0xFF, 0xFF, 0xFF, 0xFF, 0xFF, 0xFF, 0xFF, 0xFF, 0xFF, 0xFF, 0xFF, 0xFF, 0xFF, 0xFF, 0xFF, 0xFF,
    0xFF, 0xFF, 0xFF, 0xFF, 0xFF, 0xFF, 0xFF, 0xFF, 0xFF, 0xFF, 0xFF, 0xFF, 0xFF, 0xFF, 0xFF, 0xFF,
    0xFF, 0xFF, 0xFF, 0xFF, 0xFF, 0xFF, 0xFF, 0xFF, 0xFF, 0xFF, 0xFF, 0xFF, 0xAB, 0xFE, 0xFF, 0xFF,
    0xFF, 0xFF, 0xFF, 0xFF, 0xAB, 0xAA, 0xFE, 0xFF, 0xFF, 0xFF, 0xFF, 0xFF, 0xFF, 0xFF, 0xFF, 0xFF,
    0xFF, 0xFF, 0xFF, 0xFF, 0xFF, 0xFF, 0xFF, 0xFF, 0xFF, 0xFF, 0xFF, 0xFF, 0xFF, 0xFF, 0xFF, 0xFF,
    0xFF, 0xFF, 0xFF, 0xFF, 0xFF, 0xFF, 0xFF, 0xFF, 0xFF, 0xFF, 0xFF, 0xFF, 0xFF, 0xFF, 0xFF, 0xFF,
    0xFF, 0xFF, 0xFF, 0xFF, 0xFF, 0xFF, 0xFF, 0xFF, 0xFF, 0xFF, 0xFF, 0xFF, 0xAB, 0xFE, 0xFF, 0xFF,
    0xFF, 0xFF, 0xFF, 0xFF, 0xAB, 0xAA, 0xFE, 0xFF, 0xFF, 0xFF, 0xFF, 0xFF, 0xFF, 0xFF, 0xFF, 0xFF,
    0xFF, 0xFF, 0xFF, 0xFF, 0xFF, 0xFF, 0xFF, 0xFF, 0xFF, 0xFF, 0xFF, 0xFF, 0xFF, 0xFF, 0xFF, 0xFF,
    0xFF, 0xFF, 0xFF, 0xFF, 0xFF, 0xFF, 0xFF, 0xFF, 0xFF, 0xFF, 0xFF, 0xFF, 0xFF, 0xFF, 0xFF, 0xFF,
    0xFF, 0xFF, 0xFF, 0xFF, 0xFF, 0xFF, 0xFF, 0xFF, 0xFF, 0xFF, 0xFF, 0xFF, 0xAB, 0xFE, 0xFF, 0xFF,
    0xFF, 0xFF, 0xFF, 0xFF, 0xAB, 0xAA, 0xFE, 0xFF, 0xFF, 0xFF, 0xFF, 0xFF, 0xFF, 0xFF, 0xFF, 0xFF,
    0xFF, 0xFF, 0xFF, 0xFF, 0xFF, 0xFF, 0xFF, 0xFF, 0xFF, 0xFF, 0xFF, 0xFF, 0xFF, 0xFF, 0xFF, 0xFF,
    0xFF, 0xFF, 0xFF, 0xFF, 0xFF, 0xFF, 0xFF, 0xFF, 0xFF, 0xFF, 0xFF, 0xFF, 0xFF, 0xFF, 0xFF, 0xFF,
    0xFF, 0xFF, 0xFF, 0xFF, 0xFF, 0xFF, 0xFF, 0xFF, 0xFF, 0xFF, 0xFF, 0xFF, 0xAB, 0xAA, 0xFE, 0xFF,
    0xFF, 0xFF, 0xFF, 0xFF, 0xFF, 0xFF, 0xFF, 0xFF, 0xFF, 0xFF, 0xFF, 0xFF, 0xFF, 0xFF, 0xFF, 0xFF,
    0xFF, 0xFF, 0xFF, 0xFF, 0xFF, 0xFF, 0xFF, 0xFF, 0xFF, 0xFF, 0xFF, 0xFF, 0xFF, 0xFF, 0xFF, 0xFF,
    0xFF, 0xFF, 0xFF, 0xFF, 0xFF, 0xFF, 0xFF, 0xFF, 0xFF, 0xFF, 0xFF, 0xFF, 0xFF, 0xFF, 0xFF, 0xFF,
    0xFF, 0xFF, 0xFF, 0xFF, 0xFF, 0xFF, 0xFF, 0xFF, 0xFF, 0xFF, 0xFF, 0xFF, 0xFF, 0xFF, 0xFF, 0xFF,
    0xFF, 0xFF, 0xFF, 0xFF, 0xFF, 0xFF, 0xFF, 0xFF, 0xFF, 0xFF, 0xFF, 0xFF, 0xFF, 0xFF, 0xFF, 0xFF,
    0xFF, 0xFF, 0xFF, 0xFF, 0xFF, 0xFF, 0xFF, 0xFF, 0xFF, 0xFF, 0xFF, 0xFF, 0xFF, 0xFF, 0xFF, 0xFF,
    0xFF, 0xFF, 0xFF, 0xFF, 0xFF, 0xFF, 0xFF, 0xFF, 0xFF, 0xFF, 0xFF, 0xFF, 0xFF, 0xFF, 0xFF, 0xFF,
    0xFF, 0xFF, 0xFF, 0xFF, 0xFF, 0xFF, 0xFF, 0xFF, 0xFF, 0xFF, 0xFF, 0xFF, 0xAB, 0xAA, 0xFE, 0xFF,
    0xFF, 0xFF, 0xFF, 0xFF, 0xFF, 0xFF, 0xFF, 0xFF, 0xFF, 0xFF, 0xFF, 0xFF, 0xFF, 0xFF, 0xFF, 0xFF,
    0xFF, 0xFF, 0xFF, 0xFF, 0xFF, 0xFF, 0xFF, 0xFF, 0xFF, 0xFF, 0xFF, 0xFF, 0xFF, 0xFF, 0xFF, 0xFF,
    0xFF, 0xFF, 0xFF, 0xFF, 0xFF, 0xFF, 0xFF, 0xFF, 0xFF, 0xFF, 0xFF, 0xFF, 0xFF, 0xFF, 0xFF, 0xFF,
    0xFF, 0xFF, 0xFF, 0xFF, 0xFF, 0xFF, 0xFF, 0xFF, 0xFF, 0xFF, 0xFF, 0xFF, 0xFF, 0xFF, 0xFF, 0xFF,
    0xFF, 0xFF, 0xFF, 0xFF, 0xFF, 0xFF, 0xFF, 0xFF, 0xFF, 0xFF, 0xFF, 0xFF, 0xFF, 0xFF, 0xFF, 0xFF,
    0xFF, 0xFF, 0xFF, 0xFF, 0xFF, 0xFF, 0xFF, 0xFF, 0xFF, 0xFF, 0xFF, 0xFF, 0xFF, 0xFF, 0xFF, 0xFF,
    0xFF, 0xFF, 0xFF, 0xFF, 0xFF, 0xFF, 0xFF, 0xFF, 0xFF, 0xFF, 0xFF, 0xFF, 0xFF, 0xFF, 0xFF, 0xFF,
    0xFF, 0xFF, 0xFF, 0xFF, 0xFF, 0xFF, 0xFF, 0xFF, 0xFF, 0xFF, 0xFF, 0xFF, 0xAB, 0xAA, 0xAA, 0xAA,
    0xAA, 0xAA, 0xAA, 0xAA, 0xAA, 0xAA, 0xAA, 0xAA, 0xAA, 0xAA, 0xAA, 0xAA, 0xAA, 0xAA, 0xAA, 0xAA,
    0xAA, 0xAA, 0xAA, 0xAA, 0xAA, 0xAA, 0xAA, 0xAA, 0xAA, 0xAA, 0xAA, 0xAA, 0xAA, 0xAA, 0xAA, 0xAA,
    0xAA, 0xAA, 0xAA, 0xAA, 0xAA, 0xAA, 0xAA, 0xAA, 0xAA, 0xAA, 0xAA, 0xAA, 0xAA, 0xAA, 0xAA, 0xAA,
    0xAA, 0xAA, 0xAA, 0xAA, 0xAA, 0xAA, 0xAA, 0xAA, 0xAA, 0xAA, 0xAA, 0xAA, 0xAA, 0xAA, 0xAA, 0xAA,
    0xAA, 0xAA, 0xAA, 0xAA, 0xAA, 0xAA, 0xAA, 0xAA, 0xAA, 0xAA, 0xAA, 0xAA, 0xAA, 0xAA, 0xAA, 0xAA,
    0xAA, 0xAA, 0xAA, 0xAA, 0xAA, 0xAA, 0xAA, 0xAA, 0xAA, 0xAA, 0xAA, 0xAA, 0xAA, 0xAA, 0xAA, 0xAA,
    0xAA, 0xAA, 0xAA, 0xAA, 0xAA, 0xAA, 0xAA, 0xAA, 0xAA, 0xAA, 0xAA, 0xAA, 0xAA, 0xAA, 0xAA, 0xAA,
    0xAA, 0xAA, 0xAA, 0xAA, 0xAA, 0xAA, 0xAA, 0xAA, 0xAA, 0xAA, 0xAA, 0xAA, 0xAA, 0xAA, 0xAA, 0xAA,
    0xAA, 0xAA, 0xAA, 0xAA, 0xAA, 0xAA, 0xAA, 0xAA, 0xAA, 0xAA, 0xAA, 0xAA, 0xAA, 0xAA, 0xAA, 0xAA,
    0xAA, 0xAA, 0xAA, 0xAA, 0xAA, 0xAA, 0xAA, 0xAA, 0xAA, 0xAA, 0xAA, 0xAA, 0xAA, 0xAA, 0xAA, 0xAA,
    0xAA, 0xAA, 0xAA, 0xAA, 0xAA, 0xAA, 0xAA, 0xAA, 0xAA, 0xAA, 0xAA, 0xAA, 0xAA, 0xAA, 0xAA, 0xAA,
    0xAA, 0xAA, 0xAA, 0xAA, 0xAA, 0xAA, 0xAA, 0xAA, 0xAA, 0xAA, 0xAA, 0xAA, 0xAA, 0xAA, 0xAA, 0xAA,
    0xAA, 0xAA, 0xAA, 0xAA, 0xAA, 0xAA, 0xAA, 0xAA, 0xAA, 0xAA, 0xAA, 0xAA, 0xAA, 0xAA, 0xAA, 0xAA,
    0xAA, 0xAA, 0xAA, 0xAA, 0xAA, 0xAA, 0xAA, 0xAA, 0xAA, 0xAA, 0xAA, 0xAA, 0xAA, 0xAA, 0xAA, 0xAA,
    0xAA, 0xAA, 0xAA, 0xAA, 0xAA, 0xAA, 0xAA, 0xAA, 0xAA, 0xAA, 0xAA, 0xAA, 0xAA, 0xAA, 0xAA, 0xAA,
    0xAA, 0xAA, 0xAA, 0xAA, 0xAA, 0xAA, 0xAA, 0xAA, 0xAA, 0xAA, 0xAA, 0xAA, 0xAA, 0xAA, 0xAA, 0xAA,
    0xAA, 0xAA, 0xAA, 0xAA, 0xAA, 0xAA, 0xAA, 0xAA, 0xAA, 0xAA, 0xAA, 0xAA, 0xAA, 0xAA, 0xAA, 0xAA,
    0xAA, 0xAA, 0xAA, 0xAA, 0xAA, 0xAA, 0xAA, 0xAA, 0xAA, 0xAA, 0xAA, 0xAA, 0xAA, 0xAA, 0xAA, 0xAA,
    0xAA, 0xAA, 0xAA, 0xAA, 0xAA, 0xAA, 0xAA, 0xAA, 0xAA, 0xAA, 0xAA, 0xAA, 0xAA, 0xAA, 0xAA, 0xAA,
    0xAA, 0xAA, 0xAA, 0xAA, 0xAA, 0xAA, 0xAA, 0xAA, 0xAA, 0xAA, 0xAA, 0xAA, 0xAA, 0xAA, 0xAA, 0xAA,
    0xAA, 0xAA, 0xAA, 0xAA, 0xAA, 0xAA, 0xAA, 0xAA, 0xAA, 0xAA, 0xAA, 0xAA, 0xAA, 0xAA, 0xAA, 0xAA,
    0xAA, 0xAA, 0xAA, 0xAA, 0xAA, 0xAA, 0xAA, 0xAA, 0xAA, 0xAA, 0xAA, 0xAA, 0xAA, 0xAA, 0xAA, 0xAA,
    0xAA, 0xAA, 0xAA, 0xAA, 0xAA, 0xAA, 0xAA, 0xAA, 0xAA, 0xAA, 0xAA, 0xAA, 0xAA, 0xAA, 0xAA, 0xAA,
    0xAA, 0xAA, 0xAA, 0xAA, 0xAA, 0xAA, 0xAA, 0xAA, 0xAA, 0xAA, 0xAA, 0xAA, 0xAA, 0xAA, 0xAA, 0xAA,
    0xAA, 0xAA, 0xAA, 0xAA, 0xAA, 0xAA, 0xAA, 0xAA, 0xAA, 0xAA, 0xAA, 0xAA, 0xAA, 0xAA, 0xAA, 0xAA,
    0xAA, 0xAA, 0xAA, 0xAA, 0xAA, 0xAA, 0xAA, 0xAA, 0xAA, 0xAA, 0xAA, 0xAA, 0xAA, 0xAA, 0xAA, 0xAA,
    0xAA, 0xAA, 0xAA, 0xAA, 0xAA, 0xAA, 0xAA, 0xAA, 0xAA, 0xAA, 0xAA, 0xAA, 0xAA, 0xAA, 0xAA, 0xAA,
    0xAA, 0xAA, 0xAA, 0xAA, 0xAA, 0xAA, 0xAA, 0xAA, 0xAA, 0xAA, 0xAA, 0xAA, 0xAA, 0xAA, 0xAA, 0xAA,
    0xAA, 0xAA, 0xAA, 0xAA, 0xAA, 0xAA, 0xAA, 0xAA, 0xAA, 0xAA, 0xAA, 0xAA, 0xAA, 0xAA, 0xAA, 0xAA,
    0xAA, 0xAA, 0xAA, 0xAA, 0xAA, 0xAA, 0xAA, 0xAA, 0xAA, 0xAA, 0xAA, 0xAA, 0xAA, 0xAA, 0xAA, 0xAA,
    0xAA, 0xAA, 0xAA, 0xAA, 0xAA, 0xAA, 0xAA, 0xAA, 0xAA, 0xAA, 0xAA, 0xAA, 0xAA, 0xAA, 0xAA, 0xAA,
    0xAA, 0xAA, 0xAA, 0xAA, 0xAA, 0xAA, 0xAA, 0xAA, 0xAA, 0xAA, 0xAA, 0xAA, 0xAA, 0xAA, 0xAA, 0xAA,
    0xFE, 0xFF, 0xFF, 0xFF, 0xFF, 0xFF, 0xFF, 0xFF, 0xFF, 0xFF, 0xFF, 0xFF, 0xFF, 0xFF, 0xFF, 0xFF,
    0xFF, 0xFF, 0xFF, 0xFF, 0xFF, 0xFF, 0xFF, 0xFF, 0xFF, 0xFF, 0xFF, 0xFF, 0xFF, 0xFF, 0xFF, 0xFF,
    0xFF, 0xFF, 0xFF, 0xFF, 0xFF, 0xFF, 0xFF, 0xFF, 0xFF, 0xFF, 0xFF, 0xFF, 0xFF, 0xFF, 0xFF, 0xFF,
    0xFF, 0xFF, 0xFF, 0xFF, 0xFF, 0xFF, 0xFF, 0xFF, 0xFF, 0xFF, 0xFF, 0xFF, 0xFF, 0xFF, 0xFF, 0xFF,
    0xFF, 0xFF, 0xFF, 0xFF, 0xFF, 0xFF, 0xFF, 0xFF, 0xFF, 0xFF, 0xFF, 0xFF, 0xFF, 0xFF, 0xFF, 0xFF,
    0xFF, 0xFF, 0xFF, 0xFF, 0xFF, 0xFF, 0xFF, 0xFF, 0xFF, 0xFF, 0xFF, 0xFF, 0xFF, 0xFF, 0xFF, 0xFF,
    0xFF, 0xFF, 0xFF, 0xFF, 0xFF, 0xFF, 0xFF, 0xFF, 0xFF, 0xFF, 0xFF, 0xFF, 0xFF, 0xFF, 0xFF, 0xFF,
    0xFF, 0xFF, 0xFF, 0xFF, 0xFF, 0xFF, 0xFF, 0xFF, 0xFF, 0xFF, 0xFF, 0xFF, 0xFF, 0xFF, 0xFF, 0xFF,
    0xFF, 0xFF, 0xFF, 0xFF, 0xFF, 0xFF, 0xFF, 0xFF, 0xFF, 0xFF, 0xFF, 0xFF, 0xFF, 0xFF, 0xFF, 0xFF,
    0xFF, 0xFF, 0xFF, 0xFF, 0xFF, 0xFF, 0xFF, 0xFF, 0xFF, 0xFF, 0xFF, 0xFF, 0xFF, 0xFF, 0xFF, 0xFF,
    0xFF, 0xFF, 0xFF, 0xFF, 0xFF, 0xFF, 0xFF, 0xFF, 0xFF, 0xFF, 0xFF, 0xFF, 0xFF, 0xFF, 0xFF, 0xFF,
    0xFF, 0xFF, 0xFF, 0xFF, 0xFF, 0xFF, 0xFF, 0xFF, 0xFF, 0xFF, 0xFF, 0xFF, 0xFF, 0xFF, 0xFF, 0xFF,
    0xFF, 0xFF, 0xFF, 0xFF, 0xFF, 0xFF, 0xFF, 0xFF, 0xFF, 0xFF, 0xFF, 0xFF, 0xFF, 0xFF, 0xFF, 0xFF,
    0xFF, 0xFF, 0xFF, 0xFF, 0xFF, 0xFF, 0xFF, 0xFF, 0xFF, 0xFF, 0xFF, 0xFF, 0xFF, 0xFF, 0xFF, 0xFF,
    0xFF, 0xFF, 0xFF, 0xFF, 0xFF, 0xFF, 0xFF, 0xFF, 0xFF, 0xFF, 0xFF, 0xFF, 0xFF, 0xFF, 0xFF, 0xFF,
    0xFF, 0xFF, 0xFF, 0xFF, 0xFF, 0xFF, 0xFF, 0xFF, 0xFF, 0xFF, 0xFF, 0xFF, 0xAB, 0xAA, 0xAA, 0xAA,
    0xFE, 0xFF, 0xFF, 0xFF, 0xFF, 0xFF, 0xFF, 0xFF, 0xFF, 0xFF, 0xFF, 0xFF, 0xFF, 0xFF, 0xFF, 0xFF,
    0xFF, 0xFF, 0xFF, 0xFF, 0xFF, 0xFF, 0xFF, 0xFF, 0xFF, 0xFF, 0xFF, 0xFF, 0xFF, 0xFF, 0xFF, 0xFF,
    0xFF, 0xFF, 0xFF, 0xFF, 0xFF, 0xFF, 0xFF, 0xFF, 0xFF, 0xFF, 0xFF, 0xFF, 0xFF, 0xFF, 0xFF, 0xFF,
    0xFF, 0xFF, 0xFF, 0xFF, 0xFF, 0xFF, 0xFF, 0xFF, 0xFF, 0xFF, 0xFF, 0xFF, 0xFF, 0xFF, 0xFF, 0xFF,
    0xFF, 0xFF, 0xFF, 0xFF, 0xFF, 0xFF, 0xFF, 0xFF, 0xFF, 0xFF, 0xFF, 0xFF, 0xFF, 0xFF, 0xFF, 0xFF,
    0xFF, 0xFF, 0xFF, 0xFF, 0xFF, 0xFF, 0xFF, 0xFF, 0xFF, 0xFF, 0xFF, 0xFF, 0xFF, 0xFF, 0xFF, 0xFF,
    0xFF, 0xFF, 0xFF, 0xFF, 0xFF, 0xFF, 0xFF, 0xFF, 0xFF, 0xFF, 0xFF, 0xFF, 0xFF, 0xFF, 0xFF, 0xFF,
    0xFF, 0xFF, 0xFF, 0xFF, 0xFF, 0xFF, 0xFF, 0xFF, 0xFF, 0xFF, 0xFF, 0xFF, 0xFF, 0xFF, 0xFF, 0xFF,
    0xFF, 0xFF, 0xFF, 0xFF, 0xFF, 0xFF, 0xFF, 0xFF, 0xFF, 0xFF, 0xFF, 0xFF, 0xFF, 0xFF, 0xFF, 0xFF,
    0xFF, 0xFF, 0xFF, 0xFF, 0xFF, 0xFF, 0xFF, 0xFF, 0xFF, 0xFF, 0xFF, 0xFF, 0xFF, 0xFF, 0xFF, 0xFF,
    0xFF, 0xFF, 0xFF, 0xFF, 0xFF, 0xFF, 0xFF, 0xFF, 0xFF, 0xFF, 0xFF, 0xFF, 0xFF, 0xFF, 0xFF, 0xFF,
    0xFF, 0xFF, 0xFF, 0xFF, 0xFF, 0xFF, 0xFF, 0xFF, 0xFF, 0xFF, 0xFF, 0xFF, 0xFF, 0xFF, 0xFF, 0xFF,
    0xFF, 0xFF, 0xFF, 0xFF, 0xFF, 0xFF, 0xFF, 0xFF, 0xFF, 0xFF, 0xFF, 0xFF, 0xFF, 0xFF, 0xFF, 0xFF,
    0xFF, 0xFF, 0xFF, 0xFF, 0xFF, 0xFF, 0xFF, 0xFF, 0xFF, 0xFF, 0xFF, 0xFF, 0xFF, 0xFF, 0xFF, 0xFF,
    0xFF, 0xFF, 0xFF, 0xFF, 0xFF, 0xFF, 0xFF, 0xFF, 0xFF, 0xFF, 0xFF, 0xFF, 0xFF, 0xFF, 0xFF, 0xFF,
    0xFF, 0xFF, 0xFF, 0xFF, 0xFF, 0xFF, 0xFF, 0xFF, 0xFF, 0xFF, 0xFF, 0xFF, 0x01, 0x00, 0x00, 0x00,
    0x00, 0x00, 0x00, 0x00, 0xAA, 0xAA, 0xAA, 0xAA, 0xAA, 0xAA, 0xAA, 0xAA, 0xAA, 0xAA, 0xAA, 0xAA,
    0xAA, 0xAA, 0xAA, 0xAA, 0xAA, 0xAA, 0xAA, 0xAA, 0xAA, 0xAA, 0xAA, 0xAA, 0xAA, 0xAA, 0xAA, 0xAA,
    0xAA, 0xAA, 0xAA, 0xAA, 0xAA, 0xAA, 0xAA, 0xAA, 0xAA, 0xAA, 0xAA, 0xAA, 0xAA, 0xAA, 0xAA, 0xAA,
    0xAA, 0xAA, 0xAA, 0xAA, 0xAA, 0xAA, 0xAA, 0xAA, 0xAA, 0xAA, 0xAA, 0xAA, 0xAA, 0xAA, 0xAA, 0xAA,
    0xAA, 0xAA, 0xAA, 0xAA, 0xAA, 0xAA, 0xAA, 0xAA, 0xAA, 0xAA, 0xAA, 0xAA, 0xAA, 0xAA, 0xAA, 0xAA,
    0xAA, 0xAA, 0xAA, 0xAA, 0xAA, 0xAA, 0xAA, 0xAA, 0xAA, 0xAA, 0xAA, 0xAA, 0xAA, 0xAA, 0xAA, 0xAA,
    0xAA, 0xAA, 0xAA, 0xAA, 0xAA, 0xAA, 0xAA, 0xAA, 0xAA, 0xAA, 0xAA, 0xAA, 0xAA, 0xAA, 0xAA, 0xAA,
    0xAA, 0xAA, 0xAA, 0xAA, 0xAA, 0xAA, 0xAA, 0xAA, 0xAA, 0xAA, 0xAA, 0xAA, 0xC6, 0xF0, 0xA4, 0xFF,
    0xD8, 0x5F, 0x4F, 0xFF, 0xFB, 0xFF, 0x77, 0x35, 0xE2, 0x77, 0x3F, 0xF9, 0xEB, 0xFF, 0xB9, 0xFB,
    0xE5, 0xBF, 0xCA, 0x7F, 0xE7, 0x8B, 0xFF, 0xF0, 0x1F, 0x36, 0x5C, 0x55, 0x55, 0x55, 0x55, 0x55,
    0x55, 0x05, 0xA8, 0xBA, 0x94, 0xF9, 0xFF, 0xFF, 0xFF, 0xFF, 0xFF, 0xFF, 0xFF, 0xFF, 0xFF, 0xFF,
    0xFF, 0xFF, 0xFF, 0xFF, 0xFF, 0xFF, 0xFF, 0xFF, 0xFF, 0xFF, 0xFF, 0xBF, 0xFA, 0x5F, 0xFD, 0xAF,
    0xFE, 0x5F, 0xF5, 0xFF, 0x55, 0xFF, 0x5F, 0xF5, 0xFF, 0x55, 0xFF, 0x5F, 0xF5, 0xFF, 0xFF, 0xFF,
    0xFF, 0xFF, 0xFF, 0xFF, 0xFF, 0xFF, 0xFF, 0xFF, 0xFF, 0xFF, 0xFF, 0xFF, 0xFF, 0xFF, 0xFF, 0xFF,
    0xFF, 0xFF, 0xFF, 0xFF, 0xFF, 0xFF, 0xFF, 0xFF, 0xFF, 0xFF, 0xFF, 0xFF, 0xFF, 0xFF, 0xFF, 0xFF,
    0xFF, 0xFF, 0x5F, 0xE4, 0xFF, 0xFF, 0xFF, 0xFF, 0xFF, 0xFF, 0xFF, 0xFF, 0xFF, 0xFF, 0xFF, 0xFF,
    0xFF, 0xFF, 0xFF, 0xFF, 0xFF, 0xFF, 0xFF, 0xFF, 0xFF, 0xFF, 0xFF, 0xFF, 0xFF, 0xFF, 0xFF, 0xFF,
    0xFF, 0xFF, 0xFF, 0xFF, 0xFF, 0xFF, 0xFF, 0xFF, 0xFF, 0xFF, 0xFF, 0xFF, 0xFF, 0xFF, 0xFF, 0xFF,
    0xFF, 0xFF, 0xFF, 0xFF, 0x55, 0xFF, 0x5F, 0xF5, 0xFF, 0x55, 0xFF, 0x5F, 0xF5, 0xFF, 0x55, 0x5F,
    0xE6, 0xFF, 0xFF, 0xFF, 0xFF, 0xFF, 0xFF, 0xFF, 0xFF, 0xFF, 0xFF, 0xFF, 0xEA, 0xFF, 0xFF, 0xFF,
    0xFF, 0xFF, 0xFF, 0xFF, 0xFF, 0xFF, 0xFF, 0xFF, 0xFF, 0xFF, 0xFF, 0xFF, 0xFF, 0xFF, 0xFF, 0x5F,
    0xF5, 0xFF, 0x55, 0x5F, 0xE6, 0xFF, 0xFF, 0xFF, 0xFF, 0xFF, 0xFF, 0xFF, 0xFF, 0xFF, 0xFF, 0xFF,
    0xFF, 0xFF, 0xFF, 0xFF, 0xFF, 0xFF, 0xFF, 0xFF, 0xFF, 0xFF, 0xFF, 0xFF, 0xFF, 0xFF, 0xFF, 0xFF,
    0xFF, 0xFF, 0xFF, 0xFF, 0xFF, 0xFF, 0xEA, 0xFF, 0xFF, 0xFF, 0xFF, 0xFF, 0xFF, 0xFF, 0xFF, 0xFF,
    0xFF, 0xFF, 0xFF, 0xFF, 0xFF, 0xFF, 0xFF, 0xFF, 0xFF, 0xFF, 0xFF, 0xFF, 0xFF, 0xFF, 0xFF, 0xFF,
    0xFF, 0xFF, 0xFF, 0xFF, 0xFF, 0xFF, 0xFF, 0xFF, 0xFF, 0xFF, 0xFF, 0xFF, 0xFF, 0xFF, 0xFF, 0xFF,
    0xFF, 0xFF, 0xFF, 0xFF, 0xFF, 0xFF, 0xFF, 0xFF, 0xFF, 0xFF, 0xFF, 0xFF, 0xFF, 0xFF, 0xFF, 0xFF,
    0xFF, 0x5F, 0xF5, 0xFF, 0x55, 0xFF, 0x5F, 0xF5, 0xFF, 0x55, 0xFF, 0x5F, 0xF5, 0xFF, 0x55, 0xFF,
    0x5F, 0xF5, 0xFF, 0x55, 0xFF, 0x5F, 0xF5, 0xFF, 0x55, 0xFF, 0x5F, 0xF5, 0x01, 0x00, 0x00, 0x00,
};

static const uint32 rr_initial_dram_values[] = {
    0x8FBF0020u, 0x8FB3001Cu, 0x8FB20018u, 0x8FB10014u, 0x8FB00010u, 0x27BD0028u, 0x03E00008u, 0x8C8200D4u,
    0xACA20000u, 0x03E00008u, 0xAC8500D4u, 0x00801021u, 0x8C430000u, 0x8C440008u, 0x00031823u, 0xAC430000u,
    0x8C430004u, 0x00042023u, 0xAC440008u, 0x00031823u, 0x03E00008u, 0xAC430004u, 0x00056FC2u, 0x01A56821u,
    0x000D6043u, 0x318CFFFFu, 0x018C0018u, 0x00801021u, 0x00002012u, 0x3C039DE9u, 0x3463E65Bu, 0x00830019u,
    0x000D6BC3u, 0x3C078008u, 0x24E75538u, 0x31AD3FFCu, 0x01A77821u, 0x8DE30000u, 0x00602021u, 0x00032FC3u,
    0x3C031000u, 0x00003010u, 0x000635C2u, 0x00661823u, 0x00605021u, 0x00005821u, 0x008A0019u, 0x00004810u,
    0x00004012u, 0x008B0018u, 0x00007012u, 0x01450018u, 0x24E7F000u, 0x01A76821u, 0x000C3040u, 0x00CC3021u,
    0x000630C0u, 0x00CC3021u, 0x000630C0u, 0x00CC3021u, 0x00063100u, 0x00CC3021u, 0x000630C0u, 0x00001812u,
    0x8DA40000u, 0x00063303u, 0x00C40018u, 0x00002810u, 0x00002012u, 0x012E4821u, 0x01234821u, 0x0104182Bu,
    0x01044023u, 0x01254823u, 0x01234823u, 0x00084702u, 0x00091900u, 0x01034025u, 0x00094F03u, 0xAC48000Cu,
    0x8DE30000u, 0x00C30018u, 0x00003810u, 0x00003012u, 0x8DA30000u, 0x00602021u, 0x00032FC3u, 0x008A0019u,
    0x00004810u, 0x00004012u, 0x008B0018u, 0x00001812u, 0x01450018u, 0x00056FC2u, 0x01A56821u, 0x000D6043u,
    0x318CFFFFu, 0x018C0018u, 0x00801021u, 0x00002012u, 0x3C039DE9u, 0x3463E65Bu, 0x00830019u, 0x000D6BC3u,
    0x3C078008u, 0x24E75538u, 0x31AD3FFCu, 0x01A77821u, 0x8DE30000u, 0x00602021u, 0x00032FC3u, 0x3C031000u,
    0x00003010u, 0x000635C2u, 0x00661823u, 0x00605021u, 0x00005821u, 0x008A0019u, 0x00004810u, 0x00004012u,
    0x008B0018u, 0x00007012u, 0x01450018u, 0x24E7F000u, 0x01A76821u, 0x000C3040u, 0x00CC3021u, 0x000630C0u,
    0x00CC3021u, 0x000630C0u, 0x00CC3021u, 0x00063100u, 0x00CC3021u, 0x000630C0u, 0x00001812u, 0x8DA40000u,
    0x00063303u, 0x00C40018u, 0x00002810u, 0x00002012u, 0x012E4821u, 0x01234821u, 0x0104182Bu, 0x01044023u,
    0x01254823u, 0x01234823u, 0x00084702u, 0x00091900u, 0x01034025u, 0x00094F03u, 0xAC48000Cu, 0x8DE30000u,
    0x00C30018u, 0x00003810u, 0x00003012u, 0x8DA30000u, 0x00602021u, 0x00032FC3u, 0x008A0019u, 0x00004810u,
    0x00004012u, 0x008B0018u, 0x00001812u, 0x01450018u, 0x00055FC2u, 0x01655821u, 0x000B5043u, 0x314AFFFFu,
    0x014A0018u, 0x03E00008u, 0x8C850008u, 0x8C86002Cu, 0x24830068u, 0xAC83000Cu, 0x000510C0u, 0x00451021u,
    0x00021080u, 0x8C850008u, 0x00621821u, 0xAC830010u, 0x00051080u, 0x00451021u, 0x000210C0u, 0x8C850014u,
    0x00621821u, 0xAC830018u, 0x00051040u, 0x00451021u, 0x00021080u, 0x00451023u, 0x00021080u, 0x8C850014u,
    0x00621821u, 0xAC83001Cu, 0x00051040u, 0x00451021u, 0x00021100u, 0x8C850020u, 0x00621821u, 0xAC830024u,
    0x000510C0u, 0x00451021u, 0x00021080u, 0x00621821u, 0x00061040u, 0x00461021u, 0x00021080u, 0x8C850020u,
    0x00461023u, 0xAC830028u, 0x00052980u, 0x00651821u, 0x8C85002Cu, 0x00021080u, 0xAC830030u, 0x00621821u,
    0xAC830034u, 0x00051080u, 0x00451021u, 0x00021100u, 0x8C850038u, 0x00621821u, 0xAC83003Cu, 0x00051100u,
    0x00451023u, 0x00021080u, 0x8C850038u, 0x00621821u, 0xAC830040u, 0x000510C0u, 0x00451023u, 0x000210C0u,
    0x8C850044u, 0x00621821u, 0xAC830048u, 0x00051080u, 0x00451021u, 0x00021100u, 0x8C850044u, 0x00621821u,
    0xAC83004Cu, 0x000510C0u, 0x00451021u, 0x000210C0u, 0x8C850050u, 0x00621821u, 0xAC830054u, 0x00051100u,
    0x00451023u, 0x00021080u, 0x8C850050u, 0x00621821u, 0xAC830058u, 0x00051080u, 0x00451021u, 0x00021100u,
    0x8C85005Cu, 0x00621821u, 0xAC830060u, 0x00051080u, 0x00451021u, 0x00021100u, 0x00621821u, 0x24820008u,
    0x03E00008u, 0xAC830064u, 0x8C850000u, 0x8C86000Cu, 0x24830060u, 0xAC830004u, 0x00051040u, 0x00451021u,
    0x000210C0u, 0x8C850000u, 0x00621821u, 0xAC830008u, 0x00051080u, 0x00451021u, 0x000210C0u, 0x00621821u,
    0x00061040u, 0x00461021u, 0x8C85000Cu, 0x8C86003Cu, 0xAC830010u, 0x00052940u, 0x00651821u, 0x8C850018u,
    0x00021100u, 0xAC830014u, 0x00621821u, 0xAC83001Cu, 0x00051040u, 0x00451021u, 0x000210C0u, 0x00621821u,
    0x8C850018u, 0x8C820024u, 0xAC830020u, 0x00052980u, 0x00651821u, 0x8C850024u, 0x00021140u, 0xAC830028u,
    0x00621821u, 0xAC83002Cu, 0x00051080u, 0x00451021u, 0x00021100u, 0x8C850030u, 0x00621821u, 0xAC830034u,
    0x00051040u, 0x00451021u, 0x000210C0u, 0x8C850030u, 0x00621821u, 0xAC830038u, 0x000510C0u, 0x00451023u,
    0x000210C0u, 0x00621821u, 0x000610C0u, 0x8C85003Cu, 0x00461021u, 0xAC830040u, 0x00052940u, 0x00651821u,
    0x8C850048u, 0x000210C0u, 0xAC830044u, 0x00621821u, 0xAC83004Cu, 0x00051040u, 0x00451021u, 0x000210C0u,
    0x8C850048u, 0x00621821u, 0xAC830050u, 0x00051080u, 0x00451021u, 0x00021100u, 0x8C850054u, 0x00621821u,
    0xAC830058u, 0x00052940u, 0x00651821u, 0x03E00008u, 0xAC83005Cu, 0x8C850000u, 0x8C860024u, 0x24830060u,
    0xAC830004u, 0x000510C0u, 0x00451021u, 0x00021080u, 0x8C850000u, 0x00621821u, 0xAC830008u, 0x00051080u,
    0x00451021u, 0x000210C0u, 0x8C85000Cu, 0x00621821u, 0xAC830010u, 0x00051040u, 0x00451021u, 0x00021080u,
    0x00451023u, 0x00021080u, 0x8C85000Cu, 0x00621821u, 0xAC830014u, 0x00051040u, 0x00451021u, 0x00021100u,
    0x8C850018u, 0x00621821u, 0xAC83001Cu, 0x000510C0u, 0x00451021u, 0x00021080u, 0x00621821u, 0x00061040u,
    0x00461021u, 0x00021080u, 0x8C850018u, 0x00461023u, 0xAC830020u, 0x00052980u, 0x00651821u, 0x8C850024u,
    0x00021080u, 0xAC830028u, 0x00621821u, 0xAC83002Cu, 0x00051080u, 0x00451021u, 0x00021100u, 0x8C850030u,
    0x00621821u, 0xAC830034u, 0x00051100u, 0x00451023u, 0x00021080u, 0x8C850030u, 0x00621821u, 0xAC830038u,
    0x000510C0u, 0x00451023u, 0x000210C0u, 0x8C85003Cu, 0x00621821u, 0xAC830040u, 0x00051080u, 0x00451021u,
    0x00021100u, 0x8C85003Cu, 0x00621821u, 0xAC830044u, 0x000510C0u, 0x00451021u, 0x000210C0u, 0x8C850048u,
    0x00621821u, 0xAC83004Cu, 0x00051100u, 0x00451023u, 0x00021080u, 0x8C850048u, 0x00621821u, 0xAC830050u,
    0x00051080u, 0x00451021u, 0x00021100u, 0x8C850054u, 0x00621821u, 0xAC830058u, 0x00051080u, 0x00451021u,
    0x00021100u, 0x00621821u, 0x03E00008u, 0xAC83005Cu, 0x87822A4Cu, 0x8F8300B8u, 0x3C028002u, 0x244259BCu,
    0xAF8400B8u, 0xAC850010u, 0xAC800014u, 0xAC82000Cu, 0x03E00008u, 0xAC830028u, 0x816E0000u, 0x256B0001u,
    0xA0AE0000u, 0x24A50001u, 0x816E0000u, 0x256B0001u, 0xA0AE0000u, 0x24A50001u, 0x816E0000u, 0x256B0001u,
    0xA0AE0000u, 0x24A50001u, 0x816E0000u, 0x256B0001u, 0xA0AE0000u, 0x24A50001u, 0x816E0000u, 0x256B0001u,
    0xA0AE0000u, 0x24A50001u, 0x816E0000u, 0x256B0001u, 0xA0AE0000u, 0x24A50001u, 0x816E0000u, 0x256B0001u,
    0xA0AE0000u, 0x24A50001u, 0x816E0000u, 0x256B0001u, 0xA0AE0000u, 0x24A50001u, 0x816E0000u, 0x256B0001u,
    0xA0AE0000u, 0x24A50001u, 0x816E0000u, 0x256B0001u, 0xA0AE0000u, 0x24A50001u, 0x816E0000u, 0x256B0001u,
    0xA0AE0000u, 0x24A50001u, 0x816E0000u, 0x256B0001u, 0xA0AE0000u, 0x24A50001u, 0x816E0000u, 0x256B0001u,
    0xA0AE0000u, 0x24A50001u, 0x816E0000u, 0x256B0001u, 0xA0AE0000u, 0x24A50001u, 0x816E0000u, 0x256B0001u,
    0xA0AE0000u, 0x24A50001u, 0x816E0000u, 0x256B0001u, 0xA0AE0000u, 0x24A50001u, 0x816E0000u, 0x256B0001u,
    0xA0AE0000u, 0x24A50001u, 0x816E0000u, 0x256B0001u, 0xA0AE0000u, 0x24A50001u, 0x816E0000u, 0x256B0001u,
    0xA0AE0000u, 0x24A50001u, 0x816E0000u, 0x256B0001u, 0xA0AE0000u, 0x24A50001u, 0x816E0000u, 0x256B0001u,
    0xA0AE0000u, 0x24A50001u, 0x816E0000u, 0x256B0001u, 0xA0AE0000u, 0x24A50001u, 0x816E0000u, 0x256B0001u,
    0xA0AE0000u, 0x24A50001u, 0x816E0000u, 0x256B0001u, 0xA0AE0000u, 0x24A50001u, 0x816E0000u, 0x256B0001u,
    0xA0AE0000u, 0x24A50001u, 0x816E0000u, 0x256B0001u, 0xA0AE0000u, 0x24A50001u, 0x816E0000u, 0x256B0001u,
    0xA0AE0000u, 0x24A50001u, 0x816E0000u, 0x256B0001u, 0xA0AE0000u, 0x24A50001u, 0x816E0000u, 0x256B0001u,
    0xA0AE0000u, 0x24A50001u, 0x816E0000u, 0x256B0001u, 0xA0AE0000u, 0x24A50001u, 0x816E0000u, 0x256B0001u,
    0xA0AE0000u, 0x24A50001u, 0x816E0000u, 0x256B0001u, 0xA0AE0000u, 0x24A50001u, 0x816E0000u, 0x256B0001u,
    0xA0AE0000u, 0x24A50001u, 0x816E0000u, 0x256B0001u, 0xA0AE0000u, 0x01E00008u, 0x8F822A6Cu, 0x03E00008u,
    0x03E00008u, 0x3C028008u, 0x8C4234A4u, 0x03E00008u, 0x14800005u, 0x3C02800Eu, 0x244276A8u, 0x0800C1ACu,
    0x3C02800Eu, 0x24426028u, 0xAF822E2Cu, 0x03E00008u, 0x34070020u, 0x34190040u, 0x3C0300FFu, 0x3463FFFFu,
    0x00005821u, 0x3418007Fu, 0x340F0020u, 0x34080080u, 0x340E003Fu, 0x340D009Fu, 0x3C0A00FFu, 0x354AFFFFu,
    0x3C0CFF00u, 0x3C02800Bu, 0x8C426C00u, 0x34097C00u, 0x00433024u, 0x24C50007u, 0x24E2003Fu, 0xA4A70001u,
    0xA4A70011u, 0x00403821u, 0x3402009Cu, 0xA4A2000Fu, 0x35220020u, 0xA4A20007u, 0x34020009u, 0xA0A2FFFCu,
    0x3402002Cu, 0xA4B90003u, 0xA4A70009u, 0xA4B9000Bu, 0xA4B80013u, 0xA4A70019u, 0xA4B8001Bu, 0xA0AF0005u,
    0xA0A80006u, 0xA0AE000Du, 0xA0A8000Eu, 0xA0AF0015u, 0xA0AD0016u, 0xA0AE001Du, 0xA0AD001Eu, 0xA0A8FFFDu,
    0xA0A8FFFEu, 0xA0A8FFFFu, 0xA0A20000u, 0x24A50028u, 0x25290040u, 0x256B0001u, 0x8CC30000u, 0x8C820000u,
    0x006C1824u, 0x004A1024u, 0x00621825u, 0xACC30000u, 0x00CA1824u, 0x8C820000u, 0x004C1024u, 0x00431025u,
    0xAC820000u, 0x29620004u, 0x1440FFD2u, 0x24C60028u, 0x3C01800Bu, 0xAC266C00u, 0x03E00008u, 0x94820002u,
    0x84890000u, 0x84C80000u, 0xA4820000u, 0x84830000u, 0x00091023u, 0xA4820002u, 0x84A20000u, 0x00620018u,
    0x84840004u, 0x00001812u, 0x84A20004u, 0x00820018u, 0x00031B03u, 0x00001012u, 0x00021303u, 0x00624821u,
    0x25221000u, 0x00480018u, 0x00001812u, 0x34021000u, 0x00491023u, 0x00480018u, 0x00031B43u, 0xA4E30000u,
    0x00001012u, 0x00021343u, 0x03E00008u, 0xA4C20000u, 0x00052C00u, 0x84870006u, 0x00051C03u, 0x00E3102Au,
    0x10400011u, 0xACC00000u, 0x03E00008u, 0xACE00000u, 0x03E00008u, 0x3C05800Du, 0x24A548E8u, 0x34030001u,
    0xAC85000Cu, 0x3C01800Du, 0xAC234934u, 0x3C01800Du, 0xAC234938u, 0x8F832C48u, 0x34020029u, 0x3C01800Du,
    0xAC224944u, 0x34021000u, 0x3C01800Du, 0xAC204930u, 0x3C01800Du, 0xAC204940u, 0xACA00000u, 0x3C01800Du,
    0xAC2048ECu, 0x3C01800Du, 0xAC2048F0u, 0x3C01800Du, 0xAC204918u, 0x3C01800Du, 0xAC20491Cu, 0x3C01800Du,
    0xAC204920u, 0x3C01800Du, 0xA42248F8u, 0x3C01800Du, 0xA4224900u, 0x3C01800Du, 0xA4224908u, 0x3C01800Du,
    0xA42048FAu, 0x3C01800Du, 0xA42048FCu, 0x3C01800Du, 0xA4204902u, 0x3C01800Du, 0xA42048FEu, 0x3C01800Du,
    0xA4204904u, 0x3C01800Du, 0xA4204906u, 0x3C01800Du, 0xAC20490Cu, 0x3C01800Du, 0xAC204910u, 0x3C01800Du,
    0xAC204914u, 0xAF852C48u, 0x3C01800Du, 0xAC234928u, 0x03E00008u, 0x94820000u, 0x30420001u, 0x10400005u,
    0x97822C20u, 0x2442FFFFu, 0xA7822C20u, 0x94820000u, 0x30420002u, 0x10400005u, 0x97822C20u, 0x24420001u,
    0xA7822C20u, 0x94820000u, 0x30420004u, 0x10400005u, 0x97822C22u, 0x2442FFFFu, 0xA7822C22u, 0x94820000u,
    0x30420008u, 0x10400005u, 0x97822C22u, 0x24420001u, 0xA7822C22u, 0x87822C20u, 0x04410005u, 0x28420015u,
    0xA7802C20u, 0x87822C20u, 0x28420015u, 0x14400002u, 0x34020014u, 0xA7822C20u, 0x87822C22u, 0x04410005u,
    0x28420029u, 0xA7802C22u, 0x87822C22u, 0x28420029u, 0x14400002u, 0x34020028u, 0xA7822C22u, 0x97822C20u,
    0x97832C22u, 0x3C01800Eu, 0xA422DE7Cu, 0x3C01800Eu, 0xA422DEECu, 0x3C01800Eu, 0xA423DE7Eu, 0x3C01800Eu,
    0xA423DEEEu, 0x03E00008u, 0x34020096u, 0xA7820362u, 0x03E00008u, 0x03E00008u, 0x03E00008u, 0x34020096u,
    0xA7820362u, 0x03E00008u, 0x03E00008u, 0x03E00008u, 0x3C0251EBu, 0x3C04800Bu, 0x8C84411Cu, 0x3442851Fu,
    0x00820019u, 0x00042400u, 0x00042403u, 0x00041840u, 0x00641821u, 0x000318C0u, 0x00052C00u, 0x00052C03u,
    0x00051080u, 0x00451021u, 0x3C018009u, 0x00230821u, 0x8C237D9Cu, 0x00021080u, 0x00432021u, 0x8C830000u,
    0x34020004u, 0x14620004u, 0x8C820010u, 0xA4460000u, 0x03E00008u, 0x00042400u, 0x00042403u, 0x00041840u,
    0x00641821u, 0x000318C0u, 0x00052C00u, 0x00052C03u, 0x00051080u, 0x00451021u, 0x3C018009u, 0x00230821u,
    0x8C237D9Cu, 0x00021080u, 0x00432021u, 0x8C830000u, 0x34020004u, 0x14620004u, 0x8C820010u, 0x84420002u,
    0x03E00008u, 0x3C02800Bu, 0x8C426A74u, 0x00002821u, 0x3C09800Fu, 0x25298FF0u, 0x3C08800Fu, 0x25088D40u,
    0x3C07800Au, 0x24E78D78u, 0x34060002u, 0x00051400u, 0x000213C3u, 0x00491021u, 0x24A30001u, 0x84420000u,
    0x00602821u, 0x00022080u, 0x00822021u, 0x00042080u, 0x00822021u, 0x3C02800Bu, 0x8C426A74u, 0x00042080u,
    0x00822021u, 0x84820006u, 0x00031C00u, 0x00021040u, 0x00481021u, 0x84420000u, 0x00031C03u, 0x00021040u,
    0x00471021u, 0x94420000u, 0x28630006u, 0xA086000Cu, 0xA4820016u, 0x1460FFE5u, 0xA4820018u, 0x03E00008u,
    0x3C01800Eu, 0xA0200594u, 0x3C01800Eu, 0xA4200580u, 0x03E00008u, 0x03E00008u, 0x3C02800Au, 0x8C42A9A8u,
    0x3C02800Au, 0x8C42A9A8u, 0x3C02800Au, 0x8C42A9A8u, 0x3C02800Au, 0x8C42A9B0u, 0x94420000u, 0x03E00008u,
    0x09007350u, 0x0036595Bu, 0x09097350u, 0x0036655Bu, 0x4884F000u, 0x4802F800u, 0x24010020u, 0x1041001Bu,
    0x10400019u, 0x30480001u, 0x240AFFFEu, 0x004A5024u, 0x2409001Fu, 0x012A4822u, 0x00094843u, 0x214BFFE8u,
    0x05600003u, 0x01646004u, 0x10000003u, 0x240B0018u, 0x016A5822u, 0x01646007u, 0x218CFFC0u, 0x000C6040u,
    0x3C0D800Au, 0x01AC6821u, 0x85ADB3B8u, 0xACC90000u, 0xACAD0000u, 0x24020001u, 0x03E00008u, 0x03E00008u,
    0x2402FFFFu, 0x84880000u, 0x84890002u, 0x848A0004u, 0x03E03821u, 0x84880000u, 0x84890002u, 0x848A0004u,
    0x848B0006u, 0x848C0008u, 0x848D000Au, 0x48420000u, 0x48431000u, 0x48462000u, 0x48C80000u, 0x48C91000u,
    0x48CA2000u, 0x488D5800u, 0x488B4800u, 0x488C5000u, 0x4B78000Cu, 0x480FC800u, 0x4818D000u, 0x4819D800u,
    0x48CB0000u, 0x48CC1000u, 0x48CD2000u, 0x4B78000Cu, 0x488B0000u, 0x488C0800u, 0x488D1000u, 0x4808C800u,
    0x4809D000u, 0x480AD800u, 0x48C20000u, 0x48C31000u, 0x48C62000u, 0x03E03821u, 0x0C01A35Cu, 0xA4A80000u,
    0xA4A90002u, 0xA4AA0004u, 0x48080000u, 0x48090800u, 0x480A1000u, 0x0C01A35Cu, 0xA4A80006u, 0xA4A90008u,
    0xA4AA000Au, 0x01E04021u, 0x03004821u, 0x0C01A35Cu, 0x03205021u, 0x00E0F821u, 0xA4A8000Cu, 0xA4A9000Eu,
    0x03E00008u, 0xA4AA0010u, 0xC8800000u, 0xC8810004u, 0x03E00008u, 0xC8820000u, 0xC8830004u, 0x03E00008u,
    0xC8840000u, 0xC8850004u, 0x03E00008u, 0xC8800000u, 0xC8810004u, 0xC8A20000u, 0xC8A30004u, 0xC8C40000u,
    0xC8C50004u, 0x03E00008u, 0xC8940000u, 0xC8B50000u, 0xC8D60000u, 0x03E00008u, 0x48844800u, 0x48855000u,
    0x48865800u, 0x03E00008u, 0x48844000u, 0x03E00008u, 0x48848800u, 0x48859000u, 0x48869800u, 0x03E00008u,
    0x48848000u, 0x48858800u, 0x48869000u, 0x48879800u, 0x03E00008u, 0x48846000u, 0x48856800u, 0x48867000u,
    0x03E00008u, 0x48C40000u, 0x48C51000u, 0x48C62000u, 0x03E00008u, 0x4884C800u, 0x4885D000u, 0x4886D800u,
    0x03E00008u, 0x4884F000u, 0x03E00008u, 0xC8890000u, 0xC88A0004u, 0xC88B0008u, 0x4A4DA412u, 0xE8A90000u,
    0xE8AA0004u, 0xE8AB0008u, 0x03E00008u, 0xC8890000u, 0xC88A0004u, 0xC88B0008u, 0xC8A60000u, 0x48864000u,
    0x4A680029u, 0xE8F60000u, 0x03E00008u, 0xC8940000u, 0xC8B50000u, 0xC8D60000u, 0xC8C60000u, 0x48874000u,
    0x4AF8002Au, 0x8FA80010u, 0x8FA90014u, 0x8FAA0018u, 0xE9140000u, 0xE9350000u, 0xE9560000u, 0x03E00008u,
    0xC8890000u, 0xC88A0004u, 0xC88B0008u, 0x48854000u, 0x4A980011u, 0xE8D60000u, 0x03E00008u, 0xC8890000u,
    0xC88A0004u, 0xC88B0008u, 0x4AA80428u, 0xE8B90000u, 0xE8BA0004u, 0xE8BB0008u, 0x03E00008u, 0x00A01021u,
    0xC8890000u, 0xC88A0004u, 0xC88B0008u, 0x4AA00428u, 0xE8B90000u, 0xE8BA0004u, 0xE8BB0008u, 0x03E00008u,
    0x00A01021u, 0x48848800u, 0x48859000u, 0x48869800u, 0x4B58002Du, 0x48023800u, 0x03E00008u, 0x48848000u,
    0x48858800u, 0x48869000u, 0x48879800u, 0x4B68002Eu, 0x48023800u, 0x03E00008u, 0x241A0100u, 0x8F5A0008u,
    0x8F5A0000u, 0x235A0008u, 0xAF410004u, 0xAF420008u, 0xAF43000Cu, 0xAF5F007Cu, 0x40026800u, 0x3C0300FFu,
    0x8C820000u, 0x3463FFFFu, 0x00431024u, 0x3C038000u, 0x03E00008u, 0x00431025u, 0x3C0300FFu, 0x8C820000u,
    0x3463FFFFu, 0x00431024u, 0x00431026u, 0x03E00008u, 0x2C420001u, 0x3C0700FFu, 0x34E7FFFFu, 0x3C08FF00u,
    0x8CC30000u, 0x8C820000u, 0x00681824u, 0x00471024u, 0x00621825u, 0xACC30000u, 0x8C820000u, 0x00A72824u,
    0x00481024u, 0x00451025u, 0x03E00008u, 0xAC820000u, 0x3C0600FFu, 0x34C6FFFFu, 0x3C03FF00u, 0x8C820000u,
    0x00A62824u, 0x00431024u, 0x00451025u, 0x03E00008u, 0xAC820000u, 0x34020007u, 0xA0820003u, 0x34020024u,
    0x03E00008u, 0xA0820007u, 0x34020006u, 0xA0820003u, 0x34020030u, 0x03E00008u, 0xA0820007u, 0x34020009u,
    0xA0820003u, 0x34020034u, 0x03E00008u, 0xA0820007u, 0x34020003u, 0xA0820003u, 0x3402007Cu, 0x03E00008u,
    0xA0820007u, 0x34020002u, 0xA0820003u, 0x34020068u, 0x03E00008u, 0xA0820007u, 0x34020002u, 0xA0820003u,
    0x34020070u, 0x03E00008u, 0xA0820007u, 0x34020002u, 0xA0820003u, 0x34020078u, 0x03E00008u, 0xA0820007u,
    0x34020004u, 0xA0820003u, 0x34020050u, 0x03E00008u, 0xA0820007u, 0x3C035555u, 0x34635555u, 0x34020007u,
    0xA0820003u, 0x34020058u, 0xA0820007u, 0x03E00008u, 0xAC83001Cu, 0x3C035555u, 0x34635555u, 0x34020006u,
    0xA0820003u, 0x3402004Cu, 0xA0820007u, 0x03E00008u, 0xAC830018u, 0x3C035555u, 0x34635555u, 0x34020009u,
    0xA0820003u, 0x3402005Cu, 0xA0820007u, 0x03E00008u, 0xAC830024u, 0x34020003u, 0xA0820003u, 0x34020002u,
    0x03E00008u, 0xA0820007u, 0x00804021u, 0x84A20004u, 0x10400005u, 0x34040005u, 0x84A20006u, 0x14400003u,
    0x3C020100u, 0x00002021u, 0x3C020100u, 0xAD020004u, 0x3C028000u, 0xAD020008u, 0x00071400u, 0x30C3FFFFu,
    0xA1040003u, 0x8CA40000u, 0x00431025u, 0xAD020010u, 0xAD04000Cu, 0x8CA20004u, 0x03E00008u, 0xAD020014u,
    0x84A30004u, 0x84A20006u, 0x00620018u, 0x00001012u, 0x24420001u, 0x00021FC2u, 0x00431021u, 0x00021043u,
    0x24430004u, 0x2C42000Du, 0x14400002u, 0x3C02A000u, 0x00001821u, 0xA0830003u, 0xAC820004u, 0x8CA20000u,
    0xAC820008u, 0x8CA20004u, 0xAC82000Cu, 0x00031080u, 0x00821021u, 0x3C030100u, 0x03E00008u, 0xAC430000u,
    0x90820003u, 0x90A30003u, 0x00431021u, 0x24430001u, 0x28620011u, 0x10400004u, 0x00001021u, 0xA0830003u,
    0x0801ADD8u, 0xACA00000u, 0x2402FFFFu, 0x03E00008u, 0x3C02800Au, 0x90420C3Au, 0x3C02800Au, 0x90420C3Au,
    0x3C02800Au, 0x90420C3Au, 0x03E00008u, 0x3C02800Au, 0x8C420C30u, 0x34020002u, 0xA0820003u, 0x10A00002u,
    0x3C03E600u, 0x34630002u, 0x0006102Bu, 0x00621025u, 0xAC820004u, 0x03E00008u, 0xAC800008u, 0x00801821u,
    0x306200FFu, 0x3C01800Au, 0x00220821u, 0x90220D59u, 0x30420002u, 0x10400002u, 0x2483FFE0u, 0x03E00008u,
    0x306200FFu, 0x00801821u, 0x306200FFu, 0x3C01800Au, 0x00220821u, 0x90220D59u, 0x30420001u, 0x10400002u,
    0x24830020u, 0x03E00008u, 0x306200FFu, 0x8C9F0000u, 0x8C9C002Cu, 0x8C9D0004u, 0x8C9E0008u, 0x8C90000Cu,
    0x8C910010u, 0x8C920014u, 0x8C930018u, 0x8C94001Cu, 0x8C950020u, 0x8C960024u, 0x8C970028u, 0x00A01021u,
    0x03E00008u, 0x3C02800Au, 0x90420EA9u, 0x03E00008u, 0x3C02800Au, 0x8C420E94u, 0x3C01800Au, 0xAC240E94u,
    0x03E00008u, 0x308400FFu, 0x2C82001Cu, 0x10400006u, 0x00041080u, 0x3C01800Au, 0x00220821u, 0x8C220EACu,
    0x0801C07Fu, 0x3C028008u, 0x24422D18u, 0x03E00008u, 0x308400FFu, 0x2C820007u, 0x10400006u, 0x00041080u,
    0x3C01800Au, 0x00220821u, 0x8C220F2Cu, 0x0801C08Cu, 0x3C028008u, 0x24422D18u, 0x03E00008u, 0x3C01800Au,
    0xAC241130u, 0x03E00008u, 0x3C02800Eu, 0x8C42CC0Cu, 0x3C08800Au, 0x8D08129Cu, 0x3C0E0032u, 0x25CEFFFFu,
    0x15C0FFFFu, 0x25CEFFFFu, 0x03E00008u, 0x3C02800Au, 0x8C42173Cu, 0x3C02800Au, 0x8C42173Cu, 0x00042040u,
    0x00822021u, 0x2402FFFFu, 0x94840000u, 0x10A20005u, 0x3C02800Au, 0x8C421764u, 0x0801D717u, 0x00441004u,
    0x00801021u, 0x03E00008u, 0x3C05800Au, 0x8CA5174Cu, 0x3C03FFF8u, 0x8CA20000u, 0x3463FFFFu, 0x00431024u,
    0xACA20000u, 0x10800007u, 0x3C02800Au, 0x8C42174Cu, 0x8C430000u, 0x0801D72Du, 0x3C040003u, 0x3C02800Au,
    0x8C42174Cu, 0x8C430000u, 0x3C040005u, 0x00641825u, 0xAC430000u, 0x03E00008u, 0x3C02800Au, 0x8C4217A0u,
    0x14400003u, 0x3C088000u, 0x0801D960u, 0x00001021u, 0x3C074000u, 0x3C060FFFu, 0x34C6FFFFu, 0x00402821u,
    0x8CA30000u, 0x00681024u, 0x1440000Cu, 0x00671024u, 0x1440000Cu, 0x00661824u, 0x0064102Bu, 0x1040000Au,
    0x34020001u, 0x8CA20004u, 0x00621021u, 0x0082102Bu, 0x14400004u, 0x34020001u, 0x0801D94Du, 0x24A50008u,
    0x00001021u, 0x03E00008u, 0x00803021u, 0x3C05800Au, 0x24A51C24u, 0x3403000Fu, 0x2407FFFFu, 0x8CA20000u,
    0x24A50004u, 0x2463FFFFu, 0xACC20000u, 0x1467FFFBu, 0x24C60004u, 0x24860040u, 0x3C05800Au, 0x24A51C64u,
    0x3403000Fu, 0x2407FFFFu, 0x8CA20000u, 0x24A50004u, 0x2463FFFFu, 0xACC20000u, 0x1467FFFBu, 0x24C60004u,
    0x24860080u, 0x3C05800Au, 0x24A51CA8u, 0x3403001Fu, 0x2407FFFFu, 0x8CA20000u, 0x24A50004u, 0x2463FFFFu,
    0xACC20000u, 0x1467FFFBu, 0x24C60004u, 0x03E00008u, 0x00801021u, 0x94820000u, 0x03E00008u, 0x616D2049u,
    0x61746E69u, 0x74206E69u, 0x3A746168u, 0x61684320u, 0x6920736Fu, 0x68742073u, 0x75662065u, 0x65727574u,
    0x62202620u, 0x6E6F7965u, 0x74692064u, 0x20736920u, 0x65657246u, 0x2E6D6F64u, 0x6E6F4320u, 0x69737566u,
    0x69206E6Fu, 0x656E2073u, 0x202C7478u, 0x20646E61u, 0x7478656Eu, 0x74666120u, 0x74207265u, 0x20746168u,
    0x74207369u, 0x54206568u, 0x68747572u, 0x002E2E2Eu, 0x27BDFDE0u, 0xAFB00000u, 0xAFB10004u, 0xAFB20008u,
    0xAFB3000Cu, 0xAFB40010u, 0xAFB50014u, 0xAFB60018u, 0xAFB7001Cu, 0xAFBF0058u, 0x10A002F9u, 0xAFA00048u,
    0x27A30060u, 0xAFA30044u, 0x3C08800Bu, 0x8D083DFCu, 0x3C09800Bu, 0x8D293DF8u, 0x3C018008u, 0xA428EC34u,
    0x3C018008u, 0xA429EC58u, 0x948B0002u, 0x3C16800Bu, 0x8ED66B80u, 0x000B5880u, 0x01765821u, 0x8D640000u,
    0x3C07800Bu, 0x8CE73E10u, 0x3C10800Du, 0x26107478u, 0x3C1500FFu, 0x36B5FFFFu, 0x02158024u, 0x3C11800Bu,
    0x8E316AB8u, 0x3C13800Fu, 0x26730508u, 0x3C17800Bu, 0x8EF76C00u, 0x3C14800Fu, 0x26942588u, 0xAFB10054u,
    0x02F5B824u, 0x04010008u, 0x3C150000u, 0x948B0000u, 0x27A30140u, 0xAFA30044u, 0x000B5880u, 0x01765821u,
    0x8D640000u, 0x3C12800Bu, 0x8E523D94u, 0x84880008u, 0x8489000Au, 0x848A000Cu, 0x8CCB0028u, 0x8CCC002Cu,
    0x8CCD0030u, 0x010B4020u, 0x012C4820u, 0x014D5020u, 0x948D0004u, 0x3C0E800Bu, 0x8DCE6A50u, 0x000D6880u,
    0x01CD7021u, 0x8DCC0000u, 0x3C0D3C00u, 0x488D3000u, 0x000C7100u, 0x31CE0FF0u, 0x48CEA800u, 0x000C7102u,
    0x31CE0FF0u, 0x48CEB000u, 0x000C7302u, 0x31CE0FF0u, 0x48CEB800u, 0x2482001Eu, 0x90810007u, 0x904D0000u,
    0x904E0001u, 0x904F0002u, 0x000D6900u, 0x000E7100u, 0x000F7900u, 0x01A86820u, 0x01C97020u, 0x01EA7820u,
    0x488DC800u, 0x488ED000u, 0x488FD800u, 0x904B0006u, 0x000B6102u, 0x316B000Fu, 0x016CC820u, 0x0339C820u,
    0x000B5A40u, 0x000C6240u, 0x804D0004u, 0x804E0005u, 0x01AD6821u, 0x01B26821u, 0x31AD01FFu, 0x01B36821u,
    0x01AB6821u, 0x91AD0000u, 0x01CE7021u, 0x01D27021u, 0x31CE01FFu, 0x01D37021u, 0x01CC7021u, 0x91CE0000u,
    0x944F000Au, 0x01AE6021u, 0x024F7822u, 0x31EFFFFFu, 0x2DF80100u, 0x13000009u, 0x000C6023u, 0x01F3C021u,
    0x930F1400u, 0x34180050u, 0x000F7880u, 0x01F87822u, 0x032FC822u, 0x000F78C3u, 0x018F6022u, 0x944F0008u,
    0x11E00035u, 0x01807021u, 0x480BC800u, 0x480CD000u, 0x3178FFFFu, 0x000C6C00u, 0x01B86825u, 0x488D0000u,
    0x480DD800u, 0x488D0800u, 0x4A180001u, 0x31F8FF00u, 0x0018C400u, 0x0018C443u, 0x000F7E00u, 0x000F7C43u,
    0xE86E0008u, 0x488BC800u, 0x488CD000u, 0x488DD800u, 0x488E4000u, 0x488F4800u, 0x200FF000u, 0x488F5000u,
    0x48985800u, 0x3C183C3Fu, 0x37183F3Fu, 0x4BA8003Eu, 0x480BC800u, 0x480CD000u, 0x480DD800u, 0x000C6400u,
    0x316BFFFFu, 0x018B6025u, 0x488C0000u, 0x488D0800u, 0xA060000Eu, 0x4A180001u, 0x04010021u, 0x340F0001u,
    0x3C000000u, 0x3CE0F0F0u, 0x3C0000FFu, 0x3C10E0E0u, 0x3C80FF80u, 0x3CFF8080u, 0x3C000000u, 0x3C000000u,
    0x3C000000u, 0x0019C822u, 0x904B000Du, 0x032CC822u, 0x032BC820u, 0x2B2B0003u, 0x11600002u, 0x0019C940u,
    0x34190060u, 0x480BC800u, 0x4818D000u, 0x480DD800u, 0x030C6023u, 0x48994000u, 0x000C6400u, 0x316BFFFFu,
    0x018B6025u, 0x4A780010u, 0x488C0000u, 0x488D0800u, 0x34180010u, 0xA078000Eu, 0x4818B000u, 0x4A180001u,
    0x904B0003u, 0x000B5942u, 0x11600010u, 0x2EAE0040u, 0x11C0000Eu, 0x26B50001u, 0xACEC0000u, 0xA4ED0004u,
    0xA4EB0006u, 0x24E70008u, 0xEA060000u, 0x26100004u, 0x3C0C8008u, 0x258CEB20u, 0x000B5880u, 0x016C5820u,
    0x8D780000u, 0xAC780000u, 0x904E0007u, 0x480B7000u, 0x01CE7020u, 0x01D27020u, 0x01D27020u, 0x31CE01FFu,
    0x01D37020u, 0x15E00002u, 0x91CE1E00u, 0xAC6B0008u, 0xAC6B0004u, 0x480D9800u, 0xA06E000Fu, 0xA46D000Cu,
    0x000B6403u, 0x0180702Au, 0x298D01E0u, 0x39AD0001u, 0x000E7040u, 0x01CD7025u, 0x000B6400u, 0x000C6403u,
    0x0180682Au, 0x000E7040u, 0x01CD7025u, 0x298D0170u, 0x39AD0001u, 0x000E7040u, 0x906C000Eu, 0x01CD7025u,
    0x01CC7025u, 0xA06E000Eu, 0x2442000Eu, 0x2421FFFFu, 0x1420FF48u, 0x24630010u, 0x94880004u, 0x3C12800Bu,
    0x8E526A50u, 0x00084080u, 0x02489021u, 0x26520008u, 0x8FA30044u, 0x8FA20048u, 0xAFA30048u, 0xAFA20044u,
    0x1040FF17u, 0x24880010u, 0x9089000Eu, 0x3401000Eu, 0x312A000Fu, 0x012A4826u, 0x000A5100u, 0x004A1021u,
    0x00691821u, 0x27B9004Cu, 0xAFA0004Cu, 0x91090000u, 0x25080001u, 0x312A0003u, 0x15400098u, 0x844F000Cu,
    0x8478000Cu, 0x8C6A0004u, 0x030FC021u, 0x8C4B0004u, 0x8C6E0000u, 0x8C4F0000u, 0x944C000Eu, 0x946D000Eu,
    0xAEEE0004u, 0xAEEF001Cu, 0xAEEA0008u, 0xAEEB0020u, 0x20420010u, 0x20630010u, 0x844F000Cu, 0x8C6A0004u,
    0x030FC021u, 0x846F000Cu, 0x8C4B0004u, 0x030FC021u, 0x8C6E0000u, 0x8C4F0000u, 0xAEEE0010u, 0x944E000Eu,
    0xAEEF0028u, 0xAEEA0014u, 0xAEEB002Cu, 0x946F000Eu, 0x018D5024u, 0x014E5024u, 0x014F5024u, 0x314A000Fu,
    0x1540004Du, 0x018D5025u, 0x314A00F0u, 0x1140005Bu, 0x01CF5025u, 0x314A00F0u, 0x1140005Cu, 0x318CFF00u,
    0x31ADFF00u, 0x358C0010u, 0x35AD0010u, 0x35CE003Fu, 0x35EF003Fu, 0xA6EC0024u, 0xA6ED000Cu, 0xA6EE0030u,
    0xA6EF0018u, 0x268A0010u, 0x954B0000u, 0x954C0002u, 0xA6EB001Au, 0xA6EC000Eu, 0x2718FFFFu, 0x2F0A7D00u,
    0x394A0001u, 0x15400032u, 0x0018C1C3u, 0x00186080u, 0x01916021u, 0x8FAD004Cu, 0xAFAC0054u, 0x0180C821u,
    0x8D8A0000u, 0x3C0B0C00u, 0x014B5025u, 0xAEEA0000u, 0x11A00007u, 0x02E06821u, 0x8FAE0050u, 0x8FAD004Cu,
    0x8DCF0000u, 0xAFA0004Cu, 0x01F77825u, 0xADCF0000u, 0xAD8D0000u, 0x2F0A0014u, 0x394A0001u, 0x15400017u,
    0x26F70034u, 0xAFA10020u, 0xAFA20024u, 0xAFA30028u, 0xAFA8002Cu, 0xAFA40030u, 0xAFA50034u, 0xAFA60038u,
    0xAFA7003Cu, 0xAFB90040u, 0x26E4FFCCu, 0x0C01E8DEu, 0x02E02821u, 0x0040B821u, 0x8FA10020u, 0x8FA20024u,
    0x8FA30028u, 0x8FA8002Cu, 0x8FA40030u, 0x8FA50034u, 0x8FA60038u, 0x8FA7003Cu, 0x8FB90040u, 0x2421FFFFu,
    0x1420FF8Fu, 0x04010158u, 0x2B0A7D00u, 0x394A0001u, 0x15400002u, 0xAFA00054u, 0xAFB10054u, 0x8FB90054u,
    0x2421FFFFu, 0x1420FF84u, 0x0401014Du, 0x27B9004Cu, 0x2421FFFFu, 0x1420FF7Eu, 0x04010147u, 0x318CFF00u,
    0x31ADFF00u, 0x35CE003Fu, 0x0401FFACu, 0x35EF003Fu, 0x358C003Fu, 0x35AD003Fu, 0x31CEFF00u, 0x0401FFA7u,
    0x31EFFF00u, 0x312A0006u, 0x214BFFFEu, 0x01605826u, 0x000B582Bu, 0x000B5900u, 0x214CFFFFu, 0x01806026u,
    0x000C602Bu, 0x000C6100u, 0x26520004u, 0x006B1821u, 0x0401FFE4u, 0x004C1021u, 0x252BFF01u, 0x1160012Du,
    0x254BFFFDu, 0x11600075u, 0x254BFFFEu, 0x312A00F0u, 0x214CFF10u, 0x1180FFEBu, 0x000A5040u, 0x1160005Au,
    0x01545021u, 0x9478000Cu, 0xC86C0008u, 0x48988800u, 0x24630010u, 0x9478000Cu, 0xC86D0008u, 0x48989000u,
    0x9458000Cu, 0xC84E0008u, 0x48989800u, 0x8D4B0000u, 0x8D4C0004u, 0x4B400006u, 0x016C6826u, 0x31ADFFFFu,
    0x016D5826u, 0x018D6026u, 0x000C6C02u, 0x000C6400u, 0x018D6025u, 0x954D0008u, 0x480AC000u, 0x26520004u,
    0x0140502Au, 0x1540FFBFu, 0x4B58002Du, 0x8E49FFFCu, 0x48183800u, 0x2718FFFFu, 0x2F0A07D0u, 0x394A0001u,
    0x1540FFB6u, 0x0018C0C3u, 0x00094A00u, 0x00094A02u, 0x3C0A2400u, 0x012A4825u, 0xAEE90004u, 0xEAEC0008u,
    0xEAED0010u, 0xEAEE0018u, 0xAEEB000Cu, 0xAEEC0014u, 0xA6ED001Cu, 0x1320FFA9u, 0x00186080u, 0x01916021u,
    0x8F2A0000u, 0x3C0B0700u, 0x15400007u, 0x014B5025u, 0xAFB70050u, 0x2F0F0014u, 0x39EF0001u, 0x15E00002u,
    0x26EF0020u, 0xAFAF0050u, 0xAEEA0000u, 0xAF370000u, 0x2F0A0014u, 0x394A0001u, 0x1540FF98u, 0x26F70020u,
    0xAFA10020u, 0xAFA20024u, 0xAFA30028u, 0xAFA8002Cu, 0xAFA40030u, 0xAFA50034u, 0xAFA60038u, 0xAFA7003Cu,
    0xAFB90040u, 0x26E4FFE0u, 0x0C01E825u, 0x02E02821u, 0x0040B821u, 0x8FA10020u, 0x8FA20024u, 0x8FA30028u,
    0x8FA8002Cu, 0x8FA40030u, 0x8FA50034u, 0x8FA60038u, 0x8FA7003Cu, 0x8FB90040u, 0x0401FF80u, 0x9478000Cu,
    0xC86C0008u, 0x48988800u, 0x9458000Cu, 0xC84E0008u, 0x48989800u, 0x24420010u, 0x9458000Cu, 0xC84D0008u,
    0x48989000u, 0x8D4B0000u, 0x854C0004u, 0x4B400006u, 0x016C7026u, 0x000B6400u, 0x31CEFFFFu, 0x8D4D0008u,
    0x016E5826u, 0x000D7402u, 0x0401FFA8u, 0x018E6025u, 0x312A00F0u, 0x214CFF10u, 0x1180FF77u, 0x000A5040u,
    0x01545021u, 0x26520004u, 0x8D4B0000u, 0x8D4C0004u, 0xC86C0008u, 0x8C78000Cu, 0x20630010u, 0x03007021u,
    0x8C6F000Cu, 0xC86D0008u, 0x030FC021u, 0x01CF7024u, 0xC84E0008u, 0x8C4F000Cu, 0x20420010u, 0x016C6826u,
    0x030FC021u, 0x01CF7024u, 0x8C4F000Cu, 0x31ADFFFFu, 0x01CF7024u, 0x000E7402u, 0x31CE000Fu, 0x15C0FF4Eu,
    0x030FC021u, 0x3318FFFFu, 0x2718FFFFu, 0x2F0F7D00u, 0x39EF0001u, 0x15E0FF48u, 0x0018C1C3u, 0x4B400006u,
    0x016D5826u, 0x018D6026u, 0x000C6C02u, 0x000C6400u, 0x018D6025u, 0x8D4D0008u, 0x480AC000u, 0x480F6000u,
    0xC84C0008u, 0x000D7402u, 0x4B400006u, 0x8E49FFFCu, 0x00094A00u, 0x00094A02u, 0x0140502Au, 0x15400061u,
    0x480AC000u, 0x000A502Au, 0x15400070u, 0x3C0A2C00u, 0x012A4825u, 0xAEE90004u, 0xAEEB000Cu, 0xAEEC0014u,
    0xA6ED001Cu, 0xA6EE0024u, 0xAEEF0008u, 0xEAED0010u, 0xEAEE0018u, 0xEAEC0020u, 0x1320FF21u, 0x00186080u,
    0x01916021u, 0x8F2A0000u, 0x3C0B0900u, 0x15400007u, 0x014B5025u, 0xAFB70050u, 0x2F0F0014u, 0x39EF0001u,
    0x15E00002u, 0x26EF0118u, 0xAFAF0050u, 0xAEEA0000u, 0xAF370000u, 0x2F0A0014u, 0x394A0001u, 0x1540FF10u,
    0x26F70028u, 0xAFA10020u, 0xAFA20024u, 0xAFA30028u, 0xAFA8002Cu, 0xAFA40030u, 0xAFA50034u, 0xAFA60038u,
    0xAFA7003Cu, 0xAFB90040u, 0x26E4FFD8u, 0x02E02821u, 0x0C01E9A7u, 0x0080B821u, 0x26E40000u, 0x0C01E9A7u,
    0x00402821u, 0x26E40028u, 0x0C01E9A7u, 0x00402821u, 0x26E40050u, 0x0C01E9A7u, 0x00402821u, 0x26E40078u,
    0x0C01E9A7u, 0x00402821u, 0x0040B821u, 0x8FA10020u, 0x8FA20024u, 0x8FA30028u, 0x8FA8002Cu, 0x8FA40030u,
    0x8FA50034u, 0x8FA60038u, 0x8FA7003Cu, 0x8FB90040u, 0x0401FEEBu, 0xAFA10020u, 0xAFA20024u, 0xAFA30028u,
    0xAFA8002Cu, 0xAFA40030u, 0xAFA50034u, 0xAFA60038u, 0xAFA7003Cu, 0xAFB90040u, 0x26E4FFD8u, 0x0C01E9A7u,
    0x02E02821u, 0x0040B821u, 0x8FA10020u, 0x8FA20024u, 0x8FA30028u, 0x8FA8002Cu, 0x8FA40030u, 0x8FA50034u,
    0x8FA60038u, 0x8FA7003Cu, 0x8FB90040u, 0x0401FED3u, 0x480AC000u, 0x000A502Au, 0x1540FECEu, 0x3C0A2400u,
    0x012A4825u, 0xAEE90004u, 0xEAEC0018u, 0xEAED0008u, 0xEAEE0010u, 0x016C5026u, 0x314AFFFFu, 0x016A5826u,
    0x018D5026u, 0x314AFFFFu, 0x018A6026u, 0xAEEB000Cu, 0xAEEC0014u, 0x0401FF15u, 0xA6EE001Cu, 0x3C0A2400u,
    0x012A4825u, 0xAEE90004u, 0xAEEF0008u, 0xEAED0010u, 0xEAEE0018u, 0xAEEB000Cu, 0xAEEC0014u, 0x0401FF0Bu,
    0xA6ED001Cu, 0x8FAB004Cu, 0x11600009u, 0x8FAC0054u, 0x8FAD0050u, 0x11800006u, 0x8D8E0000u, 0x8DAF0000u,
    0xAD8B0000u, 0x01EE7825u, 0xADAF0000u, 0x948B0000u, 0x8FA30044u, 0x24A5FFFFu, 0x000B5880u, 0x01765821u,
    0x14A0FD37u, 0x8D640000u, 0x3C01800Bu, 0xAC353E14u, 0x3C01800Bu, 0xAC376C00u, 0x00801021u, 0x8FBF0058u,
    0x8FB00000u, 0x8FB10004u, 0x8FB20008u, 0x8FB3000Cu, 0x8FB40010u, 0x8FB50014u, 0x8FB60018u, 0x8FB7001Cu,
    0x03E00008u, 0x27BD0220u, 0x31EFFFFFu, 0x2DF80100u, 0x13000009u, 0x000C6023u, 0x01F3C021u, 0x930F1400u,
    0x34180050u, 0x000F7880u, 0x01F87822u, 0x032FC822u, 0x000F78C3u, 0x018F6022u, 0x944F0008u, 0x11E00035u,
    0x01807021u, 0x480BC800u, 0x480CD000u, 0x3178FFFFu, 0x000C6C00u, 0x01B86825u, 0x488D0000u, 0x480DD800u,
    0x488D0800u, 0x4A180001u, 0x31F8FF00u, 0x0018C400u, 0x0018C443u, 0x000F7E00u, 0x000F7C43u, 0xE86E0008u,
    0x488BC800u, 0x488CD000u, 0x488DD800u, 0x488E4000u, 0x488F4800u, 0x200FF000u, 0x488F5000u, 0x48985800u,
    0x3C183C3Fu, 0x37183F3Fu, 0x4BA8003Eu, 0x480BC800u, 0x480CD000u, 0x480DD800u, 0x000C6400u, 0x316BFFFFu,
    0x018B6025u, 0x488C0000u, 0x488D0800u, 0xA060000Eu, 0x4A180001u, 0x04010021u, 0x340F0001u, 0x3C000000u,
    0x3CE0F0F0u, 0x3C0000FFu, 0x3C10E0E0u, 0x3C80FF80u, 0x3CFF8080u, 0x3C000000u, 0x3C000000u, 0x3C000000u,
    0x0019C822u, 0x904B000Du, 0x032CC822u, 0x032BC820u, 0x2B2B0003u, 0x11600002u, 0x0019C940u, 0x34190060u,
    0x480BC800u, 0x4818D000u, 0x480DD800u, 0x030C6023u, 0x48994000u, 0x000C6400u, 0x316BFFFFu, 0x018B6025u,
    0x4A780010u, 0x488C0000u, 0x488D0800u, 0x34180010u, 0xA078000Eu, 0x4818B000u, 0x4A180001u, 0x904B0003u,
    0x000B5942u, 0x11600010u, 0x2EAE0040u, 0x11C0000Eu, 0x26B50001u, 0xACEC0000u, 0xA4ED0004u, 0xA4EB0006u,
    0x24E70008u, 0xEA060000u, 0x26100004u, 0x3C0C8008u, 0x258C0120u, 0x000B5880u, 0x016C5820u, 0x8D780000u,
    0xAC780000u, 0x904E0007u, 0x480B7000u, 0x01CE7020u, 0x01D27020u, 0x31CE01FFu, 0x01D37020u, 0x15E00002u,
    0x91CE1000u, 0xAC6B0008u, 0xAC6B0004u, 0x480D9800u, 0x25CE0020u, 0xA06E000Fu, 0xA46D000Cu, 0x000B6403u,
    0x0180702Au, 0x298D01E0u, 0x39AD0001u, 0x000E7040u, 0x01CD7025u, 0x000B6400u, 0x000C6403u, 0x0180682Au,
    0x000E7040u, 0x01CD7025u, 0x298D0170u, 0x39AD0001u, 0x000E7040u, 0x906C000Eu, 0x01CD7025u, 0x01CC7025u,
    0xA06E000Eu, 0x2442000Eu, 0x2421FFFFu, 0x1420FF48u, 0x24630010u, 0x94880004u, 0x3C12800Bu, 0x8E526A50u,
    0x00084080u, 0x02489021u, 0x26520008u, 0x8FA30044u, 0x8FA20048u, 0xAFA30048u, 0xAFA20044u, 0x1040FF17u,
    0x24880010u, 0x9089000Eu, 0x3401000Eu, 0x312A000Fu, 0x012A4826u, 0x000A5100u, 0x004A1021u, 0x00691821u,
    0x27B9004Cu, 0xAFA0004Cu, 0x91090000u, 0x25080001u, 0x312A0003u, 0x1540009Cu, 0x844F000Cu, 0x8478000Cu,
    0x8C6A0004u, 0x030FC021u, 0x8C4B0004u, 0x8C6E0000u, 0x8C4F0000u, 0x944C000Eu, 0x946D000Eu, 0xAEEE0004u,
    0xAEEF001Cu, 0xAEEA0008u, 0xAEEB0020u, 0x20420010u, 0x20630010u, 0x844F000Cu, 0x8C6A0004u, 0x030FC021u,
    0x846F000Cu, 0x8C4B0004u, 0x030FC021u, 0x8C6E0000u, 0x8C4F0000u, 0xAEEE0010u, 0x944E000Eu, 0xAEEF0028u,
    0xAEEA0014u, 0xAEEB002Cu, 0x946F000Eu, 0x018D5024u, 0x014E5024u, 0x014F5024u, 0x314A000Fu, 0x1540004Du,
    0x018D5025u, 0x314A00F0u, 0x1140005Bu, 0x01CF5025u, 0x314A00F0u, 0x1140005Eu, 0x318CFF00u, 0x31ADFF00u,
    0x31CEFF00u, 0x31EFFF00u, 0x35CE0027u, 0x35EF0027u, 0xA6EC0024u, 0xA6ED000Cu, 0xA6EE0030u, 0xA6EF0018u,
    0x268A0010u, 0x954B0000u, 0x954C0002u, 0xA6EB001Au, 0xA6EC000Eu, 0x2718FFFFu, 0x2F0A7D00u, 0x394A0001u,
    0x15400032u, 0x0018C1C3u, 0x00186080u, 0x01916021u, 0x8FAD004Cu, 0xAFAC0054u, 0x0180C821u, 0x8D8A0000u,
    0x3C0B0C00u, 0x014B5025u, 0xAEEA0000u, 0x11A00007u, 0x02E06821u, 0x8FAE0050u, 0x8FAD004Cu, 0x8DCF0000u,
    0xAFA0004Cu, 0x01F77825u, 0xADCF0000u, 0xAD8D0000u, 0x2F0A0014u, 0x394A0001u, 0x15400017u, 0x26F70034u,
    0xAFA10020u, 0xAFA20024u, 0xAFA30028u, 0xAFA8002Cu, 0xAFA40030u, 0xAFA50034u, 0xAFA60038u, 0xAFA7003Cu,
    0xAFB90040u, 0x26E4FFCCu, 0x0C01E8DEu, 0x02E02821u, 0x0040B821u, 0x8FA10020u, 0x8FA20024u, 0x8FA30028u,
    0x8FA8002Cu, 0x8FA40030u, 0x8FA50034u, 0x8FA60038u, 0x8FA7003Cu, 0x8FB90040u, 0x2421FFFFu, 0x1420FF8Fu,
    0x0401015Cu, 0x2B0A7D00u, 0x394A0001u, 0x15400002u, 0xAFA00054u, 0xAFB10054u, 0x8FB90054u, 0x2421FFFFu,
    0x1420FF84u, 0x04010151u, 0x27B9004Cu, 0x2421FFFFu, 0x1420FF7Eu, 0x0401014Bu, 0x318CFF00u, 0x31ADFF00u,
    0x358C002Fu, 0x35AD002Fu, 0x31CEFF00u, 0x0401FFAAu, 0x31EFFF00u, 0x318CFF00u, 0x31ADFF00u, 0x31CEFF00u,
    0x31EFFF00u, 0x35CE002Fu, 0x0401FFA3u, 0x35EF002Fu, 0x312A0006u, 0x214BFFFEu, 0x01605826u, 0x000B582Bu,
    0x000B5900u, 0x214CFFFFu, 0x01806026u, 0x000C602Bu, 0x000C6100u, 0x26520004u, 0x006B1821u, 0x0401FFE0u,
    0x004C1021u, 0x252BFF01u, 0x1160012Du, 0x254BFFFDu, 0x11600075u, 0x254BFFFEu, 0x312A00F0u, 0x214CFF10u,
    0x1180FFEBu, 0x000A5040u, 0x1160005Au, 0x01545021u, 0x9478000Cu, 0xC86C0008u, 0x48988800u, 0x24630010u,
    0x9478000Cu, 0xC86D0008u, 0x48989000u, 0x9458000Cu, 0xC84E0008u, 0x48989800u, 0x8D4B0000u, 0x8D4C0004u,
    0x4B400006u, 0x016C6826u, 0x31ADFFFFu, 0x016D5826u, 0x018D6026u, 0x000C6C02u, 0x000C6400u, 0x018D6025u,
    0x954D0008u, 0x480AC000u, 0x26520004u, 0x0140502Au, 0x1540FFBBu, 0x4B58002Du, 0x8E49FFFCu, 0x48183800u,
    0x2718FFFFu, 0x2F0A07D0u, 0x394A0001u, 0x1540FFB2u, 0x0018C0C3u, 0x00094A00u, 0x00094A02u, 0x3C0A2400u,
    0x012A4825u, 0xAEE90004u, 0xEAEC0008u, 0xEAED0010u, 0xEAEE0018u, 0xAEEB000Cu, 0xAEEC0014u, 0xA6ED001Cu,
    0x1320FFA5u, 0x00186080u, 0x01916021u, 0x8F2A0000u, 0x3C0B0700u, 0x15400007u, 0x014B5025u, 0xAFB70050u,
    0x2F0F0014u, 0x39EF0001u, 0x15E00002u, 0x26EF0020u, 0xAFAF0050u, 0xAEEA0000u, 0xAF370000u, 0x2F0A0014u,
    0x394A0001u, 0x1540FF94u, 0x26F70020u, 0xAFA10020u, 0xAFA20024u, 0xAFA30028u, 0xAFA8002Cu, 0xAFA40030u,
    0xAFA50034u, 0xAFA60038u, 0xAFA7003Cu, 0xAFB90040u, 0x26E4FFE0u, 0x0C01E825u, 0x02E02821u, 0x0040B821u,
    0x8FA10020u, 0x8FA20024u, 0x8FA30028u, 0x8FA8002Cu, 0x8FA40030u, 0x8FA50034u, 0x8FA60038u, 0x8FA7003Cu,
    0x8FB90040u, 0x0401FF7Cu, 0x9478000Cu, 0xC86C0008u, 0x48988800u, 0x9458000Cu, 0xC84E0008u, 0x48989800u,
    0x24420010u, 0x9458000Cu, 0xC84D0008u, 0x48989000u, 0x8D4B0000u, 0x854C0004u, 0x4B400006u, 0x016C7026u,
    0x000B6400u, 0x31CEFFFFu, 0x8D4D0008u, 0x016E5826u, 0x000D7402u, 0x0401FFA8u, 0x018E6025u, 0x312A00F0u,
    0x214CFF10u, 0x1180FF77u, 0x000A5040u, 0x01545021u, 0x26520004u, 0x8D4B0000u, 0x8D4C0004u, 0xC86C0008u,
    0x8C78000Cu, 0x20630010u, 0x03007021u, 0x8C6F000Cu, 0xC86D0008u, 0x030FC021u, 0x01CF7024u, 0xC84E0008u,
    0x8C4F000Cu, 0x20420010u, 0x016C6826u, 0x030FC021u, 0x01CF7024u, 0x8C4F000Cu, 0x31ADFFFFu, 0x01CF7024u,
    0x000E7402u, 0x31CE000Fu, 0x15C0FF4Au, 0x030FC021u, 0x3318FFFFu, 0x2718FFFFu, 0x2F0F7D00u, 0x39EF0001u,
    0x15E0FF44u, 0x0018C1C3u, 0x4B400006u, 0x016D5826u, 0x018D6026u, 0x000C6C02u, 0x000C6400u, 0x018D6025u,
    0x8D4D0008u, 0x480AC000u, 0x480F6000u, 0xC84C0008u, 0x000D7402u, 0x4B400006u, 0x8E49FFFCu, 0x00094A00u,
    0x00094A02u, 0x0140502Au, 0x15400061u, 0x480AC000u, 0x000A502Au, 0x15400070u, 0x3C0A2C00u, 0x012A4825u,
    0xAEE90004u, 0xAEEB000Cu, 0xAEEC0014u, 0xA6ED001Cu, 0xA6EE0024u, 0xAEEF0008u, 0xEAED0010u, 0xEAEE0018u,
    0xEAEC0020u, 0x1320FF1Du, 0x00186080u, 0x01916021u, 0x8F2A0000u, 0x3C0B0900u, 0x15400007u, 0x014B5025u,
    0xAFB70050u, 0x2F0F0014u, 0x39EF0001u, 0x15E00002u, 0x26EF0118u, 0xAFAF0050u, 0xAEEA0000u, 0xAF370000u,
    0x2F0A0014u, 0x394A0001u, 0x1540FF0Cu, 0x26F70028u, 0xAFA10020u, 0xAFA20024u, 0xAFA30028u, 0xAFA8002Cu,
    0xAFA40030u, 0xAFA50034u, 0xAFA60038u, 0xAFA7003Cu, 0xAFB90040u, 0x26E4FFD8u, 0x02E02821u, 0x0C01E9A7u,
    0x0080B821u, 0x26E40000u, 0x0C01E9A7u, 0x00402821u, 0x26E40028u, 0x0C01E9A7u, 0x00402821u, 0x26E40050u,
    0x0C01E9A7u, 0x00402821u, 0x26E40078u, 0x0C01E9A7u, 0x00402821u, 0x0040B821u, 0x8FA10020u, 0x8FA20024u,
    0x8FA30028u, 0x8FA8002Cu, 0x8FA40030u, 0x8FA50034u, 0x8FA60038u, 0x8FA7003Cu, 0x8FB90040u, 0x0401FEE7u,
    0xAFA10020u, 0xAFA20024u, 0xAFA30028u, 0xAFA8002Cu, 0xAFA40030u, 0xAFA50034u, 0xAFA60038u, 0xAFA7003Cu,
    0xAFB90040u, 0x26E4FFD8u, 0x0C01E9A7u, 0x02E02821u, 0x0040B821u, 0x8FA10020u, 0x8FA20024u, 0x8FA30028u,
    0x8FA8002Cu, 0x8FA40030u, 0x8FA50034u, 0x8FA60038u, 0x8FA7003Cu, 0x8FB90040u, 0x0401FECFu, 0x480AC000u,
    0x000A502Au, 0x1540FECAu, 0x3C0A2400u, 0x012A4825u, 0xAEE90004u, 0xEAEC0018u, 0xEAED0008u, 0xEAEE0010u,
    0x016C5026u, 0x314AFFFFu, 0x016A5826u, 0x018D5026u, 0x314AFFFFu, 0x018A6026u, 0xAEEB000Cu, 0xAEEC0014u,
    0x0401FF15u, 0xA6EE001Cu, 0x3C0A2400u, 0x012A4825u, 0xAEE90004u, 0xAEEF0008u, 0xEAED0010u, 0xEAEE0018u,
    0xAEEB000Cu, 0xAEEC0014u, 0x0401FF0Bu, 0xA6ED001Cu, 0x8FAB004Cu, 0x11600009u, 0x8FAC0054u, 0x8FAD0050u,
    0x11800006u, 0x8D8E0000u, 0x8DAF0000u, 0xAD8B0000u, 0x01EE7825u, 0xADAF0000u, 0x948B0000u, 0x8FA30044u,
    0x24A5FFFFu, 0x000B5880u, 0x01765821u, 0x14A0FD33u, 0x8D640000u, 0x3C01800Bu, 0xAC353E14u, 0x3C01800Bu,
    0xAC376C00u, 0x74706564u, 0x64252068u, 0x74616D20u, 0x0A642520u, 0x02000170u, 0x02000170u, 0x01000200u,
    0x01000000u, 0x01000200u, 0x0A0A0A0Au, 0x0A0A0A0Au, 0x0A0A0A0Au, 0x00000A0Au, 0x0000FFEAu, 0x0000FFD0u,
    0x00300000u, 0x00000030u, 0x00000016u, 0xFFC00016u, 0xFFC0FFEAu, 0x0000FFEAu, 0x00000800u, 0x00000800u,
    0x00001000u, 0x0000005Au, 0x8001B4C4u, 0x8001B038u, 0x8001B340u, 0x8001AD78u, 0x8001B270u, 0x8001B010u,
    0x8001AD64u, 0x8001B340u, 0x8001B12Cu, 0x8001AFB4u, 0x8001B010u, 0x8001B038u, 0x8001AEFCu, 0x8001B12Cu,
    0x8001B270u, 0x8001B4C4u, 0x8001B038u, 0x8001B340u, 0x8001AE1Cu, 0x8001B270u, 0x8001AE78u, 0x8001ADC0u,
    0x8001B4C4u, 0x8001B038u, 0x8001B270u, 0x8001AF58u, 0x8001B12Cu, 0x8001AFB4u, 0x8001AEFCu, 0x8001F664u,
    0x8001F6A4u, 0x8001F684u, 0x8001F6E4u, 0x8001F6C4u, 0x800215D0u, 0x800215F4u, 0x80021600u, 0x8002160Cu,
    0x8002160Cu, 0x80021788u, 0x80021794u, 0x800217A0u, 0x800217ACu, 0x800217B8u, 0x800217F4u, 0x800217F4u,
    0x80021800u, 0x8002180Cu, 0x80021818u, 0x8002186Cu, 0x80021878u, 0x80021878u, 0x80021878u, 0x80021878u,
    0x800218B4u, 0x800218C0u, 0x800218C0u, 0x800218C0u, 0x800218C0u, 0x80021B24u, 0x80021B30u, 0x80021B3Cu,
    0x80021B48u, 0x80021B54u, 0x80021B90u, 0x80021B90u, 0x80021B9Cu, 0x80021BA8u, 0x80021BB4u, 0x80021C08u,
    0x80021C14u, 0x80021C14u, 0x80021C14u, 0x80021C14u, 0x80021C50u, 0x80021C5Cu, 0x80021C5Cu, 0x80021C5Cu,
    0x80021C5Cu, 0x80023044u, 0x80023044u, 0x80023048u, 0x80023048u, 0x80023050u, 0x80023050u, 0x80023058u,
    0x80023058u, 0x80023068u, 0x80023060u, 0x74706564u, 0x64252068u, 0x0000000Au, 0x6F707968u, 0x64252074u,
    0x64697720u, 0x25206874u, 0x00000A64u, 0x57524F46u, 0x3A445241u, 0x20696820u, 0x6C206425u, 0x6425206Fu,
    0x766E6520u, 0x0A642520u, 0x4B434142u, 0x44524157u, 0x6968203Au, 0x20642520u, 0x25206F6Cu, 0x6E652064u,
    0x64252076u, 0x0000000Au, 0x800296C8u, 0x80029714u, 0x800296D0u, 0x800296E4u, 0x80029714u, 0x800296F8u,
    0x8002970Cu, 0x80029714u, 0x80029728u, 0x4D415256u, 0x46492E31u, 0x00000046u, 0x4D415256u, 0x46492E30u,
    0x00000046u, 0x4E41435Cu, 0x5C4E4F59u, 0x414C415Cu, 0x5C414B53u, 0x4D415256u, 0x492E6425u, 0x00004646u,
    0x4D415256u, 0x325F6425u, 0x46492E50u, 0x00000046u, 0x4D415256u, 0x4646492Eu, 0x4D415256u, 0x2E50325Fu,
    0x00464649u, 0x52554F43u, 0x472E4553u, 0x00004850u, 0x59534145u, 0x54454A2Eu, 0x44524148u, 0x54454A2Eu,
    0x00001000u, 0x00001000u, 0x00001000u, 0x76696C73u, 0x25207265u, 0x64252064u, 0x0A642520u, 0x80032804u,
    0x8003283Cu, 0x80032874u, 0x800328B4u, 0x800328F4u, 0x80032940u, 0x696E6966u, 0x20206873u, 0x00000020u,
    0x6C6C6F72u, 0x20676E69u, 0x72617473u, 0x20202074u, 0x00202020u, 0x69706172u, 0x61722064u, 0x20726563u,
    0x39393140u, 0x63732037u, 0x20206565u, 0x00202020u, 0x0C001000u, 0x05000800u, 0x029C0384u, 0x01440200u,
    0x009E00CEu, 0x0020004Cu, 0x8003BE2Cu, 0x8003BE2Cu, 0x8003BE54u, 0x8003BE68u, 0x8003BE7Cu, 0x8003BE98u,
    0x8003BE2Cu, 0x8003BE40u, 0x8003BFE8u, 0x8003BFE8u, 0x8003C094u, 0x8003C094u, 0x8003C004u, 0x8003C0A0u,
    0x8003C00Cu, 0x8003BFD8u, 0x8003C87Cu, 0x8003CA58u, 0x8003CA58u, 0x8003C6FCu, 0x8003CA44u, 0x8003C8ECu,
    0x8003CA50u, 0x01000100u, 0x01000100u, 0x00180000u, 0x00E10000u, 0x003200FAu, 0x05050301u, 0x0A0A0700u,
    0x5A461400u, 0x00001000u, 0x00000800u, 0xFFFFF000u, 0x45444F4Du, 0x492E534Cu, 0x00004646u, 0x2E200A20u,
    0x49202E2Eu, 0x2054494Eu, 0x49564E45u, 0x4D4E4F52u, 0x20544E45u, 0x202E2E2Eu, 0x00200A0Au, 0x2E200A20u,
    0x44202E2Eu, 0x20454E4Fu, 0x49564E45u, 0x4D4E4F52u, 0x20544E45u, 0x202E2E2Eu, 0x0000000Au, 0x2E200A20u,
    0x49202E2Eu, 0x2054494Eu, 0x50534944u, 0x2059414Cu, 0x202E2E2Eu, 0x0000200Au, 0x2E200A20u, 0x44202E2Eu,
    0x20454E4Fu, 0x50534944u, 0x2059414Cu, 0x202E2E2Eu, 0x0000000Au, 0x00020004u, 0x01000001u, 0x00400080u,
    0x5441575Cu, 0x542E5245u, 0x00005845u, 0x4355445Cu, 0x45542E4Bu, 0x00000058u, 0x414F425Cu, 0x45542E54u,
    0x00000058u, 0x474E455Cu, 0x4853494Cu, 0x5845542Eu, 0x4552465Cu, 0x2E48434Eu, 0x00584554u, 0x5245475Cu,
    0x2E4E414Du, 0x00584554u, 0x4154495Cu, 0x4E41494Cu, 0x5845542Eu, 0x4150535Cu, 0x4853494Eu, 0x5845542Eu,
    0x4152545Cu, 0x542E4B43u, 0x00005845u, 0x4548435Cu, 0x542E4B43u, 0x00005845u, 0x4148435Cu, 0x5032504Du,
    0x5845542Eu, 0x4E49535Cu, 0x32454C47u, 0x45542E50u, 0x00000058u, 0x4D49545Cu, 0x54554F45u, 0x5845542Eu,
    0x4145445Cu, 0x542E4854u, 0x00005845u, 0x4F52545Cu, 0x42594850u, 0x5845542Eu, 0x4F52545Cu, 0x53594850u,
    0x5845542Eu, 0x4F52545Cu, 0x47594850u, 0x5845542Eu, 0x4E49465Cu, 0x31485349u, 0x5845542Eu, 0x4549545Cu,
    0x5845542Eu, 0x4F4F545Cu, 0x2E444142u, 0x00584554u, 0x4F57545Cu, 0x45542E50u, 0x00000058u, 0x534F505Cu,
    0x49544949u, 0x542E4E4Fu, 0x00005845u, 0x5441445Cu, 0x4F435C41u, 0x45535255u, 0x4E4F435Cu, 0x542E3147u,
    0x00005845u, 0x5441445Cu, 0x4F435C41u, 0x45535255u, 0x4E4F435Cu, 0x542E3247u, 0x00005845u, 0x5441445Cu,
    0x4F435C41u, 0x45535255u, 0x4E4F435Cu, 0x542E3347u, 0x00005845u, 0x5441445Cu, 0x4F435C41u, 0x45535255u,
    0x4E4F435Cu, 0x542E3447u, 0x00005845u, 0x5441445Cu, 0x4F435C41u, 0x45535255u, 0x4E4F435Cu, 0x542E3547u,
    0x00005845u, 0x5441445Cu, 0x4F435C41u, 0x45535255u, 0x4E4F435Cu, 0x542E3647u, 0x00005845u, 0x5441445Cu,
    0x4F435C41u, 0x45535255u, 0x4E4F435Cu, 0x542E3747u, 0x00005845u, 0x5441445Cu, 0x4F435C41u, 0x45535255u,
    0x4E4F435Cu, 0x542E3847u, 0x00005845u, 0x46544144u, 0x53454C49u, 0x5441575Cu, 0x542E5245u, 0x00005845u,
    0x46544144u, 0x53454C49u, 0x414F425Cu, 0x45542E54u, 0x00000058u, 0x46544144u, 0x53454C49u, 0x4355445Cu,
    0x45542E4Bu, 0x00000058u, 0x46544144u, 0x53454C49u, 0x474E455Cu, 0x4853494Cu, 0x5845542Eu, 0x46544144u,
    0x53454C49u, 0x4552465Cu, 0x2E48434Eu, 0x00584554u, 0x46544144u, 0x53454C49u, 0x5245475Cu, 0x2E4E414Du,
    0x00584554u, 0x46544144u, 0x53454C49u, 0x4154495Cu, 0x4E41494Cu, 0x5845542Eu, 0x46544144u, 0x53454C49u,
    0x4150535Cu, 0x4853494Eu, 0x5845542Eu, 0x46544144u, 0x53454C49u, 0x4145445Cu, 0x542E4854u, 0x00005845u,
    0x46544144u, 0x53454C49u, 0x4D49545Cu, 0x54554F45u, 0x5845542Eu, 0x46544144u, 0x53454C49u, 0x4148435Cu,
    0x5032504Du, 0x5845542Eu, 0x46544144u, 0x53454C49u, 0x4E49535Cu, 0x32454C47u, 0x45542E50u, 0x00000058u,
    0x46544144u, 0x53454C49u, 0x4152545Cu, 0x542E4B43u, 0x00005845u, 0x46544144u, 0x53454C49u, 0x4548435Cu,
    0x542E4B43u, 0x00005845u, 0x46544144u, 0x53454C49u, 0x4F52545Cu, 0x42594850u, 0x5845542Eu, 0x46544144u,
    0x53454C49u, 0x4F52545Cu, 0x53594850u, 0x5845542Eu, 0x46544144u, 0x53454C49u, 0x4F52545Cu, 0x47594850u,
    0x5845542Eu, 0x46544144u, 0x53454C49u, 0x4E49465Cu, 0x31485349u, 0x5845542Eu, 0x46544144u, 0x53454C49u,
    0x4549545Cu, 0x5845542Eu, 0x46544144u, 0x53454C49u, 0x4F4F545Cu, 0x2E444142u, 0x00584554u, 0x46544144u,
    0x53454C49u, 0x4F57545Cu, 0x45542E50u, 0x00000058u, 0x46544144u, 0x53454C49u, 0x534F505Cu, 0x4F495449u,
    0x45542E4Eu, 0x00000058u, 0x46544144u, 0x53454C49u, 0x554F435Cu, 0x5C455352u, 0x474E4F43u, 0x45542E31u,
    0x00000058u, 0x46544144u, 0x53454C49u, 0x554F435Cu, 0x5C455352u, 0x474E4F43u, 0x45542E32u, 0x00000058u,
    0x46544144u, 0x53454C49u, 0x554F435Cu, 0x5C455352u, 0x474E4F43u, 0x45542E33u, 0x00000058u, 0x46544144u,
    0x53454C49u, 0x554F435Cu, 0x5C455352u, 0x474E4F43u, 0x45542E34u, 0x00000058u, 0x46544144u, 0x53454C49u,
    0x554F435Cu, 0x5C455352u, 0x474E4F43u, 0x45542E35u, 0x00000058u, 0x46544144u, 0x53454C49u, 0x554F435Cu,
    0x5C455352u, 0x474E4F43u, 0x45542E36u, 0x00000058u, 0x46544144u, 0x53454C49u, 0x554F435Cu, 0x5C455352u,
    0x474E4F43u, 0x45542E37u, 0x00000058u, 0x46544144u, 0x53454C49u, 0x554F435Cu, 0x5C455352u, 0x474E4F43u,
    0x45542E38u, 0x00000058u, 0x554E454Du, 0x5441445Cu, 0x49465C41u, 0x4853494Eu, 0x41442E31u, 0x00000054u,
    0x554E454Du, 0x5441445Cu, 0x49545C41u, 0x554F454Du, 0x41442E54u, 0x00000054u, 0x554E454Du, 0x5441445Cu,
    0x4F435C41u, 0x53494D4Du, 0x5441442Eu, 0x554E454Du, 0x5441445Cu, 0x48435C41u, 0x2E4B4345u, 0x00544144u,
    0x554E454Du, 0x5441445Cu, 0x52545C41u, 0x5948504Fu, 0x41442E42u, 0x00000054u, 0x554E454Du, 0x5441445Cu,
    0x52545C41u, 0x5948504Fu, 0x41442E53u, 0x00000054u, 0x554E454Du, 0x5441445Cu, 0x52545C41u, 0x5948504Fu,
    0x41442E47u, 0x00000054u, 0x554E454Du, 0x5441445Cu, 0x41425C41u, 0x4E474B43u, 0x41442E44u, 0x00000054u,
    0x554E454Du, 0x5441445Cu, 0x45445C41u, 0x2E485441u, 0x00544144u, 0x554E454Du, 0x5441445Cu, 0x48435C41u,
    0x32504D41u, 0x41442E50u, 0x00000054u, 0x554E454Du, 0x5441445Cu, 0x49535C41u, 0x454C474Eu, 0x442E5032u,
    0x00005441u, 0x554E454Du, 0x5441445Cu, 0x4F435C41u, 0x45535255u, 0x4E4F435Cu, 0x442E3147u, 0x00005441u,
    0x554E454Du, 0x5441445Cu, 0x4F435C41u, 0x45535255u, 0x4E4F435Cu, 0x442E3247u, 0x00005441u, 0x554E454Du,
    0x5441445Cu, 0x4F435C41u, 0x45535255u, 0x4E4F435Cu, 0x442E3347u, 0x00005441u, 0x554E454Du, 0x5441445Cu,
    0x4F435C41u, 0x45535255u, 0x4E4F435Cu, 0x442E3447u, 0x00005441u, 0x554E454Du, 0x5441445Cu, 0x4F435C41u,
    0x45535255u, 0x4E4F435Cu, 0x442E3547u, 0x00005441u, 0x554E454Du, 0x5441445Cu, 0x4F435C41u, 0x45535255u,
    0x4E4F435Cu, 0x442E3647u, 0x00005441u, 0x554E454Du, 0x5441445Cu, 0x4F435C41u, 0x45535255u, 0x4E4F435Cu,
    0x442E3747u, 0x00005441u, 0x554E454Du, 0x5441445Cu, 0x4F435C41u, 0x45535255u, 0x4E4F435Cu, 0x442E3847u,
    0x00005441u, 0x80044944u, 0x8004497Cu, 0x800449C8u, 0x800449E4u, 0x80044A34u, 0x800457E4u, 0x8004582Cu,
    0x800459E4u, 0x800458B0u, 0x80045A2Cu, 0x80045B30u, 0x80045B64u, 0x80045B98u, 0x8004586Cu, 0x80045BCCu,
    0x80045C00u, 0x80045C28u, 0x80045C50u, 0x80045C78u, 0x80045AC8u, 0x80045AFCu, 0x80045A94u, 0x80045A60u,
    0x80045CC4u, 0x80045D10u, 0x80045D5Cu, 0x80045DA8u, 0x80045DF4u, 0x80045E40u, 0x80045E8Cu, 0x80045ED8u,
    0x800458E4u, 0x80045918u, 0x80045940u, 0x80045968u, 0x8004599Cu, 0x8004601Cu, 0x8004605Cu, 0x80046554u,
    0x8004609Cu, 0x800460DCu, 0x80046114u, 0x80046154u, 0x80046194u, 0x800461D4u, 0x80046214u, 0x8004624Cu,
    0x8004628Cu, 0x800462D8u, 0x80046328u, 0x80046378u, 0x800463C8u, 0x80046418u, 0x80046468u, 0x800464B8u,
    0x80046508u, 0x800465C8u, 0x800465C8u, 0x800465C8u, 0x800465C8u, 0x800465D0u, 0x800465C8u, 0x800465C8u,
    0x800465C8u, 0x800465D0u, 0x800465D0u, 0x800465C8u, 0x800465C8u, 0x800465C8u, 0x800465C8u, 0x800465C8u,
    0x800465C8u, 0x800465C8u, 0x800465C8u, 0x800465C8u, 0x800465C8u, 0x800465C8u, 0x800465C8u, 0x00020004u,
    0x01000001u, 0x00400080u, 0x800483F4u, 0x800483F4u, 0x80048408u, 0x8004842Cu, 0x80048450u, 0x73636F64u,
    0x785F785Fu, 0x73616D5Cu, 0x2E726574u, 0x00636F64u, 0x4B48435Cu, 0x4E494F50u, 0x41442E54u, 0x00000054u,
    0x746E6F66u, 0x642E6425u, 0x00007461u, 0x800485C4u, 0x800485CCu, 0x800485D4u, 0x800485DCu, 0x800485E4u,
    0x43204F4Eu, 0x20445241u, 0x4E554F46u, 0x00000044u, 0x20444142u, 0x44524143u, 0x44524143u, 0x464E5520u,
    0x414D524Fu, 0x44455454u, 0x44524143u, 0x524F4620u, 0x5454414Du, 0x00004445u, 0x20746F6Eu, 0x64616572u,
    0x00000079u, 0x6C77656Eu, 0x6E692079u, 0x74726573u, 0x00006465u, 0x2E257562u, 0x2A3A7832u, 0x2E257562u,
    0x253A7832u, 0x00000073u, 0x4F525245u, 0x54203A52u, 0x66206568u, 0x20656C69u, 0x6C756F63u, 0x6F6E2064u,
    0x65622074u, 0x65706F20u, 0x0A64656Eu, 0x4F525245u, 0x44203A52u, 0x6E697275u, 0x65722067u, 0x6E696461u,
    0x20202067u, 0x64616552u, 0x255B203Au, 0x000A5D64u, 0x6967614Du, 0x5B203A63u, 0x63256325u, 0x2020205Du,
    0x65707954u, 0x255B203Au, 0x000A5D64u, 0x6C696620u, 0x78652065u, 0x73747369u, 0x00000A2Eu, 0x4F525245u,
    0x54203A52u, 0x66206568u, 0x20656C69u, 0x65726C61u, 0x20796461u, 0x73697865u, 0x0A217374u, 0x4F525245u,
    0x43203A52u, 0x646C756Fu, 0x746F6E20u, 0x65726320u, 0x20657461u, 0x656C6966u, 0x00000A2Eu, 0x4F525245u,
    0x46203A52u, 0x656C6961u, 0x68772064u, 0x77206E65u, 0x69746972u, 0x6420676Eu, 0x21617461u, 0x0000000Au,
    0x4F525245u, 0x43203A52u, 0x646C756Fu, 0x746F6E20u, 0x65706F20u, 0x6966206Eu, 0x000A656Cu, 0x4F525245u,
    0x46203A52u, 0x656C6961u, 0x68772064u, 0x72206E65u, 0x69646165u, 0x6420676Eu, 0x21617461u, 0x0000000Au,
    0x80049D98u, 0x80049DA8u, 0x80049DB0u, 0x80049DB8u, 0x80049DC0u, 0x43204F4Eu, 0x20445241u, 0x4E554F46u,
    0x00000044u, 0x20444142u, 0x44524143u, 0x44524143u, 0x464E5520u, 0x414D524Fu, 0x44455454u, 0x44524143u,
    0x524F4620u, 0x5454414Du, 0x00004445u, 0x43204F4Eu, 0x20445241u, 0x4E554F46u, 0x00000044u, 0x20444142u,
    0x44524143u, 0x44524143u, 0x464E5520u, 0x414D524Fu, 0x44455454u, 0x44524143u, 0x524F4620u, 0x5454414Du,
    0x00004445u, 0x414F4C20u, 0x52452044u, 0x203A2052u, 0x6F666E75u, 0x74616D72u, 0x2E646574u, 0x0000000Au,
    0x414F4C20u, 0x52452044u, 0x203A2052u, 0x73206F6Eu, 0x20657661u, 0x656D6167u, 0x00000A2Eu, 0x414F4C20u,
    0x52452044u, 0x203A2052u, 0x63656863u, 0x6D75736Bu, 0x00000A2Eu, 0x414F4C20u, 0x52452044u, 0x203A2052u,
    0x2E646162u, 0x0000000Au, 0x414F4C20u, 0x52452044u, 0x203A2052u, 0x63206F6Eu, 0x20647261u, 0x69617661u,
    0x6C62616Cu, 0x000A2E65u, 0x414F4C20u, 0x52452044u, 0x203A2052u, 0x64726163u, 0x6D657220u, 0x6465766Fu,
    0x72756420u, 0x20676E69u, 0x64616F6Cu, 0x2E676E69u, 0x0000000Au, 0x414F4C20u, 0x52452044u, 0x203A2052u,
    0x2074756Fu, 0x6420666Fu, 0x20657461u, 0x65766173u, 0x6D616720u, 0x000A2E65u, 0x414F4C20u, 0x52452044u,
    0x203A2052u, 0x6F636E49u, 0x63657272u, 0x72452074u, 0x20726F72u, 0x75206449u, 0x2E646573u, 0x0000000Au,
    0x56415320u, 0x52452045u, 0x203A2052u, 0x6F666E75u, 0x74616D72u, 0x2E646574u, 0x0000000Au, 0x56415320u,
    0x52452045u, 0x203A2052u, 0x73206F6Eu, 0x20657661u, 0x656D6167u, 0x00000A2Eu, 0x56415320u, 0x52452045u,
    0x203A2052u, 0x2E646162u, 0x0000000Au, 0x56415320u, 0x52452045u, 0x203A2052u, 0x63206F6Eu, 0x20647261u,
    0x69617661u, 0x6C62616Cu, 0x000A2E65u, 0x56415320u, 0x52452045u, 0x203A2052u, 0x64726163u, 0x6D657220u,
    0x6465766Fu, 0x72756420u, 0x20676E69u, 0x69766173u, 0x0A2E676Eu, 0x56415320u, 0x52452045u, 0x203A2052u,
    0x65766173u, 0x6D616720u, 0x78652065u, 0x73747369u, 0x00000A2Eu, 0x56415320u, 0x52452045u, 0x203A2052u,
    0x6F636E49u, 0x63657272u, 0x72452074u, 0x20726F72u, 0x75206449u, 0x2E646573u, 0x0000000Au, 0x72614320u,
    0x74532064u, 0x73757461u, 0x203E2D20u, 0x464E5520u, 0x414D524Fu, 0x44455454u, 0x00000A2Eu, 0x2E257562u,
    0x253A7832u, 0x00000073u, 0x4D454D20u, 0x2059524Fu, 0x44524143u, 0x52524520u, 0x3A20524Fu, 0x69614620u,
    0x2064656Cu, 0x6E656877u, 0x61657220u, 0x676E6964u, 0x74616420u, 0x000A2E61u, 0x4D454D20u, 0x2059524Fu,
    0x44524143u, 0x52524520u, 0x3A20524Fu, 0x756F4320u, 0x6E20646Cu, 0x6F20746Fu, 0x206E6570u, 0x656C6966u,
    0x00000A2Eu, 0x4F4D454Du, 0x43205952u, 0x20445241u, 0x4F525245u, 0x203A2052u, 0x20656854u, 0x656C6966u,
    0x726C6120u, 0x79646165u, 0x69786520u, 0x2E737473u, 0x0000000Au, 0x4F4D454Du, 0x43205952u, 0x20445241u,
    0x4F525245u, 0x203A2052u, 0x6C756F43u, 0x6F6E2064u, 0x72632074u, 0x65746165u, 0x6C696620u, 0x000A2E65u,
    0x4F4D454Du, 0x43205952u, 0x20445241u, 0x4F525245u, 0x203A2052u, 0x6C696146u, 0x77206465u, 0x206E6568u,
    0x74697277u, 0x20676E69u, 0x61746164u, 0x00000A2Eu, 0x4F4D454Du, 0x43205952u, 0x20445241u, 0x4F525245u,
    0x203A2052u, 0x6C756F43u, 0x6F6E2064u, 0x706F2074u, 0x66206E65u, 0x2E656C69u, 0x0000000Au, 0x43534542u,
    0x302D5345u, 0x34393330u, 0x41525220u, 0x00524543u, 0x43534542u, 0x302D5345u, 0x39303430u, 0x524F5020u,
    0x45484353u, 0x49534942u, 0x362D5350u, 0x36313030u, 0x524F5020u, 0x45484353u, 0x43534142u, 0x392D5355u,
    0x37383134u, 0x524F5020u, 0x45484353u, 0x616F4C20u, 0x676E6964u, 0x72726520u, 0x6820726Fu, 0x276E7361u,
    0x65622074u, 0x63206E65u, 0x68677561u, 0x79622074u, 0x72726520u, 0x7420726Fu, 0x70706172u, 0x2E676E69u,
    0x0000000Au, 0x49504152u, 0x41522044u, 0x00524543u, 0x76615320u, 0x20676E69u, 0x656D6147u, 0x00000A2Eu,
    0x726F5320u, 0x46207972u, 0x20656C69u, 0x73697845u, 0x000A2E74u, 0x76615320u, 0x61672065u, 0x6420656Du,
    0x6E73656Fu, 0x65207427u, 0x74736978u, 0x00000A2Eu, 0x76615320u, 0x61472065u, 0x6520656Du, 0x74736978u,
    0x000A2E73u, 0x726F4620u, 0x2074616Du, 0x0A2E6B4Fu, 0x726F4620u, 0x2074616Du, 0x6C696146u, 0x0A2E6465u,
    0x8004B024u, 0x8004B050u, 0x8004B050u, 0x8004B050u, 0x8004AFF8u, 0x8004AFC8u, 0x8004AFA8u, 0x8004AF90u,
    0x8004AF70u, 0x8004AFE8u, 0x8004B1DCu, 0x8004B1B4u, 0x8004B188u, 0x8004B15Cu, 0x8004B12Cu, 0x8004B204u,
    0x8004B10Cu, 0x8004B0ECu, 0x8004B14Cu, 0x8004CB84u, 0x8004CB84u, 0x8004CB84u, 0x8004CB84u, 0x8004CB80u,
    0x8004CB84u, 0x8004CB84u, 0x8004CB84u, 0x8004CB84u, 0x8004CB80u, 0x554E454Du, 0x5441445Cu, 0x52525C41u,
    0x47444142u, 0x49542E45u, 0x0000004Du, 0x5441445Cu, 0x4E455C41u, 0x53494C47u, 0x41442E48u, 0x00000054u,
    0x5441445Cu, 0x52465C41u, 0x48434E45u, 0x5441442Eu, 0x5441445Cu, 0x45475C41u, 0x4E414D52u, 0x5441442Eu,
    0x5441445Cu, 0x54495C41u, 0x41494C41u, 0x41442E4Eu, 0x00000054u, 0x5441445Cu, 0x50535C41u, 0x53494E41u,
    0x41442E48u, 0x00000054u, 0x69766173u, 0x6420676Eu, 0x00617461u, 0x8004D494u, 0x8004D4CCu, 0x8004D504u,
    0x8004D53Cu, 0x8004D574u, 0x8004E000u, 0x8004DF0Cu, 0x8004E000u, 0x8004E000u, 0x8004DF2Cu, 0x8004E4B0u,
    0x8004E4DCu, 0x8004E5DCu, 0x8004EA70u, 0x8004EA70u, 0x8004EA70u, 0x8004E340u, 0x8004E398u, 0x8004E638u,
    0x8004E65Cu, 0x8004E68Cu, 0x8004E764u, 0x8004E874u, 0x8004E950u, 0x8004EA70u, 0x8004EA70u, 0x8004EA70u,
    0x8004E990u, 0x8004EA70u, 0x8004E418u, 0x8004E5E4u, 0x8004E9B4u, 0x8004E9E4u, 0x8004E9F4u, 0x8004F240u,
    0x8004F3B8u, 0x8004F088u, 0x8004F0B0u, 0x8004F030u, 0x8004F058u, 0x8004F078u, 0x8004F068u, 0x8004F3E0u,
    0x8004F048u, 0x8004F0D8u, 0x8004F0E8u, 0x8004F10Cu, 0x8004F130u, 0x8004F3E0u, 0x8004F140u, 0x8004F2B4u,
    0x8004F150u, 0x8004F1A8u, 0x8004F1CCu, 0x8004F200u, 0x8004F210u, 0x8004F3E0u, 0x8004F220u, 0x8004F230u,
    0x8004F3E0u, 0x8004F3E0u, 0x8004F3E0u, 0x8004F3E0u, 0x8004F274u, 0x8004F284u, 0x8004F294u, 0x8004F2A4u,
    0x8004F2C4u, 0x8004F254u, 0x8004F3E0u, 0x8004F3E0u, 0x8004F2D4u, 0x8004F348u, 0x8004F358u, 0x8004F368u,
    0x8004F378u, 0x8004F388u, 0x8004F1DCu, 0x8004F398u, 0x8004F3A8u, 0x8004F3E0u, 0x8004F3E0u, 0x8004F3C8u,
    0x8004F3E0u, 0x8004F3D8u, 0x8004F578u, 0x8004F5CCu, 0x8004F5CCu, 0x8004F5CCu, 0x8004F5CCu, 0x8004F444u,
    0x8004F5CCu, 0x8004F5CCu, 0x8004F5CCu, 0x8004F5CCu, 0x8004F4E8u, 0x8004F5C4u, 0x8004F5CCu, 0x8004F454u,
    0x8004F468u, 0x8004F5CCu, 0x8004F478u, 0x8004F488u, 0x8004F5A4u, 0x8004F49Cu, 0x8004F4B0u, 0x8004F4D8u,
    0x8004F520u, 0x8004F5B4u, 0x8004F530u, 0x8004F540u, 0x8004F434u, 0x8004F434u, 0x8004F434u, 0x8004F5CCu,
    0x8004F558u, 0x8004F568u, 0x8004F5CCu, 0x8004F5CCu, 0x8004F5CCu, 0x8004F5CCu, 0x8004F5CCu, 0x8004F5CCu,
    0x8004F594u, 0x8004F5CCu, 0x8004F5CCu, 0x8004F5CCu, 0x8004F5CCu, 0x8004F5CCu, 0x8004F4C4u, 0x8004F99Cu,
    0x8004F630u, 0x8004FA88u, 0x8004F858u, 0x8004F868u, 0x8004F774u, 0x8004F828u, 0x8004F848u, 0x8004F838u,
    0x8004FB80u, 0x8004F7ECu, 0x8004F878u, 0x8004F888u, 0x8004FB80u, 0x8004FB14u, 0x8004FB7Cu, 0x8004F898u,
    0x8004FB80u, 0x8004FA98u, 0x8004FB80u, 0x8004FAD4u, 0x8004FB7Cu, 0x8004F8CCu, 0x8004FB04u, 0x8004F8DCu,
    0x8004F8ECu, 0x8004F8FCu, 0x8004F91Cu, 0x8004F93Cu, 0x8004FB80u, 0x8004F95Cu, 0x8004F96Cu, 0x8004F97Cu,
    0x8004FB80u, 0x8004FA28u, 0x8004FB80u, 0x8004FB80u, 0x8004FB80u, 0x8004F98Cu, 0x8004FA38u, 0x8004FA48u,
    0x8004FA58u, 0x8004FA68u, 0x8004FA78u, 0x8004FB80u, 0x8004FAE4u, 0x8004FAF4u, 0x8004FB24u, 0x8004FB80u,
    0x8004FB80u, 0x8004FB80u, 0x8004FB80u, 0x8004FB48u, 0x8004FB80u, 0x8004FB80u, 0x8004FB80u, 0x8004FB80u,
    0x8004FB80u, 0x8004FB80u, 0x8004FB80u, 0x8004FB80u, 0x8004FB80u, 0x8004FB80u, 0x8004FB80u, 0x8004FB80u,
    0x8004FB80u, 0x8004FB80u, 0x8004FB80u, 0x8004FB80u, 0x8004FB80u, 0x8004FB80u, 0x8004FB80u, 0x8004FB80u,
    0x8004FB80u, 0x8004FB80u, 0x8004FB80u, 0x8004FB80u, 0x8004FB80u, 0x8004FB80u, 0x8004FB80u, 0x8004F704u,
    0x8004F73Cu, 0x8004FE94u, 0x8004FEC4u, 0x8004FEA4u, 0x8004FED4u, 0x8004FEB4u, 0x8004FF20u, 0x8004FF50u,
    0x8004FF30u, 0x8004FF60u, 0x8004FF40u, 0x80052450u, 0x80052474u, 0x80052464u, 0x80052484u, 0x80052494u,
    0x00050004u, 0x00070006u, 0x00090008u, 0x000B000Au, 0x000D000Cu, 0x000F000Eu, 0x00110010u, 0x00130012u,
    0x001F0014u, 0x0000001Eu, 0x80055284u, 0x8005535Cu, 0x80055438u, 0x80055550u, 0x80055578u, 0x800556E0u,
    0x8005562Cu, 0x800556E0u, 0x8005A5B0u, 0x8005A5B0u, 0x8005A5B8u, 0x8005A5C0u, 0x8005A5C8u, 0x5254535Cu,
    0x534D4145u, 0x544E495Cu, 0x532E4F52u, 0x313B5254u, 0x5254535Cu, 0x534D4145u, 0x4D48435Cu, 0x2E455F50u,
    0x3B525453u, 0x00000031u, 0x5254535Cu, 0x534D4145u, 0x4D48435Cu, 0x2E4D5F50u, 0x3B525453u, 0x00000031u,
    0x5254535Cu, 0x534D4145u, 0x4D48435Cu, 0x2E485F50u, 0x3B525453u, 0x00000031u, 0x5254535Cu, 0x534D4145u,
    0x554F595Cu, 0x2E4E4957u, 0x3B525453u, 0x00000031u, 0x5254535Cu, 0x534D4145u, 0x554F595Cu, 0x45534F4Cu,
    0x54532E31u, 0x00313B52u, 0x5254535Cu, 0x534D4145u, 0x554F595Cu, 0x45534F4Cu, 0x54532E32u, 0x00313B52u,
    0x5254535Cu, 0x534D4145u, 0x554F595Cu, 0x45534F4Cu, 0x54532E33u, 0x00313B52u, 0x5254535Cu, 0x534D4145u,
    0x554F595Cu, 0x45534F4Cu, 0x54532E34u, 0x00313B52u, 0x5254535Cu, 0x534D4145u, 0x554F595Cu, 0x45534F4Cu,
    0x54532E35u, 0x00313B52u, 0x5254535Cu, 0x534D4145u, 0x554F595Cu, 0x45534F4Cu, 0x54532E36u, 0x00313B52u,
    0x5254535Cu, 0x534D4145u, 0x554F595Cu, 0x45534F4Cu, 0x54532E37u, 0x00313B52u, 0x80063838u, 0x8006384Cu,
    0x80063860u, 0x80063968u, 0x80063994u, 0x800639C0u, 0x800638FCu, 0x80063910u, 0x80063910u, 0x80063A04u,
    0x80063A04u, 0x800639ECu, 0x43204F4Eu, 0x20445241u, 0x4E554F46u, 0x00000044u, 0x20444142u, 0x44524143u,
    0x44524143u, 0x464E5520u, 0x414D524Fu, 0x44455454u, 0x44524143u, 0x524F4620u, 0x5454414Du, 0x00004445u,
    0x49504152u, 0x41522044u, 0x00524543u, 0x6E795356u, 0x74203A63u, 0x6F656D69u, 0x000A7475u, 0x3A644924u,
    0x746E6920u, 0x2C632E72u, 0x2E312076u, 0x31203337u, 0x2F353939u, 0x312F3131u, 0x35302030u, 0x3A39323Au,
    0x73203034u, 0x20757A75u, 0x20707845u, 0x00000024u, 0x78656E75u, 0x74636570u, 0x69206465u, 0x7265746Eu,
    0x74707572u, 0x34302528u, 0x000A2978u, 0x72746E69u, 0x6D697420u, 0x74756F65u, 0x34302528u, 0x30253A78u,
    0x0A297834u, 0x20414D44u, 0x20737562u, 0x6F727265u, 0x63203A72u, 0x3D65646Fu, 0x78383025u, 0x0000000Au,
    0x5244414Du, 0x5D64255Bu, 0x3830253Du, 0x00000A78u, 0x33323130u, 0x37363534u, 0x42413938u, 0x46454443u,
    0x8006AEF0u, 0x8006AFA8u, 0x8006AFA8u, 0x8006AFA8u, 0x8006AFA8u, 0x8006AFA8u, 0x8006AFA8u, 0x8006AFA8u,
    0x8006AFA8u, 0x8006AFA8u, 0x8006AFA8u, 0x8006AF68u, 0x8006AE70u, 0x8006AFA8u, 0x8006AFA8u, 0x8006AFA8u,
    0x8006AFA8u, 0x8006AFA8u, 0x8006AFA8u, 0x8006AFA8u, 0x8006AFA8u, 0x8006AFA8u, 0x8006AFA8u, 0x8006AFA8u,
    0x8006AFA8u, 0x8006AFA8u, 0x8006AFA8u, 0x8006AF88u, 0x8006AFA8u, 0x8006AFA8u, 0x8006AFA8u, 0x8006AFA8u,
    0x8006AEF0u, 0x67617074u, 0x28203A65u, 0x252C6425u, 0x64252C64u, 0x2964252Cu, 0x0000000Au, 0x74756C63u,
    0x2528203Au, 0x64252C64u, 0x00000A29u, 0x70696C63u, 0x33252820u, 0x33252C64u, 0x282D2964u, 0x252C6425u,
    0x000A2964u, 0x2073666Fu, 0x33252820u, 0x33252C64u, 0x000A2964u, 0x20207774u, 0x64252820u, 0x2964252Cu,
    0x6425282Du, 0x2964252Cu, 0x0000000Au, 0x20647464u, 0x64252020u, 0x0000000Au, 0x20656664u, 0x64252020u,
    0x0000000Au, 0x70736964u, 0x28202020u, 0x2C643325u, 0x29643325u, 0x6425282Du, 0x2964252Cu, 0x0000000Au,
    0x65726373u, 0x28206E65u, 0x2C643325u, 0x29643325u, 0x6425282Du, 0x2964252Cu, 0x0000000Au, 0x6E697369u,
    0x20726574u, 0x000A6425u, 0x67727369u, 0x20343262u, 0x000A6425u, 0x3A644924u, 0x73797320u, 0x762C632Eu,
    0x312E3120u, 0x31203632u, 0x2F363939u, 0x312F3930u, 0x36302033u, 0x3A39323Au, 0x6E203435u, 0x2061646Fu,
    0x20707845u, 0x00000024u, 0x65736552u, 0x61724774u, 0x6A3A6870u, 0x253D6274u, 0x2C783830u, 0x3D766E65u,
    0x78383025u, 0x0000000Au, 0x65736552u, 0x61724774u, 0x25286870u, 0x2E2E2964u, 0x00000A2Eu, 0x47746553u,
    0x68706172u, 0x65766552u, 0x28657372u, 0x2E296425u, 0x000A2E2Eu, 0x47746553u, 0x68706172u, 0x75626544u,
    0x656C3A67u, 0x3A6C6576u, 0x742C6425u, 0x3A657079u, 0x72206425u, 0x72657665u, 0x253A6573u, 0x00000A64u,
    0x47746553u, 0x51706172u, 0x25286575u, 0x2E2E2964u, 0x00000A2Eu, 0x77617244u, 0x636E7953u, 0x6C6C6143u,
    0x6B636162u, 0x38302528u, 0x2E2E2978u, 0x00000A2Eu, 0x44746553u, 0x4D707369u, 0x286B7361u, 0x2E296425u,
    0x000A2E2Eu, 0x77617244u, 0x636E7953u, 0x29642528u, 0x0A2E2E2Eu, 0x623A7325u, 0x52206461u, 0x00544345u,
    0x2C642528u, 0x2D296425u, 0x2C642528u, 0x0A296425u, 0x003A7325u, 0x61656C43u, 0x616D4972u, 0x00006567u,
    0x64616F4Cu, 0x67616D49u, 0x00000065u, 0x726F7453u, 0x616D4965u, 0x00006567u, 0x65766F4Du, 0x67616D49u,
    0x00000065u, 0x61656C43u, 0x61544F72u, 0x30252867u, 0x252C7838u, 0x2E2E2964u, 0x00000A2Eu, 0x61656C43u,
    0x61544F72u, 0x25285267u, 0x2C783830u, 0x2E296425u, 0x000A2E2Eu, 0x77617244u, 0x6761544Fu, 0x38302528u,
    0x2E2E2978u, 0x00000A2Eu, 0x44747550u, 0x45776172u, 0x2528766Eu, 0x29783830u, 0x0A2E2E2Eu, 0x77617244u,
    0x6761544Fu, 0x28766E45u, 0x78383025u, 0x3830262Cu, 0x2E2E2978u, 0x00000A2Eu, 0x44747550u, 0x45707369u,
    0x2528766Eu, 0x29783830u, 0x0A2E2E2Eu, 0x20555047u, 0x656D6974u, 0x3A74756Fu, 0x3D657571u, 0x732C6425u,
    0x3D746174u, 0x78383025u, 0x6368632Cu, 0x30253D72u, 0x6D2C7838u, 0x3D726461u, 0x78383025u, 0x0000002Cu,
    0x636E7566u, 0x3025283Du, 0x28297838u, 0x78383025u, 0x3830252Cu, 0x000A2978u, 0x33323130u, 0x37363534u,
    0x62613938u, 0x66656463u, 0x6C756E28u, 0x0000296Cu, 0x33323130u, 0x37363534u, 0x42413938u, 0x46454443u,
    0x8006EC84u, 0x8006F25Cu, 0x8006F25Cu, 0x8006F25Cu, 0x8006F25Cu, 0x8006F25Cu, 0x8006F25Cu, 0x8006F25Cu,
    0x8006F25Cu, 0x8006F25Cu, 0x8006F25Cu, 0x8006F25Cu, 0x8006F25Cu, 0x8006F25Cu, 0x8006F25Cu, 0x8006F25Cu,
    0x8006F25Cu, 0x8006F25Cu, 0x8006F25Cu, 0x8006F25Cu, 0x8006F25Cu, 0x8006F25Cu, 0x8006F25Cu, 0x8006F25Cu,
    0x8006F25Cu, 0x8006F25Cu, 0x8006F25Cu, 0x8006F25Cu, 0x8006F25Cu, 0x8006F25Cu, 0x8006F25Cu, 0x8006F25Cu,
    0x8006ECDCu, 0x8006F25Cu, 0x8006F25Cu, 0x8006ECECu, 0x8006F25Cu, 0x8006F25Cu, 0x8006F25Cu, 0x8006F25Cu,
    0x8006F25Cu, 0x8006F25Cu, 0x8006ECF4u, 0x8006ED18u, 0x8006F25Cu, 0x8006ED10u, 0x8006ED20u, 0x8006F25Cu,
    0x8006EDACu, 0x8006EDB4u, 0x8006EDB4u, 0x8006EDB4u, 0x8006EDB4u, 0x8006EDB4u, 0x8006EDB4u, 0x8006EDB4u,
    0x8006EDB4u, 0x8006EDB4u, 0x8006F25Cu, 0x8006F25Cu, 0x8006F25Cu, 0x8006F25Cu, 0x8006F25Cu, 0x8006F25Cu,
    0x8006F25Cu, 0x8006F25Cu, 0x8006F25Cu, 0x8006F25Cu, 0x8006EE40u, 0x8006F25Cu, 0x8006F25Cu, 0x8006F25Cu,
    0x8006F25Cu, 0x8006F25Cu, 0x8006F25Cu, 0x8006F25Cu, 0x8006EE0Cu, 0x8006F25Cu, 0x8006F25Cu, 0x8006EEC4u,
    0x8006F25Cu, 0x8006F25Cu, 0x8006F25Cu, 0x8006F25Cu, 0x8006F25Cu, 0x8006EF70u, 0x8006F25Cu, 0x8006F25Cu,
    0x8006EFA8u, 0x8006F25Cu, 0x8006F25Cu, 0x8006F25Cu, 0x8006F25Cu, 0x8006F25Cu, 0x8006F25Cu, 0x8006F25Cu,
    0x8006F25Cu, 0x8006F25Cu, 0x8006F25Cu, 0x8006EE24u, 0x8006EE44u, 0x8006F25Cu, 0x8006F25Cu, 0x8006F25Cu,
    0x8006EE14u, 0x8006EE44u, 0x8006F25Cu, 0x8006F25Cu, 0x8006EE1Cu, 0x8006F25Cu, 0x8006EE88u, 0x8006EEC8u,
    0x8006EEFCu, 0x8006F25Cu, 0x8006F25Cu, 0x8006EF0Cu, 0x8006F25Cu, 0x8006EF74u, 0x8006F25Cu, 0x8006F25Cu,
    0x8006EFB4u, 0x33323130u, 0x37363534u, 0x42413938u, 0x46454443u, 0x33323130u, 0x37363534u, 0x62613938u,
    0x66656463u, 0x8006F694u, 0x8006FB0Cu, 0x8006FB0Cu, 0x8006FB0Cu, 0x8006FB0Cu, 0x8006FB0Cu, 0x8006FB0Cu,
    0x8006FB0Cu, 0x8006FB0Cu, 0x8006FB0Cu, 0x8006FB0Cu, 0x8006FB0Cu, 0x8006F92Cu, 0x8006FB0Cu, 0x8006FB0Cu,
    0x8006FB0Cu, 0x8006FB0Cu, 0x8006FB0Cu, 0x8006FB0Cu, 0x8006FB0Cu, 0x8006FB0Cu, 0x8006FB0Cu, 0x8006FB0Cu,
    0x8006FA34u, 0x8006F6C0u, 0x8006FB0Cu, 0x8006FB0Cu, 0x8006FB0Cu, 0x8006F67Cu, 0x8006F6C0u, 0x8006FB0Cu,
    0x8006FB0Cu, 0x8006F688u, 0x8006FB0Cu, 0x8006FAD8u, 0x8006F828u, 0x8006F918u, 0x8006FB0Cu, 0x8006FB0Cu,
    0x8006FA54u, 0x8006FB0Cu, 0x8006F710u, 0x8006FB0Cu, 0x8006FB0Cu, 0x8006F93Cu, 0x4C554E3Cu, 0x00003E4Cu,
    0x63617274u, 0x64253D6Bu, 0x0A64252Cu, 0x65476443u, 0x636F5474u, 0x25203A32u, 0x3A783230u, 0x78323025u,
    0x0A30303Au, 0x65476443u, 0x636F5474u, 0x65203A32u, 0x726F7272u, 0x0000000Au, 0x6E496443u, 0x203A7469u,
    0x74696E49u, 0x69616620u, 0x0A64656Cu, 0x656E6F6Eu, 0x526C6443u, 0x53646165u, 0x536C6443u, 0x506B6565u,
    0x536C6443u, 0x4C6B6565u, 0x476C6443u, 0x44547465u, 0x476C6443u, 0x4E547465u, 0x476C6443u, 0x6F6C7465u,
    0x00005063u, 0x476C6443u, 0x6F6C7465u, 0x00004C63u, 0x0000003Fu, 0x536C6443u, 0x6F6D7465u, 0x00006564u,
    0x536C6443u, 0x69667465u, 0x7265746Cu, 0x446C6443u, 0x74756D65u, 0x00000065u, 0x4D6C6443u, 0x00657475u,
    0x526C6443u, 0x74657365u, 0x506C6443u, 0x65737561u, 0x536C6443u, 0x00706F74u, 0x536C6443u, 0x646E6174u,
    0x00007962u, 0x526C6443u, 0x4E646165u, 0x426C6443u, 0x776B6361u, 0x0064726Fu, 0x466C6443u, 0x6177726Fu,
    0x00006472u, 0x506C6443u, 0x0079616Cu, 0x536C6443u, 0x6F6C7465u, 0x00000063u, 0x4E6C6443u, 0x0000706Fu,
    0x536C6443u, 0x00636E79u, 0x6B736944u, 0x6F727245u, 0x00000072u, 0x61746144u, 0x00646E45u, 0x6E6B6341u,
    0x656C776Fu, 0x00656764u, 0x706D6F43u, 0x6574656Cu, 0x61746144u, 0x64616552u, 0x00000079u, 0x6E496F4Eu,
    0x00007274u, 0x74204443u, 0x6F656D69u, 0x203A7475u, 0x283A7325u, 0x20297325u, 0x636E7953u, 0x2C73253Du,
    0x61655220u, 0x253D7964u, 0x00000A73u, 0x6B736944u, 0x6F727245u, 0x00203A72u, 0x3D6D6F63u, 0x632C7325u,
    0x3D65646Fu, 0x32302528u, 0x30253A78u, 0x0A297832u, 0x4F524443u, 0x75203A4Du, 0x6F6E6B6Eu, 0x69206E77u,
    0x0072746Eu, 0x29642528u, 0x0000000Au, 0x80070C04u, 0x80070BB8u, 0x80070AB8u, 0x80070C88u, 0x80070D10u,
    0x735F4443u, 0x00636E79u, 0x725F4443u, 0x79646165u, 0x2E2E7325u, 0x00000A2Eu, 0x203A7325u, 0x70206F6Eu,
    0x6D617261u, 0x0000000Au, 0x635F4443u, 0x00000077u, 0x3A644924u, 0x6F696220u, 0x2C632E73u, 0x2E312076u,
    0x31203937u, 0x2F363939u, 0x302F3930u, 0x39302034u, 0x3A39343Au, 0x73203330u, 0x20757A75u, 0x20707845u,
    0x00000024u, 0x695F4443u, 0x3A74696Eu, 0x72646461u, 0x3830253Du, 0x00000A78u, 0x645F4443u, 0x73617461u,
    0x00636E79u, 0x203A7325u, 0x68746170u, 0x76656C20u, 0x28206C65u, 0x20296425u, 0x6F727265u, 0x00000A72u,
    0x203A7325u, 0x20726964u, 0x20736177u, 0x20746F6Eu, 0x6E756F66u, 0x00000A64u, 0x65536443u, 0x68637261u,
    0x656C6946u, 0x6964203Au, 0x65206373u, 0x726F7272u, 0x0000000Au, 0x65536443u, 0x68637261u, 0x656C6946u,
    0x6573203Au, 0x68637261u, 0x20676E69u, 0x2E2E7325u, 0x00000A2Eu, 0x203A7325u, 0x756F6620u, 0x000A646Eu,
    0x203A7325u, 0x20746F6Eu, 0x6E756F66u, 0x00000A64u, 0x6E5F4443u, 0x656D7765u, 0x3A616964u, 0x61655220u,
    0x72652064u, 0x20726F72u, 0x63206E69u, 0x65725F64u, 0x50286461u, 0x0A294456u, 0x30304443u, 0x00000031u,
    0x6E5F4443u, 0x656D7765u, 0x3A616964u, 0x73694420u, 0x6F662063u, 0x74616D72u, 0x72726520u, 0x6920726Fu,
    0x6463206Eu, 0x6165725Fu, 0x56502864u, 0x000A2944u, 0x6E5F4443u, 0x656D7765u, 0x3A616964u, 0x61655220u,
    0x72652064u, 0x20726F72u, 0x3A545028u, 0x78383025u, 0x00000A29u, 0x6E5F4443u, 0x656D7765u, 0x3A616964u,
    0x72617320u, 0x6E696863u, 0x69642067u, 0x0A2E2E72u, 0x38302509u, 0x30252C78u, 0x252C7834u, 0x2C783430u,
    0x000A7325u, 0x6E5F4443u, 0x656D7765u, 0x3A616964u, 0x20642520u, 0x20726964u, 0x72746E65u, 0x20736569u,
    0x6E756F66u, 0x00000A64u, 0x635F4443u, 0x65686361u, 0x656C6966u, 0x6964203Au, 0x6F6E2072u, 0x6F662074u,
    0x0A646E75u, 0x635F4443u, 0x65686361u, 0x656C6966u, 0x6573203Au, 0x68637261u, 0x2E676E69u, 0x000A2E2Eu,
    0x0000002Eu, 0x00002E2Eu, 0x30252809u, 0x253A7832u, 0x3A783230u, 0x78323025u, 0x38252029u, 0x73252064u,
    0x0000000Au, 0x635F4443u, 0x65686361u, 0x656C6966u, 0x6425203Au, 0x6C696620u, 0x66207365u, 0x646E756Fu,
    0x0000000Au, 0x65526443u, 0x203A6461u, 0x74636573u, 0x6520726Fu, 0x726F7272u, 0x0000000Au, 0x65526443u,
    0x203A6461u, 0x6C656853u, 0x706F206Cu, 0x2E2E6E65u, 0x00000A2Eu, 0x65526443u, 0x203A6461u, 0x72746572u,
    0x2E2E2E79u, 0x0000000Au, 0x6D6D6F43u, 0x20646E61u, 0x6F727245u, 0x00203A72u, 0x30304443u, 0x00000031u,
    0x20414D44u, 0x54415453u, 0x45205355u, 0x524F5252u, 0x0A782520u, 0x02020100u, 0x03030303u, 0x04040404u,
    0x04040404u, 0x05050505u, 0x05050505u, 0x05050505u, 0x05050505u, 0x06060606u, 0x06060606u, 0x06060606u,
    0x06060606u, 0x06060606u, 0x06060606u, 0x06060606u, 0x06060606u, 0x07070707u, 0x07070707u, 0x07070707u,
    0x07070707u, 0x07070707u, 0x07070707u, 0x07070707u, 0x07070707u, 0x07070707u, 0x07070707u, 0x07070707u,
    0x07070707u, 0x07070707u, 0x07070707u, 0x07070707u, 0x07070707u, 0x08080808u, 0x08080808u, 0x08080808u,
    0x08080808u, 0x08080808u, 0x08080808u, 0x08080808u, 0x08080808u, 0x08080808u, 0x08080808u, 0x08080808u,
    0x08080808u, 0x08080808u, 0x08080808u, 0x08080808u, 0x08080808u, 0x08080808u, 0x08080808u, 0x08080808u,
    0x08080808u, 0x08080808u, 0x08080808u, 0x08080808u, 0x08080808u, 0x08080808u, 0x08080808u, 0x08080808u,
    0x08080808u, 0x08080808u, 0x08080808u, 0x08080808u, 0x08080808u, 0x3A555053u, 0x204F2F54u, 0x5D73255Bu,
    0x0000000Au, 0x74696177u, 0x65722820u, 0x29746573u, 0x74696177u, 0x72772820u, 0x48207964u, 0x203E2D20u,
    0x0000294Cu, 0x74696177u, 0x6D642820u, 0x63206661u, 0x7261656Cu, 0x0029572Fu, 0x800778D8u, 0x800778A0u,
    0x800778A8u, 0x800778B0u, 0x800778B8u, 0x800778C0u, 0x800778C8u, 0x800778D0u, 0x800779A0u, 0x80077968u,
    0x80077970u, 0x80077978u, 0x80077980u, 0x80077988u, 0x80077990u, 0x80077998u, 0x80078118u, 0x800780E0u,
    0x800780E8u, 0x800780F0u, 0x800780F8u, 0x80078100u, 0x80078108u, 0x80078110u, 0x800781E8u, 0x800781B0u,
    0x800781B8u, 0x800781C0u, 0x800781C8u, 0x800781D0u, 0x800781D8u, 0x800781E0u, 0x4345444Du, 0x7365725Fu,
    0x61623A74u, 0x706F2064u, 0x6E6F6974u, 0x29642528u, 0x0000000Au, 0x4345444Du, 0x5F6E695Fu, 0x636E7973u,
    0x4345444Du, 0x74756F5Fu, 0x6E79735Fu, 0x00000063u, 0x4D442009u, 0x25283D41u, 0x64252C64u, 0x41202C29u,
    0x3D524444u, 0x25783028u, 0x2D783830u, 0x2578303Eu, 0x29783830u, 0x0000000Au, 0x49462009u, 0x283D4F46u,
    0x252C6425u, 0x422C2964u, 0x3D595355u, 0x442C6425u, 0x3D514552u, 0x2C642528u, 0x2C296425u, 0x32424752u,
    0x64253D34u, 0x5054532Cu, 0x0A64253Du, 0x74207325u, 0x6F656D69u, 0x0A3A7475u, 0x4345444Du, 0x656C765Fu,
    0x69203A63u, 0x6C61766Eu, 0x56206469u, 0x4920434Cu, 0x00000A44u, 0x61746562u, 0x38303020u, 0x20706553u,
    0x31203232u, 0x00373939u, 0x00000001u, 0x00000001u, 0x00000003u, 0x00000001u, 0x00000001u, 0x003F0028u,
    0x0000003Fu, 0x008C0000u, 0x00320170u, 0x01220000u, 0x00320170u, 0x01540000u, 0x00320170u, 0x004A0000u,
    0x00190200u, 0x00920000u, 0x00190200u, 0x00AA0000u, 0x00190200u, 0x4241403Fu, 0x45444343u, 0x48474646u,
    0x4B4A4A49u, 0x4E4D4D4Cu, 0x5150504Fu, 0x54535352u, 0x57565655u, 0x5A595958u, 0x5D5C5B5Bu, 0x5F5F5E5Du,
    0x62616160u, 0x65646363u, 0x67676665u, 0x6A696868u, 0x6C6B6B6Au, 0x6E6D6D6Cu, 0x70706F6Fu, 0x72727171u,
    0x74737373u, 0x76757574u, 0x77777676u, 0x79787878u, 0x7A7A7979u, 0x7B7B7A7Au, 0x7C7C7C7Bu, 0x7D7D7C7Cu,
    0x7E7D7D7Du, 0x7E7E7E7Eu, 0x7F7F7E7Eu, 0x7F7F7F7Fu, 0x7F7F7F7Fu, 0x80092BD0u, 0x80092C64u, 0x80092D8Cu,
    0x80092EB4u, 0x80092E20u, 0x80092F48u, 0x80092FDCu, 0x80092AD0u, 0x80092B70u, 0x80092AE0u, 0x80092AF0u,
    0x80092B00u, 0x80092B10u, 0x80092B90u, 0x80092B20u, 0x80092BA0u, 0x80092B30u, 0x80092B40u, 0x80092B50u,
    0x80092B60u, 0x80092BC0u, 0x800921C8u, 0x800B3FB0u, 0x800921F0u, 0x80092210u, 0x80092250u, 0x80092270u,
    0x800B3FB8u, 0xFFFF8000u, 0xFFFFFFFFu, 0xFFFFFFFFu, 0xFFFFFFFFu, 0xFFFFFFFFu, 0xFFFFFFFFu, 0xFFFFFFFFu,
    0xFFFFFFFFu, 0xFFFF00FFu, 0xFFFFFF00u, 0xFFFF0000u, 0xFFFF00FFu, 0x2214B914u, 0x220000E6u, 0x2200A5B4u,
    0x2214B914u, 0x2214B914u, 0x34333231u, 0x38373635u, 0x003A3039u, 0x34333231u, 0x38373635u, 0x002F3039u,
    0x34333231u, 0x38373635u, 0x3B3A3039u, 0x63626123u, 0x67666564u, 0x6B6A6968u, 0x6F6E6D6Cu, 0x73727170u,
    0x77767574u, 0x2F7A7978u, 0x002D2B20u, 0x30303A30u, 0x00332F31u, 0x312F3631u, 0x00000036u, 0x30303A30u,
    0x2030303Au, 0x30303A30u, 0x2030303Au, 0x30303A30u, 0x2030303Au, 0x30303A30u, 0x2030303Au, 0x30303A30u,
    0x2030303Au, 0x6F636572u, 0x00006472u, 0x74736562u, 0x30303A30u, 0x2030303Au, 0x30303A30u, 0x2030303Au,
    0x00003030u, 0x00003030u, 0x00003030u, 0x30303A30u, 0x6C756170u, 0x6C6C6977u, 0x656D6974u, 0x65747865u,
    0x6465646Eu, 0x6E6F7277u, 0x61772067u, 0x00000079u, 0x74736574u, 0x303A302Du, 0x30303A30u, 0x002400CAu,
    0x00000001u, 0x80083904u, 0x00006AB4u, 0x00000002u, 0x00330075u, 0x00000001u, 0x80083914u, 0x00006B34u,
    0x00000002u, 0x0033014Au, 0x00000001u, 0x8008390Cu, 0x00006B34u, 0x00000002u, 0x005A001Eu, 0x00010001u,
    0x8008391Cu, 0x00006B34u, 0x00000002u, 0x0078001Eu, 0x00010001u, 0x80083928u, 0x00006C34u, 0x00000002u,
    0x0096001Eu, 0x00010001u, 0x80083934u, 0x00006C74u, 0x00000002u, 0x00B4001Eu, 0x00010001u, 0x80083940u,
    0x00006D34u, 0x00000002u, 0x005A0104u, 0x00010001u, 0x8008394Cu, 0x00006B34u, 0x00000002u, 0x008C00B8u,
    0x800839B4u, 0x00006CB4u, 0x00000002u, 0x00A000B8u, 0x800839BCu, 0x00006CB4u, 0x00000002u, 0x00D200B8u,
    0x800839C8u, 0x00006CF4u, 0x00000002u, 0x0078001Eu, 0x00010000u, 0x80083994u, 0x00006B34u, 0x00000002u,
    0x00520104u, 0x00010000u, 0x80083968u, 0x00006CF4u, 0x00000002u, 0x008E0104u, 0x00010000u, 0x80083974u,
    0x00006CB4u, 0x00000002u, 0x00340104u, 0x00010000u, 0x80083958u, 0x00006CF4u, 0x00000002u, 0x00700104u,
    0x00010000u, 0x80083960u, 0x00006CB4u, 0x00000002u, 0x004700B8u, 0x800839D4u, 0x00006B34u, 0x002400C0u,
    0x00000001u, 0x8008398Cu, 0x00006AB4u, 0x01A00060u, 0x00000001u, 0x80083980u, 0x00006AB4u, 0x01A000C0u,
    0x00000001u, 0x80083984u, 0x00006AB4u, 0x01A00120u, 0x00000001u, 0x80083988u, 0x00006AB4u, 0x0000FFFFu,
    0x00000003u, 0x001301A4u, 0x00000001u, 0x80083904u, 0x00004337u, 0x00000005u, 0x00240073u, 0x00000001u,
    0x80083914u, 0x000043B7u, 0x00000005u, 0x00130078u, 0x00000001u, 0x8008390Cu, 0x000043B7u, 0x00000005u,
    0x00350021u, 0x00010001u, 0x80083994u, 0x000043B7u, 0x00000005u, 0x00350100u, 0x800839B4u, 0x00004537u,
    0x00000005u, 0x003F0100u, 0x800839BCu, 0x00004537u, 0x00000005u, 0x00350100u, 0x800839C8u, 0x00004577u,
    0x00000005u, 0x00530100u, 0x800839DCu, 0x00004577u, 0x0000FFFFu, 0x00000003u, 0x000901A4u, 0x00000001u,
    0x80083904u, 0x00004337u, 0x00000005u, 0x001A0073u, 0x00000001u, 0x80083914u, 0x000043B7u, 0x00000005u,
    0x00090078u, 0x00000001u, 0x8008390Cu, 0x000043B7u, 0x00000005u, 0x002B0021u, 0x00010001u, 0x800839A4u,
    0x000043B7u, 0x00000005u, 0x002B0100u, 0x800839B4u, 0x00004537u, 0x00000005u, 0x00350100u, 0x800839BCu,
    0x00004537u, 0x00000005u, 0x002B0100u, 0x800839C8u, 0x00004577u, 0x00000005u, 0x00490100u, 0x800839DCu,
    0x00004577u, 0x0000FFFFu, 0x00000003u, 0x001300BBu, 0x00000001u, 0x80083904u, 0x00004337u, 0x00000005u,
    0x00220066u, 0x00000001u, 0x80083914u, 0x000043B7u, 0x00000005u, 0x00130062u, 0x00000001u, 0x8008390Cu,
    0x000043B7u, 0x00000005u, 0x0032001Au, 0x00010001u, 0x80083994u, 0x000043B7u, 0x00000005u, 0x00320080u,
    0x800839B4u, 0x00004537u, 0x00000005u, 0x003C0080u, 0x800839BCu, 0x00004537u, 0x00000005u, 0x00460080u,
    0x800839C8u, 0x00004577u, 0x00000005u, 0x00580080u, 0x800839DCu, 0x00004577u, 0x0000FFFFu, 0x00000003u,
    0x001300BBu, 0x00000001u, 0x80083904u, 0x00004337u, 0x00000005u, 0x00220066u, 0x00000001u, 0x80083914u,
    0x000043B7u, 0x00000005u, 0x00130062u, 0x00000001u, 0x8008390Cu, 0x000043B7u, 0x00000005u, 0x0032001Au,
    0x00010001u, 0x800839A4u, 0x000043B7u, 0x00000005u, 0x00320080u, 0x800839B4u, 0x00004537u, 0x00000005u,
    0x003C0080u, 0x800839BCu, 0x00004537u, 0x00000005u, 0x00460080u, 0x800839C8u, 0x00004577u, 0x00000005u,
    0x00580080u, 0x800839DCu, 0x00004577u, 0x0000FFFFu, 0x80094024u, 0x0000000Cu, 0x800838B4u, 0x8009407Cu,
    0x0000000Du, 0x800838C4u, 0x800940D4u, 0x0000000Fu, 0x800838D4u, 0x800955BCu, 0x0000000Cu, 0x800838B4u,
    0x80095614u, 0x0000000Du, 0x800838C4u, 0x8009566Cu, 0x0000000Fu, 0x800838D4u, 0x02000104u, 0x03010082u,
    0x05020041u, 0x000000C8u, 0x000000C8u, 0x000000C8u, 0x000000C8u, 0x000000C8u, 0x000000C8u, 0x000000C8u,
    0x000000C8u, 0x000000C8u, 0x000000C8u, 0x000000C8u, 0x000000C8u, 0x00002000u, 0x00000800u, 0x00001E00u,
    0x00000600u, 0x00001CCDu, 0x000004CDu, 0x00001C00u, 0x00000400u, 0x00001B6Du, 0x0000036Eu, 0x00001000u,
    0x00001000u, 0x00001000u, 0x000000C8u, 0x00000190u, 0x0000015Eu, 0x00000002u, 0x000000C8u, 0x00000190u,
    0x0000015Eu, 0x00000002u, 0x00400080u, 0x000000C8u, 0x00000190u, 0x0000015Eu, 0x00000002u, 0x00200080u,
    0x000000C8u, 0x00000190u, 0x0000015Eu, 0x00000003u, 0x01000000u, 0x000000C8u, 0x00000190u, 0x0000015Eu,
    0x00000001u, 0x01000000u, 0x000000C8u, 0x00000190u, 0x0000015Eu, 0x00000003u, 0x01000000u, 0x0006487Eu,
    0x000C90FCu, 0x0012D978u, 0x001921F0u, 0x001F6A65u, 0x0025B2D6u, 0x002BFB40u, 0x003243A3u, 0x00388BFFu,
    0x003ED452u, 0x00451C9Cu, 0x004B64DAu, 0x0051AD0Eu, 0x0057F534u, 0x005E3D4Du, 0x00648557u, 0x006ACD52u,
    0x0071153Du, 0x00775D16u, 0x007DA4DCu, 0x0083EC8Fu, 0x008A342Eu, 0x00907BB8u, 0x0096C32Bu, 0x009D0A87u,
    0x00A351CBu, 0x00A998F6u, 0x00AFE006u, 0x00B626FBu, 0x00BC6DD5u, 0x00C2B491u, 0x00C8FB2Fu, 0x00CF41AEu,
    0x00D5880Du, 0x00DBCE4Cu, 0x00E21468u, 0x00E85A62u, 0x00EEA037u, 0x00F4E5E8u, 0x00FB2B73u, 0x010170D8u,
    0x0107B614u, 0x010DFB28u, 0x01144013u, 0x011A84D3u, 0x0120C967u, 0x01270DCEu, 0x012D5209u, 0x01339614u,
    0x0139D9F1u, 0x01401D9Du, 0x01466117u, 0x014CA45Fu, 0x0152E774u, 0x01592A55u, 0x015F6D00u, 0x0165AF75u,
    0x016BF1B3u, 0x017233B9u, 0x01787586u, 0x017EB719u, 0x0184F871u, 0x018B398Cu, 0x01917A6Bu, 0x0197BB0Cu,
    0x019DFB6Eu, 0x01A43B90u, 0x01AA7B72u, 0x01B0BB11u, 0x01B6FA6Eu, 0x01BD3987u, 0x01C3785Cu, 0x01C9B6EBu,
    0x01CFF533u, 0x01D63334u, 0x01DC70ECu, 0x01E2AE5Bu, 0x01E8EB7Fu, 0x01EF2858u, 0x01F564E5u, 0x01FBA124u,
    0x0201DD15u, 0x020818B7u, 0x020E5408u, 0x02148F09u, 0x021AC9B7u, 0x02210412u, 0x02273E19u, 0x022D77CBu,
    0x0233B128u, 0x0239EA2Du, 0x024022DAu, 0x02465B2Fu, 0x024C9329u, 0x0252CAC9u, 0x0259020Du, 0x025F38F5u,
    0x02656F7Fu, 0x026BA5AAu, 0x0271DB76u, 0x027810E1u, 0x027E45EAu, 0x02847A92u, 0x028AAED6u, 0x0290E2B5u,
    0x0297162Fu, 0x029D4943u, 0x02A37BF0u, 0x02A9AE35u, 0x02AFE010u, 0x02B61182u, 0x02BC4288u, 0x02C27322u,
    0x02C8A350u, 0x02CED30Fu, 0x02D50260u, 0x02DB3141u, 0x02E15FB1u, 0x02E78DB0u, 0x02EDBB3Bu, 0x02F3E853u,
    0x02FA14F7u, 0x03004125u, 0x03066CDDu, 0x030C981Du, 0x0312C2E4u, 0x0318ED33u, 0x031F1707u, 0x03254060u,
    0x032B693Du, 0x0331919Cu, 0x0337B97Eu, 0x033DE0E0u, 0x034407C3u, 0x034A2E24u, 0x03505404u, 0x03567961u,
    0x035C9E3Au, 0x0362C28Fu, 0x0368E65Du, 0x036F09A6u, 0x03752C66u, 0x037B4E9Eu, 0x0381704Du, 0x03879171u,
    0x038DB20Au, 0x0393D217u, 0x0399F196u, 0x03A01087u, 0x03A62EE9u, 0x03AC4CBBu, 0x03B269FCu, 0x03B886ABu,
    0x03BEA2C7u, 0x03C4BE50u, 0x03CAD943u, 0x03D0F3A1u, 0x03D70D68u, 0x03DD2698u, 0x03E33F2Fu, 0x03E9572Cu,
    0x03EF6E90u, 0x03F58557u, 0x03FB9B83u, 0x0401B111u, 0x0407C601u, 0x040DDA52u, 0x0413EE03u, 0x041A0113u,
    0x04201381u, 0x0426254Cu, 0x042C3673u, 0x043246F6u, 0x043856D3u, 0x043E6609u, 0x04447498u, 0x044A827Fu,
    0x04508FBBu, 0x04569C4Eu, 0x045CA835u, 0x0462B370u, 0x0468BDFEu, 0x046EC7DEu, 0x0474D10Fu, 0x047AD990u,
    0x0480E160u, 0x0486E87Fu, 0x048CEEEAu, 0x0492F4A2u, 0x0498F9A6u, 0x049EFDF4u, 0x04A5018Bu, 0x04AB046Bu,
    0x04B10693u, 0x04B70802u, 0x04BD08B6u, 0x04C308B0u, 0x04C907EDu, 0x04CF066Eu, 0x04D50430u, 0x04DB0134u,
    0x04E0FD78u, 0x04E6F8FCu, 0x04ECF3BEu, 0x04F2EDBEu, 0x04F8E6FAu, 0x04FEDF72u, 0x0504D725u, 0x050ACE11u,
    0x0510C437u, 0x0516B994u, 0x051CAE29u, 0x0522A1F4u, 0x052894F4u, 0x052E8728u, 0x05347890u, 0x053A692Bu,
    0x054058F7u, 0x054647F3u, 0x054C3620u, 0x0552237Bu, 0x05581004u, 0x055DFBBBu, 0x0563E69Du, 0x0569D0ABu,
    0x056FB9E2u, 0x0575A244u, 0x057B89CDu, 0x0581707Fu, 0x05875657u, 0x058D3B54u, 0x05931F77u, 0x059902BDu,
    0x059EE527u, 0x05A4C6B2u, 0x05AAA75Fu, 0x05B0872Cu, 0x05B66618u, 0x05BC4423u, 0x05C2214Cu, 0x05C7FD91u,
    0x05CDD8F2u, 0x05D3B36Eu, 0x05D98D03u, 0x05DF65B2u, 0x05E53D79u, 0x05EB1457u, 0x05F0EA4Cu, 0x05F6BF56u,
    0x05FC9374u, 0x060266A7u, 0x060838ECu, 0x060E0A42u, 0x0613DAAAu, 0x0619AA22u, 0x061F78A9u, 0x0625463Eu,
    0x062B12E1u, 0x0630DE90u, 0x0636A94Bu, 0x063C7311u, 0x06423BE0u, 0x064803B8u, 0x064DCA98u, 0x06539080u,
    0x0659556Du, 0x065F1960u, 0x0664DC58u, 0x066A9E53u, 0x06705F51u, 0x06761F50u, 0x067BDE50u, 0x06819C51u,
    0x06875950u, 0x068D154Eu, 0x0692D049u, 0x06988A41u, 0x069E4334u, 0x06A3FB22u, 0x06A9B20Au, 0x06AF67EBu,
    0x06B51CC4u, 0x06BAD094u, 0x06C0835Bu, 0x06C63516u, 0x06CBE5C7u, 0x06D1956Bu, 0x06D74402u, 0x06DCF18Bu,
    0x06E29E05u, 0x06E8496Fu, 0x06EDF3C8u, 0x06F39D10u, 0x06F94545u, 0x06FEEC68u, 0x07049276u, 0x070A376Eu,
    0x070FDB51u, 0x07157E1Du, 0x071B1FD2u, 0x0720C06Eu, 0x07265FF0u, 0x072BFE59u, 0x07319BA6u, 0x073737D7u,
    0x073CD2EBu, 0x07426CE2u, 0x074805BAu, 0x074D9D72u, 0x0753340Au, 0x0758C981u, 0x075E5DD6u, 0x0763F108u,
    0x07698317u, 0x076F1400u, 0x0774A3C5u, 0x077A3262u, 0x077FBFD9u, 0x07854C28u, 0x078AD74Eu, 0x07906149u,
    0x0795EA1Bu, 0x079B71C1u, 0x07A0F83Au, 0x07A67D87u, 0x07AC01A5u, 0x07B18494u, 0x07B70654u, 0x07BC86E3u,
    0x07C20641u, 0x07C7846Du, 0x07CD0165u, 0x07D27D29u, 0x07D7F7B9u, 0x07DD7113u, 0x07E2E936u, 0x07E86023u,
    0x07EDD5D7u, 0x07F34A51u, 0x07F8BD92u, 0x07FE2F99u, 0x0803A064u, 0x08090FF2u, 0x080E7E43u, 0x0813EB56u,
    0x0819572Au, 0x081EC1BFu, 0x08242B13u, 0x08299325u, 0x082EF9F6u, 0x08345F83u, 0x0839C3CCu, 0x083F26D1u,
    0x08448890u, 0x0849E908u, 0x084F483Au, 0x0854A623u, 0x085A02C3u, 0x085F5E1Au, 0x0864B826u, 0x086A10E7u,
    0x086F685Cu, 0x0874BE83u, 0x087A135Du, 0x087F66E8u, 0x0884B924u, 0x088A0A0Fu, 0x088F59AAu, 0x0894A7F2u,
    0x0899F4E7u, 0x089F4089u, 0x08A48AD7u, 0x08A9D3D0u, 0x08AF1B72u, 0x08B461BEu, 0x08B9A6B1u, 0x08BEEA4Du,
    0x08C42C8Fu, 0x08C96D77u, 0x08CEAD04u, 0x08D3EB36u, 0x08D9280Bu, 0x08DE6383u, 0x08E39D9Cu, 0x08E8D657u,
    0x08EE0DB2u, 0x08F343ACu, 0x08F87845u, 0x08FDAB7Cu, 0x0902DD50u, 0x09080DC0u, 0x090D3CCCu, 0x09126A72u,
    0x091796B3u, 0x091CC18Cu, 0x0921EAFDu, 0x09271306u, 0x092C39A6u, 0x09315EDBu, 0x093682A6u, 0x093BA505u,
    0x0940C5F7u, 0x0945E57Cu, 0x094B0393u, 0x0950203Bu, 0x09553B74u, 0x095A553Cu, 0x095F6D92u, 0x09648477u,
    0x096999E9u, 0x096EADE7u, 0x0973C071u, 0x0978D186u, 0x097DE125u, 0x0982EF4Du, 0x0987FBFEu, 0x098D0736u,
    0x099210F6u, 0x0997193Bu, 0x099C2006u, 0x09A12556u, 0x09A62929u, 0x09AB2B7Fu, 0x09B02C58u, 0x09B52BB2u,
    0x09BA298Du, 0x09BF25E8u, 0x09C420C2u, 0x09C91A1Bu, 0x09CE11F1u, 0x09D30845u, 0x09D7FD14u, 0x09DCF05Fu,
    0x09E1E224u, 0x09E6D264u, 0x09EBC11Cu, 0x09F0AE4Du, 0x09F599F5u, 0x09FA8414u, 0x09FF6CA9u, 0x0A0453B4u,
    0x0A093933u, 0x0A0E1D25u, 0x0A12FF8Bu, 0x0A17E063u, 0x0A1CBFADu, 0x0A219D68u, 0x0A267992u, 0x0A2B542Cu,
    0x0A302D34u, 0x0A3504AAu, 0x0A39DA8Du, 0x0A3EAEDDu, 0x0A438198u, 0x0A4852BDu, 0x0A4D224Du, 0x0A51F046u,
    0x0A56BCA8u, 0x0A5B8772u, 0x0A6050A2u, 0x0A65183Au, 0x0A69DE36u, 0x0A6EA298u, 0x0A73655Du, 0x0A782687u,
    0x0A7CE612u, 0x0A81A400u, 0x0A86604Fu, 0x0A8B1AFFu, 0x0A8FD40Eu, 0x0A948B7Cu, 0x0A994149u, 0x0A9DF573u,
    0x0AA2A7FAu, 0x0AA758DDu, 0x0AAC081Cu, 0x0AB0B5B5u, 0x0AB561A8u, 0x0ABA0BF5u, 0x0ABEB49Au, 0x0AC35B97u,
    0x0AC800EAu, 0x0ACCA495u, 0x0AD14695u, 0x0AD5E6EAu, 0x0ADA8593u, 0x0ADF228Fu, 0x0AE3BDDFu, 0x0AE85780u,
    0x0AECEF73u, 0x0AF185B7u, 0x0AF61A4Au, 0x0AFAAD2Du, 0x0AFF3E5Eu, 0x0B03CDDEu, 0x0B085BAAu, 0x0B0CE7C3u,
    0x0B117227u, 0x0B15FAD7u, 0x0B1A81D1u, 0x0B1F0715u, 0x0B238AA1u, 0x0B280C76u, 0x0B2C8C92u, 0x0B310AF6u,
    0x0B35879Fu, 0x0B3A028Eu, 0x0B3E7BC2u, 0x0B42F33Au, 0x0B4768F5u, 0x0B4BDCF3u, 0x0B504F33u, 0x0B54BFB4u,
    0x0B592E76u, 0x0B5D9B78u, 0x0B6206B9u, 0x0B667039u, 0x0B6AD7F7u, 0x0B6F3DF2u, 0x0B73A22Au, 0x0B78049Eu,
    0x0B7C654Cu, 0x0B80C436u, 0x0B852159u, 0x0B897CB6u, 0x0B8DD64Bu, 0x0B922E17u, 0x0B96841Bu, 0x0B9AD856u,
    0x0B9F2AC7u, 0x0BA37B6Cu, 0x0BA7CA46u, 0x0BAC1754u, 0x0BB06296u, 0x0BB4AC09u, 0x0BB8F3AFu, 0x0BBD3986u,
    0x0BC17D8Du, 0x0BC5BFC5u, 0x0BCA002Bu, 0x0BCE3EC0u, 0x0BD27B83u, 0x0BD6B674u, 0x0BDAEF91u, 0x0BDF26DAu,
    0x0BE35C4Eu, 0x0BE78FEDu, 0x0BEBC1B6u, 0x0BEFF1A8u, 0x0BF41FC3u, 0x0BF84C07u, 0x0BFC7671u, 0x0C009F03u,
    0x0C04C5BAu, 0x0C08EA97u, 0x0C0D0D99u, 0x0C112EC0u, 0x0C154E09u, 0x0C196B76u, 0x0C1D8705u, 0x0C21A0B6u,
    0x0C25B888u, 0x0C29CE7Bu, 0x0C2DE28Du, 0x0C31F4BEu, 0x0C36050Eu, 0x0C3A137Cu, 0x0C3E2007u, 0x0C422AAFu,
    0x0C463373u, 0x0C4A3A52u, 0x0C4E3F4Du, 0x0C524261u, 0x0C56438Fu, 0x0C5A42D6u, 0x0C5E4035u, 0x0C623BACu,
    0x0C66353Au, 0x0C6A2CDFu, 0x0C6E2299u, 0x0C721669u, 0x0C76084Du, 0x0C79F846u, 0x0C7DE651u, 0x0C81D270u,
    0x0C85BCA1u, 0x0C89A4E4u, 0x0C8D8B37u, 0x0C916F9Bu, 0x0C95520Fu, 0x0C993293u, 0x0C9D1124u, 0x0CA0EDC4u,
    0x0CA4C871u, 0x0CA8A12Bu, 0x0CAC77F2u, 0x0CB04CC4u, 0x0CB41FA1u, 0x0CB7F088u, 0x0CBBBF7Au, 0x0CBF8C75u,
    0x0CC35778u, 0x0CC72084u, 0x0CCAE797u, 0x0CCEACB1u, 0x0CD26FD2u, 0x0CD630F8u, 0x0CD9F023u, 0x0CDDAD54u,
    0x0CE16888u, 0x0CE521C0u, 0x0CE8D8FAu, 0x0CEC8E38u, 0x0CF04176u, 0x0CF3F2B6u, 0x0CF7A1F7u, 0x0CFB4F38u,
    0x0CFEFA78u, 0x0D02A3B7u, 0x0D064AF5u, 0x0D09F030u, 0x0D0D9369u, 0x0D11349Eu, 0x0D14D3D0u, 0x0D1870FDu,
    0x0D1C0C25u, 0x0D1FA547u, 0x0D233C64u, 0x0D26D179u, 0x0D2A6488u, 0x0D2DF58Fu, 0x0D31848Du, 0x0D351183u,
    0x0D389C6Fu, 0x0D3C2551u, 0x0D3FAC29u, 0x0D4330F6u, 0x0D46B3B7u, 0x0D4A346Cu, 0x0D4DB314u, 0x0D512FAFu,
    0x0D54AA3Du, 0x0D5822BCu, 0x0D5B992Cu, 0x0D5F0D8Du, 0x0D627FDEu, 0x0D65F01Fu, 0x0D695E4Fu, 0x0D6CCA6Du,
    0x0D703479u, 0x0D739C73u, 0x0D77025Au, 0x0D7A662Du, 0x0D7DC7ECu, 0x0D812796u, 0x0D84852Cu, 0x0D87E0ABu,
    0x0D8B3A15u, 0x0D8E9167u, 0x0D91E6A3u, 0x0D9539C7u, 0x0D988AD2u, 0x0D9BD9C5u, 0x0D9F269Fu, 0x0DA2715Fu,
    0x0DA5BA04u, 0x0DA9008Fu, 0x0DAC44FFu, 0x0DAF8753u, 0x0DB2C78Au, 0x0DB605A5u, 0x0DB941A2u, 0x0DBC7B82u,
    0x0DBFB343u, 0x0DC2E8E5u, 0x0DC61C69u, 0x0DC94DCCu, 0x0DCC7D0Fu, 0x0DCFAA32u, 0x0DD2D533u, 0x0DD5FE13u,
    0x0DD924D0u, 0x0DDC496Au, 0x0DDF6BE2u, 0x0DE28C35u, 0x0DE5AA65u, 0x0DE8C670u, 0x0DEBE056u, 0x0DEEF816u,
    0x0DF20DB0u, 0x0DF52124u, 0x0DF83270u, 0x0DFB4195u, 0x0DFE4E92u, 0x0E015967u, 0x0E046213u, 0x0E076895u,
    0x0E0A6CEEu, 0x0E0D6F1Cu, 0x0E106F1Fu, 0x0E136CF8u, 0x0E1668A4u, 0x0E196224u, 0x0E1C5978u, 0x0E1F4E9Fu,
    0x0E224198u, 0x0E253263u, 0x0E282100u, 0x0E2B0D6Eu, 0x0E2DF7ACu, 0x0E30DFBBu, 0x0E33C59Au, 0x0E36A948u,
    0x0E398AC4u, 0x0E3C6A0Fu, 0x0E3F4729u, 0x0E42220Fu, 0x0E44FAC3u, 0x0E47D143u, 0x0E4AA590u, 0x0E4D77A9u,
    0x0E50478Cu, 0x0E53153Bu, 0x0E55E0B4u, 0x0E58A9F8u, 0x0E5B7105u, 0x0E5E35DBu, 0x0E60F879u, 0x0E63B8E1u,
    0x0E667710u, 0x0E693307u, 0x0E6BECC4u, 0x0E6EA449u, 0x0E715993u, 0x0E740CA4u, 0x0E76BD7Au, 0x0E796C14u,
    0x0E7C1874u, 0x0E7EC297u, 0x0E816A7Fu, 0x0E84102Au, 0x0E86B397u, 0x0E8954C7u, 0x0E8BF3BAu, 0x0E8E906Eu,
    0x0E912AE3u, 0x0E93C319u, 0x0E965910u, 0x0E98ECC7u, 0x0E9B7E3Du, 0x0E9E0D73u, 0x0EA09A68u, 0x0EA3251Cu,
    0x0EA5AD8Du, 0x0EA833BCu, 0x0EAAB7A9u, 0x0EAD3953u, 0x0EAFB8B9u, 0x0EB235DBu, 0x0EB4B0B9u, 0x0EB72953u,
    0x0EB99FA8u, 0x0EBC13B7u, 0x0EBE8581u, 0x0EC0F504u, 0x0EC36242u, 0x0EC5CD38u, 0x0EC835E7u, 0x0ECA9C4Fu,
    0x0ECD006Eu, 0x0ECF6246u, 0x0ED1C1D4u, 0x0ED41F1Au, 0x0ED67A16u, 0x0ED8D2C8u, 0x0EDB2931u, 0x0EDD7D4Eu,
    0x0EDFCF21u, 0x0EE21EA9u, 0x0EE46BE5u, 0x0EE6B6D5u, 0x0EE8FF79u, 0x0EEB45D1u, 0x0EED89DBu, 0x0EEFCB98u,
    0x0EF20B07u, 0x0EF44829u, 0x0EF682FBu, 0x0EF8BB80u, 0x0EFAF1B5u, 0x0EFD259Bu, 0x0EFF5731u, 0x0F018677u,
    0x0F03B36Cu, 0x0F05DE11u, 0x0F080665u, 0x0F0A2C67u, 0x0F0C5017u, 0x0F0E7176u, 0x0F109082u, 0x0F12AD3Bu,
    0x0F14C7A2u, 0x0F16DFB5u, 0x0F18F574u, 0x0F1B08DFu, 0x0F1D19F6u, 0x0F1F28B8u, 0x0F213525u, 0x0F233F3Du,
    0x0F2546FFu, 0x0F274C6Cu, 0x0F294F82u, 0x0F2B5041u, 0x0F2D4EAAu, 0x0F2F4ABCu, 0x0F314476u, 0x0F333BD8u,
    0x0F3530E2u, 0x0F372394u, 0x0F3913EDu, 0x0F3B01EDu, 0x0F3CED94u, 0x0F3ED6E2u, 0x0F40BDD5u, 0x0F42A26Eu,
    0x0F4484ADu, 0x0F466491u, 0x0F48421Bu, 0x0F4A1D48u, 0x0F4BF61Bu, 0x0F4DCC91u, 0x0F4FA0ABu, 0x0F517269u,
    0x0F5341C9u, 0x0F550ECDu, 0x0F56D974u, 0x0F58A1BDu, 0x0F5A67A8u, 0x0F5C2B35u, 0x0F5DEC64u, 0x0F5FAB34u,
    0x0F6167A5u, 0x0F6321B7u, 0x0F64D969u, 0x0F668EBCu, 0x0F6841AFu, 0x0F69F241u, 0x0F6BA073u, 0x0F6D4C44u,
    0x0F6EF5B5u, 0x0F709CC3u, 0x0F724171u, 0x0F73E3BCu, 0x0F7583A6u, 0x0F77212Du, 0x0F78BC51u, 0x0F7A5513u,
    0x0F7BEB72u, 0x0F7D7F6Eu, 0x0F7F1106u, 0x0F80A03Au, 0x0F822D0Au, 0x0F83B776u, 0x0F853F7Du, 0x0F86C520u,
    0x0F88485Eu, 0x0F89C936u, 0x0F8B47A9u, 0x0F8CC3B7u, 0x0F8E3D5Fu, 0x0F8FB4A0u, 0x0F91297Bu, 0x0F929BF0u,
    0x0F940BFEu, 0x0F9579A4u, 0x0F96E4E4u, 0x0F984DBCu, 0x0F99B42Du, 0x0F9B1835u, 0x0F9C79D6u, 0x0F9DD90Eu,
    0x0F9F35DEu, 0x0FA09044u, 0x0FA1E842u, 0x0FA33DD7u, 0x0FA49103u, 0x0FA5E1C5u, 0x0FA7301Du, 0x0FA87C0Bu,
    0x0FA9C58Fu, 0x0FAB0CA9u, 0x0FAC5158u, 0x0FAD939Du, 0x0FAED376u, 0x0FB010E4u, 0x0FB14BE7u, 0x0FB2847Fu,
    0x0FB3BAABu, 0x0FB4EE6Bu, 0x0FB61FBEu, 0x0FB74EA6u, 0x0FB87B21u, 0x0FB9A530u, 0x0FBACCD1u, 0x0FBBF206u,
    0x0FBD14CEu, 0x0FBE3528u, 0x0FBF5314u, 0x0FC06E93u, 0x0FC187A5u, 0x0FC29E48u, 0x0FC3B27Du, 0x0FC4C443u,
    0x0FC5D39Bu, 0x0FC6E085u, 0x0FC7EAFFu, 0x0FC8F30Bu, 0x0FC9F8A7u, 0x0FCAFBD4u, 0x0FCBFC92u, 0x0FCCFAE0u,
    0x0FCDF6BEu, 0x0FCEF02Cu, 0x0FCFE72Au, 0x0FD0DBB8u, 0x0FD1CDD6u, 0x0FD2BD83u, 0x0FD3AABFu, 0x0FD4958Bu,
    0x0FD57DE5u, 0x0FD663CEu, 0x0FD74747u, 0x0FD8284Du, 0x0FD906E3u, 0x0FD9E306u, 0x0FDABCB8u, 0x0FDB93F8u,
    0x0FDC68C6u, 0x0FDD3B22u, 0x0FDE0B0Bu, 0x0FDED883u, 0x0FDFA387u, 0x0FE06C19u, 0x0FE13238u, 0x0FE1F5E4u,
    0x0FE2B71Du, 0x0FE375E3u, 0x0FE43236u, 0x0FE4EC15u, 0x0FE5A381u, 0x0FE6587Au, 0x0FE70AFEu, 0x0FE7BB0Fu,
    0x0FE868ACu, 0x0FE913D5u, 0x0FE9BC8Au, 0x0FEA62CAu, 0x0FEB0696u, 0x0FEBA7EEu, 0x0FEC46D1u, 0x0FECE340u,
    0x0FED7D3Au, 0x0FEE14BFu, 0x0FEEA9CFu, 0x0FEF3C6Bu, 0x0FEFCC91u, 0x0FF05A42u, 0x0FF0E57Eu, 0x0FF16E44u,
    0x0FF1F495u, 0x0FF27871u, 0x0FF2F9D7u, 0x0FF378C7u, 0x0FF3F542u, 0x0FF46F47u, 0x0FF4E6D6u, 0x0FF55BEFu,
    0x0FF5CE92u, 0x0FF63EBFu, 0x0FF6AC76u, 0x0FF717B6u, 0x0FF78081u, 0x0FF7E6D5u, 0x0FF84AB2u, 0x0FF8AC19u,
    0x0FF90B0Au, 0x0FF96784u, 0x0FF9C187u, 0x0FFA1914u, 0x0FFA6E2Au, 0x0FFAC0C9u, 0x0FFB10F1u, 0x0FFB5EA3u,
    0x0FFBA9DDu, 0x0FFBF2A1u, 0x0FFC38EDu, 0x0FFC7CC2u, 0x0FFCBE21u, 0x0FFCFD08u, 0x0FFD3977u, 0x0FFD7370u,
    0x0FFDAAF2u, 0x0FFDDFFCu, 0x0FFE128Eu, 0x0FFE42AAu, 0x0FFE704Eu, 0x0FFE9B7Bu, 0x0FFEC430u, 0x0FFEEA6Du,
    0x0FFF0E34u, 0x0FFF2F82u, 0x0FFF4E5Au, 0x0FFF6AB9u, 0x0FFF84A1u, 0x0FFF9C12u, 0x0FFFB10Bu, 0x0FFFC38Cu,
    0x0FFFD396u, 0x0FFFE128u, 0x0FFFEC42u, 0x0FFFF4E5u, 0x0FFFFB10u, 0x0FFFFEC4u, 0x10000000u, 0x0FFFFEC4u,
    0x0FFFFB10u, 0x0FFFF4E5u, 0x0FFFEC42u, 0x0FFFE128u, 0x0FFFD396u, 0x0FFFC38Cu, 0x0FFFB10Bu, 0x0FFF9C12u,
    0x0FFF84A1u, 0x0FFF6AB9u, 0x0FFF4E5Au, 0x0FFF2F82u, 0x0FFF0E34u, 0x0FFEEA6Du, 0x0FFEC430u, 0x0FFE9B7Bu,
    0x0FFE704Eu, 0x0FFE42AAu, 0x0FFE128Eu, 0x0FFDDFFCu, 0x0FFDAAF2u, 0x0FFD7370u, 0x0FFD3977u, 0x0FFCFD08u,
    0x0FFCBE21u, 0x0FFC7CC2u, 0x0FFC38EDu, 0x0FFBF2A1u, 0x0FFBA9DDu, 0x0FFB5EA3u, 0x0FFB10F1u, 0x0FFAC0C9u,
    0x0FFA6E2Au, 0x0FFA1914u, 0x0FF9C187u, 0x0FF96784u, 0x0FF90B0Au, 0x0FF8AC19u, 0x0FF84AB2u, 0x0FF7E6D5u,
    0x0FF78081u, 0x0FF717B6u, 0x0FF6AC76u, 0x0FF63EBFu, 0x0FF5CE92u, 0x0FF55BEFu, 0x0FF4E6D6u, 0x0FF46F47u,
    0x0FF3F542u, 0x0FF378C7u, 0x0FF2F9D7u, 0x0FF27871u, 0x0FF1F495u, 0x0FF16E44u, 0x0FF0E57Eu, 0x0FF05A42u,
    0x0FEFCC91u, 0x0FEF3C6Bu, 0x0FEEA9CFu, 0x0FEE14BFu, 0x0FED7D3Au, 0x0FECE340u, 0x0FEC46D1u, 0x0FEBA7EEu,
    0x0FEB0696u, 0x0FEA62CAu, 0x0FE9BC8Au, 0x0FE913D5u, 0x0FE868ACu, 0x0FE7BB0Fu, 0x0FE70AFEu, 0x0FE6587Au,
    0x0FE5A381u, 0x0FE4EC15u, 0x0FE43236u, 0x0FE375E3u, 0x0FE2B71Du, 0x0FE1F5E4u, 0x0FE13238u, 0x0FE06C19u,
    0x0FDFA387u, 0x0FDED883u, 0x0FDE0B0Bu, 0x0FDD3B22u, 0x0FDC68C6u, 0x0FDB93F8u, 0x0FDABCB8u, 0x0FD9E306u,
    0x0FD906E3u, 0x0FD8284Du, 0x0FD74747u, 0x0FD663CEu, 0x0FD57DE5u, 0x0FD4958Bu, 0x0FD3AABFu, 0x0FD2BD83u,
    0x0FD1CDD6u, 0x0FD0DBB8u, 0x0FCFE72Au, 0x0FCEF02Cu, 0x0FCDF6BEu, 0x0FCCFAE0u, 0x0FCBFC92u, 0x0FCAFBD4u,
    0x0FC9F8A7u, 0x0FC8F30Bu, 0x0FC7EAFFu, 0x0FC6E085u, 0x0FC5D39Bu, 0x0FC4C443u, 0x0FC3B27Du, 0x0FC29E48u,
    0x0FC187A5u, 0x0FC06E93u, 0x0FBF5314u, 0x0FBE3528u, 0x0FBD14CEu, 0x0FBBF206u, 0x0FBACCD1u, 0x0FB9A530u,
    0x0FB87B21u, 0x0FB74EA6u, 0x0FB61FBEu, 0x0FB4EE6Bu, 0x0FB3BAABu, 0x0FB2847Fu, 0x0FB14BE7u, 0x0FB010E4u,
    0x0FAED376u, 0x0FAD939Du, 0x0FAC5158u, 0x0FAB0CA9u, 0x0FA9C58Fu, 0x0FA87C0Bu, 0x0FA7301Du, 0x0FA5E1C5u,
    0x0FA49103u, 0x0FA33DD7u, 0x0FA1E842u, 0x0FA09044u, 0x0F9F35DEu, 0x0F9DD90Eu, 0x0F9C79D6u, 0x0F9B1835u,
    0x0F99B42Du, 0x0F984DBCu, 0x0F96E4E4u, 0x0F9579A4u, 0x0F940BFEu, 0x0F929BF0u, 0x0F91297Bu, 0x0F8FB4A0u,
    0x0F8E3D5Fu, 0x0F8CC3B7u, 0x0F8B47A9u, 0x0F89C936u, 0x0F88485Eu, 0x0F86C520u, 0x0F853F7Du, 0x0F83B776u,
    0x0F822D0Au, 0x0F80A03Au, 0x0F7F1106u, 0x0F7D7F6Eu, 0x0F7BEB72u, 0x0F7A5513u, 0x0F78BC51u, 0x0F77212Du,
    0x0F7583A6u, 0x0F73E3BCu, 0x0F724171u, 0x0F709CC3u, 0x0F6EF5B5u, 0x0F6D4C44u, 0x0F6BA073u, 0x0F69F241u,
    0x0F6841AFu, 0x0F668EBCu, 0x0F64D969u, 0x0F6321B7u, 0x0F6167A5u, 0x0F5FAB34u, 0x0F5DEC64u, 0x0F5C2B35u,
    0x0F5A67A8u, 0x0F58A1BDu, 0x0F56D974u, 0x0F550ECDu, 0x0F5341C9u, 0x0F517269u, 0x0F4FA0ABu, 0x0F4DCC91u,
    0x0F4BF61Bu, 0x0F4A1D48u, 0x0F48421Bu, 0x0F466491u, 0x0F4484ADu, 0x0F42A26Eu, 0x0F40BDD5u, 0x0F3ED6E2u,
    0x0F3CED94u, 0x0F3B01EDu, 0x0F3913EDu, 0x0F372394u, 0x0F3530E2u, 0x0F333BD8u, 0x0F314476u, 0x0F2F4ABCu,
    0x0F2D4EAAu, 0x0F2B5041u, 0x0F294F82u, 0x0F274C6Cu, 0x0F2546FFu, 0x0F233F3Du, 0x0F213525u, 0x0F1F28B8u,
    0x0F1D19F6u, 0x0F1B08DFu, 0x0F18F574u, 0x0F16DFB5u, 0x0F14C7A2u, 0x0F12AD3Bu, 0x0F109082u, 0x0F0E7176u,
    0x0F0C5017u, 0x0F0A2C67u, 0x0F080665u, 0x0F05DE11u, 0x0F03B36Cu, 0x0F018677u, 0x0EFF5731u, 0x0EFD259Bu,
    0x0EFAF1B5u, 0x0EF8BB80u, 0x0EF682FBu, 0x0EF44829u, 0x0EF20B07u, 0x0EEFCB98u, 0x0EED89DBu, 0x0EEB45D1u,
    0x0EE8FF79u, 0x0EE6B6D5u, 0x0EE46BE5u, 0x0EE21EA9u, 0x0EDFCF21u, 0x0EDD7D4Eu, 0x0EDB2931u, 0x0ED8D2C8u,
    0x0ED67A16u, 0x0ED41F1Au, 0x0ED1C1D4u, 0x0ECF6246u, 0x0ECD006Eu, 0x0ECA9C4Fu, 0x0EC835E7u, 0x0EC5CD38u,
    0x0EC36242u, 0x0EC0F504u, 0x0EBE8581u, 0x0EBC13B7u, 0x0EB99FA8u, 0x0EB72953u, 0x0EB4B0B9u, 0x0EB235DBu,
    0x0EAFB8B9u, 0x0EAD3953u, 0x0EAAB7A9u, 0x0EA833BCu, 0x0EA5AD8Du, 0x0EA3251Cu, 0x0EA09A68u, 0x0E9E0D73u,
    0x0E9B7E3Du, 0x0E98ECC7u, 0x0E965910u, 0x0E93C319u, 0x0E912AE3u, 0x0E8E906Eu, 0x0E8BF3BAu, 0x0E8954C7u,
    0x0E86B397u, 0x0E84102Au, 0x0E816A7Fu, 0x0E7EC297u, 0x0E7C1874u, 0x0E796C14u, 0x0E76BD7Au, 0x0E740CA4u,
    0x0E715993u, 0x0E6EA449u, 0x0E6BECC4u, 0x0E693307u, 0x0E667710u, 0x0E63B8E1u, 0x0E60F879u, 0x0E5E35DBu,
    0x0E5B7105u, 0x0E58A9F8u, 0x0E55E0B4u, 0x0E53153Bu, 0x0E50478Cu, 0x0E4D77A9u, 0x0E4AA590u, 0x0E47D143u,
    0x0E44FAC3u, 0x0E42220Fu, 0x0E3F4729u, 0x0E3C6A0Fu, 0x0E398AC4u, 0x0E36A948u, 0x0E33C59Au, 0x0E30DFBBu,
    0x0E2DF7ACu, 0x0E2B0D6Eu, 0x0E282100u, 0x0E253263u, 0x0E224198u, 0x0E1F4E9Fu, 0x0E1C5978u, 0x0E196224u,
    0x0E1668A4u, 0x0E136CF8u, 0x0E106F1Fu, 0x0E0D6F1Cu, 0x0E0A6CEEu, 0x0E076895u, 0x0E046213u, 0x0E015967u,
    0x0DFE4E92u, 0x0DFB4195u, 0x0DF83270u, 0x0DF52124u, 0x0DF20DB0u, 0x0DEEF816u, 0x0DEBE056u, 0x0DE8C670u,
    0x0DE5AA65u, 0x0DE28C35u, 0x0DDF6BE2u, 0x0DDC496Au, 0x0DD924D0u, 0x0DD5FE13u, 0x0DD2D533u, 0x0DCFAA32u,
    0x0DCC7D0Fu, 0x0DC94DCCu, 0x0DC61C69u, 0x0DC2E8E5u, 0x0DBFB343u, 0x0DBC7B82u, 0x0DB941A2u, 0x0DB605A5u,
    0x0DB2C78Au, 0x0DAF8753u, 0x0DAC44FFu, 0x0DA9008Fu, 0x0DA5BA04u, 0x0DA2715Fu, 0x0D9F269Fu, 0x0D9BD9C5u,
    0x0D988AD2u, 0x0D9539C7u, 0x0D91E6A3u, 0x0D8E9167u, 0x0D8B3A15u, 0x0D87E0ABu, 0x0D84852Cu, 0x0D812796u,
    0x0D7DC7ECu, 0x0D7A662Du, 0x0D77025Au, 0x0D739C73u, 0x0D703479u, 0x0D6CCA6Du, 0x0D695E4Fu, 0x0D65F01Fu,
    0x0D627FDEu, 0x0D5F0D8Du, 0x0D5B992Cu, 0x0D5822BCu, 0x0D54AA3Du, 0x0D512FAFu, 0x0D4DB314u, 0x0D4A346Cu,
    0x0D46B3B7u, 0x0D4330F6u, 0x0D3FAC29u, 0x0D3C2551u, 0x0D389C6Fu, 0x0D351183u, 0x0D31848Du, 0x0D2DF58Fu,
    0x0D2A6488u, 0x0D26D179u, 0x0D233C64u, 0x0D1FA547u, 0x0D1C0C25u, 0x0D1870FDu, 0x0D14D3D0u, 0x0D11349Eu,
    0x0D0D9369u, 0x0D09F030u, 0x0D064AF5u, 0x0D02A3B7u, 0x0CFEFA78u, 0x0CFB4F38u, 0x0CF7A1F7u, 0x0CF3F2B6u,
    0x0CF04176u, 0x0CEC8E38u, 0x0CE8D8FAu, 0x0CE521C0u, 0x0CE16888u, 0x0CDDAD54u, 0x0CD9F023u, 0x0CD630F8u,
    0x0CD26FD2u, 0x0CCEACB1u, 0x0CCAE797u, 0x0CC72084u, 0x0CC35778u, 0x0CBF8C75u, 0x0CBBBF7Au, 0x0CB7F088u,
    0x0CB41FA1u, 0x0CB04CC4u, 0x0CAC77F2u, 0x0CA8A12Bu, 0x0CA4C871u, 0x0CA0EDC4u, 0x0C9D1124u, 0x0C993293u,
    0x0C95520Fu, 0x0C916F9Bu, 0x0C8D8B37u, 0x0C89A4E4u, 0x0C85BCA1u, 0x0C81D270u, 0x0C7DE651u, 0x0C79F846u,
    0x0C76084Du, 0x0C721669u, 0x0C6E2299u, 0x0C6A2CDFu, 0x0C66353Au, 0x0C623BACu, 0x0C5E4035u, 0x0C5A42D6u,
    0x0C56438Fu, 0x0C524261u, 0x0C4E3F4Du, 0x0C4A3A52u, 0x0C463373u, 0x0C422AAFu, 0x0C3E2007u, 0x0C3A137Cu,
    0x0C36050Eu, 0x0C31F4BEu, 0x0C2DE28Du, 0x0C29CE7Bu, 0x0C25B888u, 0x0C21A0B6u, 0x0C1D8705u, 0x0C196B76u,
    0x0C154E09u, 0x0C112EC0u, 0x0C0D0D99u, 0x0C08EA97u, 0x0C04C5BAu, 0x0C009F03u, 0x0BFC7671u, 0x0BF84C07u,
    0x0BF41FC3u, 0x0BEFF1A8u, 0x0BEBC1B6u, 0x0BE78FEDu, 0x0BE35C4Eu, 0x0BDF26DAu, 0x0BDAEF91u, 0x0BD6B674u,
    0x0BD27B83u, 0x0BCE3EC0u, 0x0BCA002Bu, 0x0BC5BFC5u, 0x0BC17D8Du, 0x0BBD3986u, 0x0BB8F3AFu, 0x0BB4AC09u,
    0x0BB06296u, 0x0BAC1754u, 0x0BA7CA46u, 0x0BA37B6Cu, 0x0B9F2AC7u, 0x0B9AD856u, 0x0B96841Bu, 0x0B922E17u,
    0x0B8DD64Bu, 0x0B897CB6u, 0x0B852159u, 0x0B80C436u, 0x0B7C654Cu, 0x0B78049Eu, 0x0B73A22Au, 0x0B6F3DF2u,
    0x0B6AD7F7u, 0x0B667039u, 0x0B6206B9u, 0x0B5D9B78u, 0x0B592E76u, 0x0B54BFB4u, 0x0B504F33u, 0x0B4BDCF3u,
    0x0B4768F5u, 0x0B42F33Au, 0x0B3E7BC2u, 0x0B3A028Eu, 0x0B35879Fu, 0x0B310AF6u, 0x0B2C8C92u, 0x0B280C76u,
    0x0B238AA1u, 0x0B1F0715u, 0x0B1A81D1u, 0x0B15FAD7u, 0x0B117227u, 0x0B0CE7C3u, 0x0B085BAAu, 0x0B03CDDEu,
    0x0AFF3E5Eu, 0x0AFAAD2Du, 0x0AF61A4Au, 0x0AF185B7u, 0x0AECEF73u, 0x0AE85780u, 0x0AE3BDDFu, 0x0ADF228Fu,
    0x0ADA8593u, 0x0AD5E6EAu, 0x0AD14695u, 0x0ACCA495u, 0x0AC800EAu, 0x0AC35B97u, 0x0ABEB49Au, 0x0ABA0BF5u,
    0x0AB561A8u, 0x0AB0B5B5u, 0x0AAC081Cu, 0x0AA758DDu, 0x0AA2A7FAu, 0x0A9DF573u, 0x0A994149u, 0x0A948B7Cu,
    0x0A8FD40Eu, 0x0A8B1AFFu, 0x0A86604Fu, 0x0A81A400u, 0x0A7CE612u, 0x0A782687u, 0x0A73655Du, 0x0A6EA298u,
    0x0A69DE36u, 0x0A65183Au, 0x0A6050A2u, 0x0A5B8772u, 0x0A56BCA8u, 0x0A51F046u, 0x0A4D224Du, 0x0A4852BDu,
    0x0A438198u, 0x0A3EAEDDu, 0x0A39DA8Du, 0x0A3504AAu, 0x0A302D34u, 0x0A2B542Cu, 0x0A267992u, 0x0A219D68u,
    0x0A1CBFADu, 0x0A17E063u, 0x0A12FF8Bu, 0x0A0E1D25u, 0x0A093933u, 0x0A0453B4u, 0x09FF6CA9u, 0x09FA8414u,
    0x09F599F5u, 0x09F0AE4Du, 0x09EBC11Cu, 0x09E6D264u, 0x09E1E224u, 0x09DCF05Fu, 0x09D7FD14u, 0x09D30845u,
    0x09CE11F1u, 0x09C91A1Bu, 0x09C420C2u, 0x09BF25E8u, 0x09BA298Du, 0x09B52BB2u, 0x09B02C58u, 0x09AB2B7Fu,
    0x09A62929u, 0x09A12556u, 0x099C2006u, 0x0997193Bu, 0x099210F6u, 0x098D0736u, 0x0987FBFEu, 0x0982EF4Du,
    0x097DE125u, 0x0978D186u, 0x0973C071u, 0x096EADE7u, 0x096999E9u, 0x09648477u, 0x095F6D92u, 0x095A553Cu,
    0x09553B74u, 0x0950203Bu, 0x094B0393u, 0x0945E57Cu, 0x0940C5F7u, 0x093BA505u, 0x093682A6u, 0x09315EDBu,
    0x092C39A6u, 0x09271306u, 0x0921EAFDu, 0x091CC18Cu, 0x091796B3u, 0x09126A72u, 0x090D3CCCu, 0x09080DC0u,
    0x0902DD50u, 0x08FDAB7Cu, 0x08F87845u, 0x08F343ACu, 0x08EE0DB2u, 0x08E8D657u, 0x08E39D9Cu, 0x08DE6383u,
    0x08D9280Bu, 0x08D3EB36u, 0x08CEAD04u, 0x08C96D77u, 0x08C42C8Fu, 0x08BEEA4Du, 0x08B9A6B1u, 0x08B461BEu,
    0x08AF1B72u, 0x08A9D3D0u, 0x08A48AD7u, 0x089F4089u, 0x0899F4E7u, 0x0894A7F2u, 0x088F59AAu, 0x088A0A0Fu,
    0x0884B924u, 0x087F66E8u, 0x087A135Du, 0x0874BE83u, 0x086F685Cu, 0x086A10E7u, 0x0864B826u, 0x085F5E1Au,
    0x085A02C3u, 0x0854A623u, 0x084F483Au, 0x0849E908u, 0x08448890u, 0x083F26D1u, 0x0839C3CCu, 0x08345F83u,
    0x082EF9F6u, 0x08299325u, 0x08242B13u, 0x081EC1BFu, 0x0819572Au, 0x0813EB56u, 0x080E7E43u, 0x08090FF2u,
    0x0803A064u, 0x07FE2F99u, 0x07F8BD92u, 0x07F34A51u, 0x07EDD5D7u, 0x07E86023u, 0x07E2E936u, 0x07DD7113u,
    0x07D7F7B9u, 0x07D27D29u, 0x07CD0165u, 0x07C7846Du, 0x07C20641u, 0x07BC86E3u, 0x07B70654u, 0x07B18494u,
    0x07AC01A5u, 0x07A67D87u, 0x07A0F83Au, 0x079B71C1u, 0x0795EA1Bu, 0x07906149u, 0x078AD74Eu, 0x07854C28u,
    0x077FBFD9u, 0x077A3262u, 0x0774A3C5u, 0x076F1400u, 0x07698317u, 0x0763F108u, 0x075E5DD6u, 0x0758C981u,
    0x0753340Au, 0x074D9D72u, 0x074805BAu, 0x07426CE2u, 0x073CD2EBu, 0x073737D7u, 0x07319BA6u, 0x072BFE59u,
    0x07265FF0u, 0x0720C06Eu, 0x071B1FD2u, 0x07157E1Du, 0x070FDB51u, 0x070A376Eu, 0x07049276u, 0x06FEEC68u,
    0x06F94545u, 0x06F39D10u, 0x06EDF3C8u, 0x06E8496Fu, 0x06E29E05u, 0x06DCF18Bu, 0x06D74402u, 0x06D1956Bu,
    0x06CBE5C7u, 0x06C63516u, 0x06C0835Bu, 0x06BAD094u, 0x06B51CC4u, 0x06AF67EBu, 0x06A9B20Au, 0x06A3FB22u,
    0x069E4334u, 0x06988A41u, 0x0692D049u, 0x068D154Eu, 0x06875950u, 0x06819C51u, 0x067BDE50u, 0x06761F50u,
    0x06705F51u, 0x066A9E53u, 0x0664DC58u, 0x065F1960u, 0x0659556Du, 0x06539080u, 0x064DCA98u, 0x064803B8u,
    0x06423BE0u, 0x063C7311u, 0x0636A94Bu, 0x0630DE90u, 0x062B12E1u, 0x0625463Eu, 0x061F78A9u, 0x0619AA22u,
    0x0613DAAAu, 0x060E0A42u, 0x060838ECu, 0x060266A7u, 0x05FC9374u, 0x05F6BF56u, 0x05F0EA4Cu, 0x05EB1457u,
    0x05E53D79u, 0x05DF65B2u, 0x05D98D03u, 0x05D3B36Eu, 0x05CDD8F2u, 0x05C7FD91u, 0x05C2214Cu, 0x05BC4423u,
    0x05B66618u, 0x05B0872Cu, 0x05AAA75Fu, 0x05A4C6B2u, 0x059EE527u, 0x059902BDu, 0x05931F77u, 0x058D3B54u,
    0x05875657u, 0x0581707Fu, 0x057B89CDu, 0x0575A244u, 0x056FB9E2u, 0x0569D0ABu, 0x0563E69Du, 0x055DFBBBu,
    0x05581004u, 0x0552237Bu, 0x054C3620u, 0x054647F3u, 0x054058F7u, 0x053A692Bu, 0x05347890u, 0x052E8728u,
    0x052894F4u, 0x0522A1F4u, 0x051CAE29u, 0x0516B994u, 0x0510C437u, 0x050ACE11u, 0x0504D725u, 0x04FEDF72u,
    0x04F8E6FAu, 0x04F2EDBEu, 0x04ECF3BEu, 0x04E6F8FCu, 0x04E0FD78u, 0x04DB0134u, 0x04D50430u, 0x04CF066Eu,
    0x04C907EDu, 0x04C308B0u, 0x04BD08B6u, 0x04B70802u, 0x04B10693u, 0x04AB046Bu, 0x04A5018Bu, 0x049EFDF4u,
    0x0498F9A6u, 0x0492F4A2u, 0x048CEEEAu, 0x0486E87Fu, 0x0480E160u, 0x047AD990u, 0x0474D10Fu, 0x046EC7DEu,
    0x0468BDFEu, 0x0462B370u, 0x045CA835u, 0x04569C4Eu, 0x04508FBBu, 0x044A827Fu, 0x04447498u, 0x043E6609u,
    0x043856D3u, 0x043246F6u, 0x042C3673u, 0x0426254Cu, 0x04201381u, 0x041A0113u, 0x0413EE03u, 0x040DDA52u,
    0x0407C601u, 0x0401B111u, 0x03FB9B83u, 0x03F58557u, 0x03EF6E90u, 0x03E9572Cu, 0x03E33F2Fu, 0x03DD2698u,
    0x03D70D68u, 0x03D0F3A1u, 0x03CAD943u, 0x03C4BE50u, 0x03BEA2C7u, 0x03B886ABu, 0x03B269FCu, 0x03AC4CBBu,
    0x03A62EE9u, 0x03A01087u, 0x0399F196u, 0x0393D217u, 0x038DB20Au, 0x03879171u, 0x0381704Du, 0x037B4E9Eu,
    0x03752C66u, 0x036F09A6u, 0x0368E65Du, 0x0362C28Fu, 0x035C9E3Au, 0x03567961u, 0x03505404u, 0x034A2E24u,
    0x034407C3u, 0x033DE0E0u, 0x0337B97Eu, 0x0331919Cu, 0x032B693Du, 0x03254060u, 0x031F1707u, 0x0318ED33u,
    0x0312C2E4u, 0x030C981Du, 0x03066CDDu, 0x03004125u, 0x02FA14F7u, 0x02F3E853u, 0x02EDBB3Bu, 0x02E78DB0u,
    0x02E15FB1u, 0x02DB3141u, 0x02D50260u, 0x02CED30Fu, 0x02C8A350u, 0x02C27322u, 0x02BC4288u, 0x02B61182u,
    0x02AFE010u, 0x02A9AE35u, 0x02A37BF0u, 0x029D4943u, 0x0297162Fu, 0x0290E2B5u, 0x028AAED6u, 0x02847A92u,
    0x027E45EAu, 0x027810E1u, 0x0271DB76u, 0x026BA5AAu, 0x02656F7Fu, 0x025F38F5u, 0x0259020Du, 0x0252CAC9u,
    0x024C9329u, 0x02465B2Fu, 0x024022DAu, 0x0239EA2Du, 0x0233B128u, 0x022D77CBu, 0x02273E19u, 0x02210412u,
    0x021AC9B7u, 0x02148F09u, 0x020E5408u, 0x020818B7u, 0x0201DD15u, 0x01FBA124u, 0x01F564E5u, 0x01EF2858u,
    0x01E8EB7Fu, 0x01E2AE5Bu, 0x01DC70ECu, 0x01D63334u, 0x01CFF533u, 0x01C9B6EBu, 0x01C3785Cu, 0x01BD3987u,
    0x01B6FA6Eu, 0x01B0BB11u, 0x01AA7B72u, 0x01A43B90u, 0x019DFB6Eu, 0x0197BB0Cu, 0x01917A6Bu, 0x018B398Cu,
    0x0184F871u, 0x017EB719u, 0x01787586u, 0x017233B9u, 0x016BF1B3u, 0x0165AF75u, 0x015F6D00u, 0x01592A55u,
    0x0152E774u, 0x014CA45Fu, 0x01466117u, 0x01401D9Du, 0x0139D9F1u, 0x01339614u, 0x012D5209u, 0x01270DCEu,
    0x0120C967u, 0x011A84D3u, 0x01144013u, 0x010DFB28u, 0x0107B614u, 0x010170D8u, 0x00FB2B73u, 0x00F4E5E8u,
    0x00EEA037u, 0x00E85A62u, 0x00E21468u, 0x00DBCE4Cu, 0x00D5880Du, 0x00CF41AEu, 0x00C8FB2Fu, 0x00C2B491u,
    0x00BC6DD5u, 0x00B626FBu, 0x00AFE006u, 0x00A998F6u, 0x00A351CBu, 0x009D0A87u, 0x0096C32Bu, 0x00907BB8u,
    0x008A342Eu, 0x0083EC8Fu, 0x007DA4DCu, 0x00775D16u, 0x0071153Du, 0x006ACD52u, 0x00648557u, 0x005E3D4Du,
    0x0057F534u, 0x0051AD0Eu, 0x004B64DAu, 0x00451C9Cu, 0x003ED452u, 0x00388BFFu, 0x003243A3u, 0x002BFB40u,
    0x0025B2D6u, 0x001F6A65u, 0x001921F0u, 0x0012D978u, 0x000C90FCu, 0x0006487Eu, 0xFFF9B782u, 0xFFF36F04u,
    0xFFED2688u, 0xFFE6DE10u, 0xFFE0959Bu, 0xFFDA4D2Au, 0xFFD404C0u, 0xFFCDBC5Du, 0xFFC77401u, 0xFFC12BAEu,
    0xFFBAE364u, 0xFFB49B26u, 0xFFAE52F2u, 0xFFA80ACCu, 0xFFA1C2B3u, 0xFF9B7AA9u, 0xFF9532AEu, 0xFF8EEAC3u,
    0xFF88A2EAu, 0xFF825B24u, 0xFF7C1371u, 0xFF75CBD2u, 0xFF6F8448u, 0xFF693CD5u, 0xFF62F579u, 0xFF5CAE35u,
    0xFF56670Au, 0xFF501FFAu, 0xFF49D905u, 0xFF43922Bu, 0xFF3D4B6Fu, 0xFF3704D1u, 0xFF30BE52u, 0xFF2A77F3u,
    0xFF2431B4u, 0xFF1DEB98u, 0xFF17A59Eu, 0xFF115FC9u, 0xFF0B1A18u, 0xFF04D48Du, 0xFEFE8F28u, 0xFEF849ECu,
    0xFEF204D8u, 0xFEEBBFEDu, 0xFEE57B2Du, 0xFEDF3699u, 0xFED8F232u, 0xFED2ADF7u, 0xFECC69ECu, 0xFEC6260Fu,
    0xFEBFE263u, 0xFEB99EE9u, 0xFEB35BA1u, 0xFEAD188Cu, 0xFEA6D5ABu, 0xFEA09300u, 0xFE9A508Bu, 0xFE940E4Du,
    0xFE8DCC47u, 0xFE878A7Au, 0xFE8148E7u, 0xFE7B078Fu, 0xFE74C674u, 0xFE6E8595u, 0xFE6844F4u, 0xFE620492u,
    0xFE5BC470u, 0xFE55848Eu, 0xFE4F44EFu, 0xFE490592u, 0xFE42C679u, 0xFE3C87A4u, 0xFE364915u, 0xFE300ACDu,
    0xFE29CCCCu, 0xFE238F14u, 0xFE1D51A5u, 0xFE171481u, 0xFE10D7A8u, 0xFE0A9B1Bu, 0xFE045EDCu, 0xFDFE22EBu,
    0xFDF7E749u, 0xFDF1ABF8u, 0xFDEB70F7u, 0xFDE53649u, 0xFDDEFBEEu, 0xFDD8C1E7u, 0xFDD28835u, 0xFDCC4ED8u,
    0xFDC615D3u, 0xFDBFDD26u, 0xFDB9A4D1u, 0xFDB36CD7u, 0xFDAD3537u, 0xFDA6FDF3u, 0xFDA0C70Bu, 0xFD9A9081u,
    0xFD945A56u, 0xFD8E248Au, 0xFD87EF1Fu, 0xFD81BA16u, 0xFD7B856Eu, 0xFD75512Au, 0xFD6F1D4Bu, 0xFD68E9D1u,
    0xFD62B6BDu, 0xFD5C8410u, 0xFD5651CBu, 0xFD501FF0u, 0xFD49EE7Eu, 0xFD43BD78u, 0xFD3D8CDEu, 0xFD375CB0u,
    0xFD312CF1u, 0xFD2AFDA0u, 0xFD24CEBFu, 0xFD1EA04Fu, 0xFD187250u, 0xFD1244C5u, 0xFD0C17ADu, 0xFD05EB09u,
    0xFCFFBEDBu, 0xFCF99323u, 0xFCF367E3u, 0xFCED3D1Cu, 0xFCE712CDu, 0xFCE0E8F9u, 0xFCDABFA0u, 0xFCD496C3u,
    0xFCCE6E64u, 0xFCC84682u, 0xFCC21F20u, 0xFCBBF83Du, 0xFCB5D1DCu, 0xFCAFABFCu, 0xFCA9869Fu, 0xFCA361C6u,
    0xFC9D3D71u, 0xFC9719A3u, 0xFC90F65Au, 0xFC8AD39Au, 0xFC84B162u, 0xFC7E8FB3u, 0xFC786E8Fu, 0xFC724DF6u,
    0xFC6C2DE9u, 0xFC660E6Au, 0xFC5FEF79u, 0xFC59D117u, 0xFC53B345u, 0xFC4D9604u, 0xFC477955u, 0xFC415D39u,
    0xFC3B41B0u, 0xFC3526BDu, 0xFC2F0C5Fu, 0xFC28F298u, 0xFC22D968u, 0xFC1CC0D1u, 0xFC16A8D4u, 0xFC109170u,
    0xFC0A7AA9u, 0xFC04647Du, 0xFBFE4EEFu, 0xFBF839FFu, 0xFBF225AEu, 0xFBEC11FDu, 0xFBE5FEEDu, 0xFBDFEC7Fu,
    0xFBD9DAB4u, 0xFBD3C98Du, 0xFBCDB90Au, 0xFBC7A92Du, 0xFBC199F7u, 0xFBBB8B68u, 0xFBB57D81u, 0xFBAF7045u,
    0xFBA963B2u, 0xFBA357CBu, 0xFB9D4C90u, 0xFB974202u, 0xFB913822u, 0xFB8B2EF1u, 0xFB852670u, 0xFB7F1EA0u,
    0xFB791781u, 0xFB731116u, 0xFB6D0B5Eu, 0xFB67065Au, 0xFB61020Cu, 0xFB5AFE75u, 0xFB54FB95u, 0xFB4EF96Du,
    0xFB48F7FEu, 0xFB42F74Au, 0xFB3CF750u, 0xFB36F813u, 0xFB30F992u, 0xFB2AFBD0u, 0xFB24FECCu, 0xFB1F0288u,
    0xFB190704u, 0xFB130C42u, 0xFB0D1242u, 0xFB071906u, 0xFB01208Eu, 0xFAFB28DBu, 0xFAF531EFu, 0xFAEF3BC9u,
    0xFAE9466Cu, 0xFAE351D7u, 0xFADD5E0Cu, 0xFAD76B0Cu, 0xFAD178D8u, 0xFACB8770u, 0xFAC596D5u, 0xFABFA709u,
    0xFAB9B80Du, 0xFAB3C9E0u, 0xFAADDC85u, 0xFAA7EFFCu, 0xFAA20445u, 0xFA9C1963u, 0xFA962F55u, 0xFA90461Eu,
    0xFA8A5DBCu, 0xFA847633u, 0xFA7E8F81u, 0xFA78A9A9u, 0xFA72C4ACu, 0xFA6CE089u, 0xFA66FD43u, 0xFA611AD9u,
    0xFA5B394Eu, 0xFA5558A1u, 0xFA4F78D4u, 0xFA4999E8u, 0xFA43BBDDu, 0xFA3DDEB4u, 0xFA38026Fu, 0xFA32270Eu,
    0xFA2C4C92u, 0xFA2672FDu, 0xFA209A4Eu, 0xFA1AC287u, 0xFA14EBA9u, 0xFA0F15B4u, 0xFA0940AAu, 0xFA036C8Cu,
    0xF9FD9959u, 0xF9F7C714u, 0xF9F1F5BEu, 0xF9EC2556u, 0xF9E655DEu, 0xF9E08757u, 0xF9DAB9C2u, 0xF9D4ED1Fu,
    0xF9CF2170u, 0xF9C956B5u, 0xF9C38CEFu, 0xF9BDC420u, 0xF9B7FC48u, 0xF9B23568u, 0xF9AC6F80u, 0xF9A6AA93u,
    0xF9A0E6A0u, 0xF99B23A8u, 0xF99561ADu, 0xF98FA0AFu, 0xF989E0B0u, 0xF98421B0u, 0xF97E63AFu, 0xF978A6B0u,
    0xF972EAB2u, 0xF96D2FB7u, 0xF96775BFu, 0xF961BCCCu, 0xF95C04DEu, 0xF9564DF6u, 0xF9509815u, 0xF94AE33Cu,
    0xF9452F6Cu, 0xF93F7CA5u, 0xF939CAEAu, 0xF9341A39u, 0xF92E6A95u, 0xF928BBFEu, 0xF9230E75u, 0xF91D61FBu,
    0xF917B691u, 0xF9120C38u, 0xF90C62F0u, 0xF906BABBu, 0xF9011398u, 0xF8FB6D8Au, 0xF8F5C892u, 0xF8F024AFu,
    0xF8EA81E3u, 0xF8E4E02Eu, 0xF8DF3F92u, 0xF8D9A010u, 0xF8D401A7u, 0xF8CE645Au, 0xF8C8C829u, 0xF8C32D15u,
    0xF8BD931Eu, 0xF8B7FA46u, 0xF8B2628Eu, 0xF8ACCBF6u, 0xF8A7367Fu, 0xF8A1A22Au, 0xF89C0EF8u, 0xF8967CE9u,
    0xF890EC00u, 0xF88B5C3Bu, 0xF885CD9Eu, 0xF8804027u, 0xF87AB3D8u, 0xF87528B2u, 0xF86F9EB7u, 0xF86A15E5u,
    0xF8648E3Fu, 0xF85F07C6u, 0xF8598279u, 0xF853FE5Bu, 0xF84E7B6Cu, 0xF848F9ACu, 0xF843791Du, 0xF83DF9BFu,
    0xF8387B93u, 0xF832FE9Bu, 0xF82D82D7u, 0xF8280847u, 0xF8228EEDu, 0xF81D16CAu, 0xF8179FDDu, 0xF8122A29u,
    0xF80CB5AFu, 0xF807426Eu, 0xF801D067u, 0xF7FC5F9Cu, 0xF7F6F00Eu, 0xF7F181BDu, 0xF7EC14AAu, 0xF7E6A8D6u,
    0xF7E13E41u, 0xF7DBD4EDu, 0xF7D66CDBu, 0xF7D1060Au, 0xF7CBA07Du, 0xF7C63C34u, 0xF7C0D92Fu, 0xF7BB7770u,
    0xF7B616F8u, 0xF7B0B7C6u, 0xF7AB59DDu, 0xF7A5FD3Du, 0xF7A0A1E6u, 0xF79B47DAu, 0xF795EF19u, 0xF79097A4u,
    0xF78B417Du, 0xF785ECA3u, 0xF7809918u, 0xF77B46DCu, 0xF775F5F1u, 0xF770A656u, 0xF76B580Eu, 0xF7660B19u,
    0xF760BF77u, 0xF75B7529u, 0xF7562C30u, 0xF750E48Eu, 0xF74B9E42u, 0xF746594Fu, 0xF74115B3u, 0xF73BD371u,
    0xF7369289u, 0xF73152FCu, 0xF72C14CAu, 0xF726D7F5u, 0xF7219C7Du, 0xF71C6264u, 0xF71729A9u, 0xF711F24Eu,
    0xF70CBC54u, 0xF70787BBu, 0xF7025484u, 0xF6FD22B0u, 0xF6F7F240u, 0xF6F2C334u, 0xF6ED958Eu, 0xF6E8694Du,
    0xF6E33E74u, 0xF6DE1503u, 0xF6D8ECFAu, 0xF6D3C65Au, 0xF6CEA125u, 0xF6C97D5Au, 0xF6C45AFBu, 0xF6BF3A09u,
    0xF6BA1A84u, 0xF6B4FC6Du, 0xF6AFDFC5u, 0xF6AAC48Cu, 0xF6A5AAC4u, 0xF6A0926Eu, 0xF69B7B89u, 0xF6966617u,
    0xF6915219u, 0xF68C3F8Fu, 0xF6872E7Au, 0xF6821EDBu, 0xF67D10B3u, 0xF6780402u, 0xF672F8CAu, 0xF66DEF0Au,
    0xF668E6C5u, 0xF663DFFAu, 0xF65EDAAAu, 0xF659D6D7u, 0xF654D481u, 0xF64FD3A8u, 0xF64AD44Eu, 0xF645D673u,
    0xF640DA18u, 0xF63BDF3Eu, 0xF636E5E5u, 0xF631EE0Fu, 0xF62CF7BBu, 0xF62802ECu, 0xF6230FA1u, 0xF61E1DDCu,
    0xF6192D9Cu, 0xF6143EE4u, 0xF60F51B3u, 0xF60A660Bu, 0xF6057BECu, 0xF6009357u, 0xF5FBAC4Cu, 0xF5F6C6CDu,
    0xF5F1E2DBu, 0xF5ED0075u, 0xF5E81F9Du, 0xF5E34053u, 0xF5DE6298u, 0xF5D9866Eu, 0xF5D4ABD4u, 0xF5CFD2CCu,
    0xF5CAFB56u, 0xF5C62573u, 0xF5C15123u, 0xF5BC7E68u, 0xF5B7AD43u, 0xF5B2DDB3u, 0xF5AE0FBAu, 0xF5A94358u,
    0xF5A4788Eu, 0xF59FAF5Eu, 0xF59AE7C6u, 0xF59621CAu, 0xF5915D68u, 0xF58C9AA3u, 0xF587D979u, 0xF58319EEu,
    0xF57E5C00u, 0xF5799FB1u, 0xF574E501u, 0xF5702BF2u, 0xF56B7484u, 0xF566BEB7u, 0xF5620A8Du, 0xF55D5806u,
    0xF558A723u, 0xF553F7E4u, 0xF54F4A4Bu, 0xF54A9E58u, 0xF545F40Bu, 0xF5414B66u, 0xF53CA469u, 0xF537FF16u,
    0xF5335B6Bu, 0xF52EB96Bu, 0xF52A1916u, 0xF5257A6Du, 0xF520DD71u, 0xF51C4221u, 0xF517A880u, 0xF513108Du,
    0xF50E7A49u, 0xF509E5B6u, 0xF50552D3u, 0xF500C1A2u, 0xF4FC3222u, 0xF4F7A456u, 0xF4F3183Du, 0xF4EE8DD9u,
    0xF4EA0529u, 0xF4E57E2Fu, 0xF4E0F8EBu, 0xF4DC755Fu, 0xF4D7F38Au, 0xF4D3736Eu, 0xF4CEF50Au, 0xF4CA7861u,
    0xF4C5FD72u, 0xF4C1843Eu, 0xF4BD0CC6u, 0xF4B8970Bu, 0xF4B4230Du, 0xF4AFB0CDu, 0xF4AB404Cu, 0xF4A6D18Au,
    0xF4A26488u, 0xF49DF947u, 0xF4998FC7u, 0xF4952809u, 0xF490C20Eu, 0xF48C5DD6u, 0xF487FB62u, 0xF4839AB4u,
    0xF47F3BCAu, 0xF47ADEA7u, 0xF476834Au, 0xF47229B5u, 0xF46DD1E9u, 0xF4697BE5u, 0xF46527AAu, 0xF460D539u,
    0xF45C8494u, 0xF45835BAu, 0xF453E8ACu, 0xF44F9D6Au, 0xF44B53F7u, 0xF4470C51u, 0xF442C67Au, 0xF43E8273u,
    0xF43A403Bu, 0xF435FFD5u, 0xF431C140u, 0xF42D847Du, 0xF429498Cu, 0xF425106Fu, 0xF420D926u, 0xF41CA3B2u,
    0xF4187013u, 0xF4143E4Au, 0xF4100E58u, 0xF40BE03Du, 0xF407B3F9u, 0xF403898Fu, 0xF3FF60FDu, 0xF3FB3A46u,
    0xF3F71569u, 0xF3F2F267u, 0xF3EED140u, 0xF3EAB1F7u, 0xF3E6948Au, 0xF3E278FBu, 0xF3DE5F4Au, 0xF3DA4778u,
    0xF3D63185u, 0xF3D21D73u, 0xF3CE0B42u, 0xF3C9FAF2u, 0xF3C5EC84u, 0xF3C1DFF9u, 0xF3BDD551u, 0xF3B9CC8Du,
    0xF3B5C5AEu, 0xF3B1C0B3u, 0xF3ADBD9Fu, 0xF3A9BC71u, 0xF3A5BD2Au, 0xF3A1BFCBu, 0xF39DC454u, 0xF399CAC6u,
    0xF395D321u, 0xF391DD67u, 0xF38DE997u, 0xF389F7B3u, 0xF38607BAu, 0xF38219AFu, 0xF37E2D90u, 0xF37A435Fu,
    0xF3765B1Cu, 0xF37274C9u, 0xF36E9065u, 0xF36AADF1u, 0xF366CD6Du, 0xF362EEDCu, 0xF35F123Cu, 0xF35B378Fu,
    0xF3575ED5u, 0xF353880Eu, 0xF34FB33Cu, 0xF34BE05Fu, 0xF3480F78u, 0xF3444086u, 0xF340738Bu, 0xF33CA888u,
    0xF338DF7Cu, 0xF3351869u, 0xF331534Fu, 0xF32D902Eu, 0xF329CF08u, 0xF3260FDDu, 0xF32252ACu, 0xF31E9778u,
    0xF31ADE40u, 0xF3172706u, 0xF31371C8u, 0xF30FBE8Au, 0xF30C0D4Au, 0xF3085E09u, 0xF304B0C8u, 0xF3010588u,
    0xF2FD5C49u, 0xF2F9B50Bu, 0xF2F60FD0u, 0xF2F26C97u, 0xF2EECB62u, 0xF2EB2C30u, 0xF2E78F03u, 0xF2E3F3DBu,
    0xF2E05AB9u, 0xF2DCC39Cu, 0xF2D92E87u, 0xF2D59B78u, 0xF2D20A71u, 0xF2CE7B73u, 0xF2CAEE7Du, 0xF2C76391u,
    0xF2C3DAAFu, 0xF2C053D7u, 0xF2BCCF0Au, 0xF2B94C49u, 0xF2B5CB94u, 0xF2B24CECu, 0xF2AED051u, 0xF2AB55C3u,
    0xF2A7DD44u, 0xF2A466D4u, 0xF2A0F273u, 0xF29D8022u, 0xF29A0FE1u, 0xF296A1B1u, 0xF2933593u, 0xF28FCB87u,
    0xF28C638Du, 0xF288FDA6u, 0xF28599D3u, 0xF2823814u, 0xF27ED86Au, 0xF27B7AD4u, 0xF2781F55u, 0xF274C5EBu,
    0xF2716E99u, 0xF26E195Du, 0xF26AC639u, 0xF267752Eu, 0xF264263Bu, 0xF260D961u, 0xF25D8EA1u, 0xF25A45FCu,
    0xF256FF71u, 0xF253BB01u, 0xF25078ADu, 0xF24D3876u, 0xF249FA5Bu, 0xF246BE5Eu, 0xF243847Eu, 0xF2404CBDu,
    0xF23D171Bu, 0xF239E397u, 0xF236B234u, 0xF23382F1u, 0xF23055CEu, 0xF22D2ACDu, 0xF22A01EDu, 0xF226DB30u,
    0xF223B696u, 0xF220941Eu, 0xF21D73CBu, 0xF21A559Bu, 0xF2173990u, 0xF2141FAAu, 0xF21107EAu, 0xF20DF250u,
    0xF20ADEDCu, 0xF207CD90u, 0xF204BE6Bu, 0xF201B16Eu, 0xF1FEA699u, 0xF1FB9DEDu, 0xF1F8976Bu, 0xF1F59312u,
    0xF1F290E4u, 0xF1EF90E1u, 0xF1EC9308u, 0xF1E9975Cu, 0xF1E69DDCu, 0xF1E3A688u, 0xF1E0B161u, 0xF1DDBE68u,
    0xF1DACD9Du, 0xF1D7DF00u, 0xF1D4F292u, 0xF1D20854u, 0xF1CF2045u, 0xF1CC3A66u, 0xF1C956B8u, 0xF1C6753Cu,
    0xF1C395F1u, 0xF1C0B8D7u, 0xF1BDDDF1u, 0xF1BB053Du, 0xF1B82EBDu, 0xF1B55A70u, 0xF1B28857u, 0xF1AFB874u,
    0xF1ACEAC5u, 0xF1AA1F4Cu, 0xF1A75608u, 0xF1A48EFBu, 0xF1A1CA25u, 0xF19F0787u, 0xF19C471Fu, 0xF19988F0u,
    0xF196CCF9u, 0xF194133Cu, 0xF1915BB7u, 0xF18EA66Du, 0xF18BF35Cu, 0xF1894286u, 0xF18693ECu, 0xF183E78Cu,
    0xF1813D69u, 0xF17E9581u, 0xF17BEFD6u, 0xF1794C69u, 0xF176AB39u, 0xF1740C46u, 0xF1716F92u, 0xF16ED51Du,
    0xF16C3CE7u, 0xF169A6F0u, 0xF1671339u, 0xF16481C3u, 0xF161F28Du, 0xF15F6598u, 0xF15CDAE4u, 0xF15A5273u,
    0xF157CC44u, 0xF1554857u, 0xF152C6ADu, 0xF1504747u, 0xF14DCA25u, 0xF14B4F47u, 0xF148D6ADu, 0xF1466058u,
    0xF143EC49u, 0xF1417A7Fu, 0xF13F0AFCu, 0xF13C9DBEu, 0xF13A32C8u, 0xF137CA19u, 0xF13563B1u, 0xF132FF92u,
    0xF1309DBAu, 0xF12E3E2Cu, 0xF12BE0E6u, 0xF12985EAu, 0xF1272D38u, 0xF124D6CFu, 0xF12282B2u, 0xF12030DFu,
    0xF11DE157u, 0xF11B941Bu, 0xF119492Bu, 0xF1170087u, 0xF114BA2Fu, 0xF1127625u, 0xF1103468u, 0xF10DF4F9u,
    0xF10BB7D7u, 0xF1097D05u, 0xF1074480u, 0xF1050E4Bu, 0xF102DA65u, 0xF100A8CFu, 0xF0FE7989u, 0xF0FC4C94u,
    0xF0FA21EFu, 0xF0F7F99Bu, 0xF0F5D399u, 0xF0F3AFE9u, 0xF0F18E8Au, 0xF0EF6F7Eu, 0xF0ED52C5u, 0xF0EB385Eu,
    0xF0E9204Bu, 0xF0E70A8Cu, 0xF0E4F721u, 0xF0E2E60Au, 0xF0E0D748u, 0xF0DECADBu, 0xF0DCC0C3u, 0xF0DAB901u,
    0xF0D8B394u, 0xF0D6B07Eu, 0xF0D4AFBFu, 0xF0D2B156u, 0xF0D0B544u, 0xF0CEBB8Au, 0xF0CCC428u, 0xF0CACF1Eu,
    0xF0C8DC6Cu, 0xF0C6EC13u, 0xF0C4FE13u, 0xF0C3126Cu, 0xF0C1291Eu, 0xF0BF422Bu, 0xF0BD5D92u, 0xF0BB7B53u,
    0xF0B99B6Fu, 0xF0B7BDE5u, 0xF0B5E2B8u, 0xF0B409E5u, 0xF0B2336Fu, 0xF0B05F55u, 0xF0AE8D97u, 0xF0ACBE37u,
    0xF0AAF133u, 0xF0A9268Cu, 0xF0A75E43u, 0xF0A59858u, 0xF0A3D4CBu, 0xF0A2139Cu, 0xF0A054CCu, 0xF09E985Bu,
    0xF09CDE49u, 0xF09B2697u, 0xF0997144u, 0xF097BE51u, 0xF0960DBFu, 0xF0945F8Du, 0xF092B3BCu, 0xF0910A4Bu,
    0xF08F633Du, 0xF08DBE8Fu, 0xF08C1C44u, 0xF08A7C5Au, 0xF088DED3u, 0xF08743AFu, 0xF085AAEDu, 0xF084148Eu,
    0xF0828092u, 0xF080EEFAu, 0xF07F5FC6u, 0xF07DD2F6u, 0xF07C488Au, 0xF07AC083u, 0xF0793AE0u, 0xF077B7A2u,
    0xF07636CAu, 0xF074B857u, 0xF0733C49u, 0xF071C2A1u, 0xF0704B60u, 0xF06ED685u, 0xF06D6410u, 0xF06BF402u,
    0xF06A865Cu, 0xF0691B1Cu, 0xF067B244u, 0xF0664BD3u, 0xF064E7CBu, 0xF063862Au, 0xF06226F2u, 0xF060CA22u,
    0xF05F6FBCu, 0xF05E17BEu, 0xF05CC229u, 0xF05B6EFDu, 0xF05A1E3Bu, 0xF058CFE3u, 0xF05783F5u, 0xF0563A71u,
    0xF054F357u, 0xF053AEA8u, 0xF0526C63u, 0xF0512C8Au, 0xF04FEF1Cu, 0xF04EB419u, 0xF04D7B81u, 0xF04C4555u,
    0xF04B1195u, 0xF049E042u, 0xF048B15Au, 0xF04784DFu, 0xF0465AD0u, 0xF045332Fu, 0xF0440DFAu, 0xF042EB32u,
    0xF041CAD8u, 0xF040ACECu, 0xF03F916Du, 0xF03E785Bu, 0xF03D61B8u, 0xF03C4D83u, 0xF03B3BBDu, 0xF03A2C65u,
    0xF0391F7Bu, 0xF0381501u, 0xF0370CF5u, 0xF0360759u, 0xF035042Cu, 0xF034036Eu, 0xF0330520u, 0xF0320942u,
    0xF0310FD4u, 0xF03018D6u, 0xF02F2448u, 0xF02E322Au, 0xF02D427Du, 0xF02C5541u, 0xF02B6A75u, 0xF02A821Bu,
    0xF0299C32u, 0xF028B8B9u, 0xF027D7B3u, 0xF026F91Du, 0xF0261CFAu, 0xF0254348u, 0xF0246C08u, 0xF023973Au,
    0xF022C4DEu, 0xF021F4F5u, 0xF021277Du, 0xF0205C79u, 0xF01F93E7u, 0xF01ECDC8u, 0xF01E0A1Cu, 0xF01D48E3u,
    0xF01C8A1Du, 0xF01BCDCAu, 0xF01B13EBu, 0xF01A5C7Fu, 0xF019A786u, 0xF018F502u, 0xF01844F1u, 0xF0179754u,
    0xF016EC2Bu, 0xF0164376u, 0xF0159D36u, 0xF014F96Au, 0xF0145812u, 0xF013B92Fu, 0xF0131CC0u, 0xF01282C6u,
    0xF011EB41u, 0xF0115631u, 0xF010C395u, 0xF010336Fu, 0xF00FA5BEu, 0xF00F1A82u, 0xF00E91BCu, 0xF00E0B6Bu,
    0xF00D878Fu, 0xF00D0629u, 0xF00C8739u, 0xF00C0ABEu, 0xF00B90B9u, 0xF00B192Au, 0xF00AA411u, 0xF00A316Eu,
    0xF009C141u, 0xF009538Au, 0xF008E84Au, 0xF0087F7Fu, 0xF008192Bu, 0xF007B54Eu, 0xF00753E7u, 0xF006F4F6u,
    0xF006987Cu, 0xF0063E79u, 0xF005E6ECu, 0xF00591D6u, 0xF0053F37u, 0xF004EF0Fu, 0xF004A15Du, 0xF0045623u,
    0xF0040D5Fu, 0xF003C713u, 0xF003833Eu, 0xF00341DFu, 0xF00302F8u, 0xF002C689u, 0xF0028C90u, 0xF002550Eu,
    0xF0022004u, 0xF001ED72u, 0xF001BD56u, 0xF0018FB2u, 0xF0016485u, 0xF0013BD0u, 0xF0011593u, 0xF000F1CCu,
    0xF000D07Eu, 0xF000B1A6u, 0xF0009547u, 0xF0007B5Fu, 0xF00063EEu, 0xF0004EF5u, 0xF0003C74u, 0xF0002C6Au,
    0xF0001ED8u, 0xF00013BEu, 0xF0000B1Bu, 0xF00004F0u, 0xF000013Cu, 0xF0000000u, 0xF000013Cu, 0xF00004F0u,
    0xF0000B1Bu, 0xF00013BEu, 0xF0001ED8u, 0xF0002C6Au, 0xF0003C74u, 0xF0004EF5u, 0xF00063EEu, 0xF0007B5Fu,
    0xF0009547u, 0xF000B1A6u, 0xF000D07Eu, 0xF000F1CCu, 0xF0011593u, 0xF0013BD0u, 0xF0016485u, 0xF0018FB2u,
    0xF001BD56u, 0xF001ED72u, 0xF0022004u, 0xF002550Eu, 0xF0028C90u, 0xF002C689u, 0xF00302F8u, 0xF00341DFu,
    0xF003833Eu, 0xF003C713u, 0xF0040D5Fu, 0xF0045623u, 0xF004A15Du, 0xF004EF0Fu, 0xF0053F37u, 0xF00591D6u,
    0xF005E6ECu, 0xF0063E79u, 0xF006987Cu, 0xF006F4F6u, 0xF00753E7u, 0xF007B54Eu, 0xF008192Bu, 0xF0087F7Fu,
    0xF008E84Au, 0xF009538Au, 0xF009C141u, 0xF00A316Eu, 0xF00AA411u, 0xF00B192Au, 0xF00B90B9u, 0xF00C0ABEu,
    0xF00C8739u, 0xF00D0629u, 0xF00D878Fu, 0xF00E0B6Bu, 0xF00E91BCu, 0xF00F1A82u, 0xF00FA5BEu, 0xF010336Fu,
    0xF010C395u, 0xF0115631u, 0xF011EB41u, 0xF01282C6u, 0xF0131CC0u, 0xF013B92Fu, 0xF0145812u, 0xF014F96Au,
    0xF0159D36u, 0xF0164376u, 0xF016EC2Bu, 0xF0179754u, 0xF01844F1u, 0xF018F502u, 0xF019A786u, 0xF01A5C7Fu,
    0xF01B13EBu, 0xF01BCDCAu, 0xF01C8A1Du, 0xF01D48E3u, 0xF01E0A1Cu, 0xF01ECDC8u, 0xF01F93E7u, 0xF0205C79u,
    0xF021277Du, 0xF021F4F5u, 0xF022C4DEu, 0xF023973Au, 0xF0246C08u, 0xF0254348u, 0xF0261CFAu, 0xF026F91Du,
    0xF027D7B3u, 0xF028B8B9u, 0xF0299C32u, 0xF02A821Bu, 0xF02B6A75u, 0xF02C5541u, 0xF02D427Du, 0xF02E322Au,
    0xF02F2448u, 0xF03018D6u, 0xF0310FD4u, 0xF0320942u, 0xF0330520u, 0xF034036Eu, 0xF035042Cu, 0xF0360759u,
    0xF0370CF5u, 0xF0381501u, 0xF0391F7Bu, 0xF03A2C65u, 0xF03B3BBDu, 0xF03C4D83u, 0xF03D61B8u, 0xF03E785Bu,
    0xF03F916Du, 0xF040ACECu, 0xF041CAD8u, 0xF042EB32u, 0xF0440DFAu, 0xF045332Fu, 0xF0465AD0u, 0xF04784DFu,
    0xF048B15Au, 0xF049E042u, 0xF04B1195u, 0xF04C4555u, 0xF04D7B81u, 0xF04EB419u, 0xF04FEF1Cu, 0xF0512C8Au,
    0xF0526C63u, 0xF053AEA8u, 0xF054F357u, 0xF0563A71u, 0xF05783F5u, 0xF058CFE3u, 0xF05A1E3Bu, 0xF05B6EFDu,
    0xF05CC229u, 0xF05E17BEu, 0xF05F6FBCu, 0xF060CA22u, 0xF06226F2u, 0xF063862Au, 0xF064E7CBu, 0xF0664BD3u,
    0xF067B244u, 0xF0691B1Cu, 0xF06A865Cu, 0xF06BF402u, 0xF06D6410u, 0xF06ED685u, 0xF0704B60u, 0xF071C2A1u,
    0xF0733C49u, 0xF074B857u, 0xF07636CAu, 0xF077B7A2u, 0xF0793AE0u, 0xF07AC083u, 0xF07C488Au, 0xF07DD2F6u,
    0xF07F5FC6u, 0xF080EEFAu, 0xF0828092u, 0xF084148Eu, 0xF085AAEDu, 0xF08743AFu, 0xF088DED3u, 0xF08A7C5Au,
    0xF08C1C44u, 0xF08DBE8Fu, 0xF08F633Du, 0xF0910A4Bu, 0xF092B3BCu, 0xF0945F8Du, 0xF0960DBFu, 0xF097BE51u,
    0xF0997144u, 0xF09B2697u, 0xF09CDE49u, 0xF09E985Bu, 0xF0A054CCu, 0xF0A2139Cu, 0xF0A3D4CBu, 0xF0A59858u,
    0xF0A75E43u, 0xF0A9268Cu, 0xF0AAF133u, 0xF0ACBE37u, 0xF0AE8D97u, 0xF0B05F55u, 0xF0B2336Fu, 0xF0B409E5u,
    0xF0B5E2B8u, 0xF0B7BDE5u, 0xF0B99B6Fu, 0xF0BB7B53u, 0xF0BD5D92u, 0xF0BF422Bu, 0xF0C1291Eu, 0xF0C3126Cu,
    0xF0C4FE13u, 0xF0C6EC13u, 0xF0C8DC6Cu, 0xF0CACF1Eu, 0xF0CCC428u, 0xF0CEBB8Au, 0xF0D0B544u, 0xF0D2B156u,
    0xF0D4AFBFu, 0xF0D6B07Eu, 0xF0D8B394u, 0xF0DAB901u, 0xF0DCC0C3u, 0xF0DECADBu, 0xF0E0D748u, 0xF0E2E60Au,
    0xF0E4F721u, 0xF0E70A8Cu, 0xF0E9204Bu, 0xF0EB385Eu, 0xF0ED52C5u, 0xF0EF6F7Eu, 0xF0F18E8Au, 0xF0F3AFE9u,
    0xF0F5D399u, 0xF0F7F99Bu, 0xF0FA21EFu, 0xF0FC4C94u, 0xF0FE7989u, 0xF100A8CFu, 0xF102DA65u, 0xF1050E4Bu,
    0xF1074480u, 0xF1097D05u, 0xF10BB7D7u, 0xF10DF4F9u, 0xF1103468u, 0xF1127625u, 0xF114BA2Fu, 0xF1170087u,
    0xF119492Bu, 0xF11B941Bu, 0xF11DE157u, 0xF12030DFu, 0xF12282B2u, 0xF124D6CFu, 0xF1272D38u, 0xF12985EAu,
    0xF12BE0E6u, 0xF12E3E2Cu, 0xF1309DBAu, 0xF132FF92u, 0xF13563B1u, 0xF137CA19u, 0xF13A32C8u, 0xF13C9DBEu,
    0xF13F0AFCu, 0xF1417A7Fu, 0xF143EC49u, 0xF1466058u, 0xF148D6ADu, 0xF14B4F47u, 0xF14DCA25u, 0xF1504747u,
    0xF152C6ADu, 0xF1554857u, 0xF157CC44u, 0xF15A5273u, 0xF15CDAE4u, 0xF15F6598u, 0xF161F28Du, 0xF16481C3u,
    0xF1671339u, 0xF169A6F0u, 0xF16C3CE7u, 0xF16ED51Du, 0xF1716F92u, 0xF1740C46u, 0xF176AB39u, 0xF1794C69u,
    0xF17BEFD6u, 0xF17E9581u, 0xF1813D69u, 0xF183E78Cu, 0xF18693ECu, 0xF1894286u, 0xF18BF35Cu, 0xF18EA66Du,
    0xF1915BB7u, 0xF194133Cu, 0xF196CCF9u, 0xF19988F0u, 0xF19C471Fu, 0xF19F0787u, 0xF1A1CA25u, 0xF1A48EFBu,
    0xF1A75608u, 0xF1AA1F4Cu, 0xF1ACEAC5u, 0xF1AFB874u, 0xF1B28857u, 0xF1B55A70u, 0xF1B82EBDu, 0xF1BB053Du,
    0xF1BDDDF1u, 0xF1C0B8D7u, 0xF1C395F1u, 0xF1C6753Cu, 0xF1C956B8u, 0xF1CC3A66u, 0xF1CF2045u, 0xF1D20854u,
    0xF1D4F292u, 0xF1D7DF00u, 0xF1DACD9Du, 0xF1DDBE68u, 0xF1E0B161u, 0xF1E3A688u, 0xF1E69DDCu, 0xF1E9975Cu,
    0xF1EC9308u, 0xF1EF90E1u, 0xF1F290E4u, 0xF1F59312u, 0xF1F8976Bu, 0xF1FB9DEDu, 0xF1FEA699u, 0xF201B16Eu,
    0xF204BE6Bu, 0xF207CD90u, 0xF20ADEDCu, 0xF20DF250u, 0xF21107EAu, 0xF2141FAAu, 0xF2173990u, 0xF21A559Bu,
    0xF21D73CBu, 0xF220941Eu, 0xF223B696u, 0xF226DB30u, 0xF22A01EDu, 0xF22D2ACDu, 0xF23055CEu, 0xF23382F1u,
    0xF236B234u, 0xF239E397u, 0xF23D171Bu, 0xF2404CBDu, 0xF243847Eu, 0xF246BE5Eu, 0xF249FA5Bu, 0xF24D3876u,
    0xF25078ADu, 0xF253BB01u, 0xF256FF71u, 0xF25A45FCu, 0xF25D8EA1u, 0xF260D961u, 0xF264263Bu, 0xF267752Eu,
    0xF26AC639u, 0xF26E195Du, 0xF2716E99u, 0xF274C5EBu, 0xF2781F55u, 0xF27B7AD4u, 0xF27ED86Au, 0xF2823814u,
    0xF28599D3u, 0xF288FDA6u, 0xF28C638Du, 0xF28FCB87u, 0xF2933593u, 0xF296A1B1u, 0xF29A0FE1u, 0xF29D8022u,
    0xF2A0F273u, 0xF2A466D4u, 0xF2A7DD44u, 0xF2AB55C3u, 0xF2AED051u, 0xF2B24CECu, 0xF2B5CB94u, 0xF2B94C49u,
    0xF2BCCF0Au, 0xF2C053D7u, 0xF2C3DAAFu, 0xF2C76391u, 0xF2CAEE7Du, 0xF2CE7B73u, 0xF2D20A71u, 0xF2D59B78u,
    0xF2D92E87u, 0xF2DCC39Cu, 0xF2E05AB9u, 0xF2E3F3DBu, 0xF2E78F03u, 0xF2EB2C30u, 0xF2EECB62u, 0xF2F26C97u,
    0xF2F60FD0u, 0xF2F9B50Bu, 0xF2FD5C49u, 0xF3010588u, 0xF304B0C8u, 0xF3085E09u, 0xF30C0D4Au, 0xF30FBE8Au,
    0xF31371C8u, 0xF3172706u, 0xF31ADE40u, 0xF31E9778u, 0xF32252ACu, 0xF3260FDDu, 0xF329CF08u, 0xF32D902Eu,
    0xF331534Fu, 0xF3351869u, 0xF338DF7Cu, 0xF33CA888u, 0xF340738Bu, 0xF3444086u, 0xF3480F78u, 0xF34BE05Fu,
    0xF34FB33Cu, 0xF353880Eu, 0xF3575ED5u, 0xF35B378Fu, 0xF35F123Cu, 0xF362EEDCu, 0xF366CD6Du, 0xF36AADF1u,
    0xF36E9065u, 0xF37274C9u, 0xF3765B1Cu, 0xF37A435Fu, 0xF37E2D90u, 0xF38219AFu, 0xF38607BAu, 0xF389F7B3u,
    0xF38DE997u, 0xF391DD67u, 0xF395D321u, 0xF399CAC6u, 0xF39DC454u, 0xF3A1BFCBu, 0xF3A5BD2Au, 0xF3A9BC71u,
    0xF3ADBD9Fu, 0xF3B1C0B3u, 0xF3B5C5AEu, 0xF3B9CC8Du, 0xF3BDD551u, 0xF3C1DFF9u, 0xF3C5EC84u, 0xF3C9FAF2u,
    0xF3CE0B42u, 0xF3D21D73u, 0xF3D63185u, 0xF3DA4778u, 0xF3DE5F4Au, 0xF3E278FBu, 0xF3E6948Au, 0xF3EAB1F7u,
    0xF3EED140u, 0xF3F2F267u, 0xF3F71569u, 0xF3FB3A46u, 0xF3FF60FDu, 0xF403898Fu, 0xF407B3F9u, 0xF40BE03Du,
    0xF4100E58u, 0xF4143E4Au, 0xF4187013u, 0xF41CA3B2u, 0xF420D926u, 0xF425106Fu, 0xF429498Cu, 0xF42D847Du,
    0xF431C140u, 0xF435FFD5u, 0xF43A403Bu, 0xF43E8273u, 0xF442C67Au, 0xF4470C51u, 0xF44B53F7u, 0xF44F9D6Au,
    0xF453E8ACu, 0xF45835BAu, 0xF45C8494u, 0xF460D539u, 0xF46527AAu, 0xF4697BE5u, 0xF46DD1E9u, 0xF47229B5u,
    0xF476834Au, 0xF47ADEA7u, 0xF47F3BCAu, 0xF4839AB4u, 0xF487FB62u, 0xF48C5DD6u, 0xF490C20Eu, 0xF4952809u,
    0xF4998FC7u, 0xF49DF947u, 0xF4A26488u, 0xF4A6D18Au, 0xF4AB404Cu, 0xF4AFB0CDu, 0xF4B4230Du, 0xF4B8970Bu,
    0xF4BD0CC6u, 0xF4C1843Eu, 0xF4C5FD72u, 0xF4CA7861u, 0xF4CEF50Au, 0xF4D3736Eu, 0xF4D7F38Au, 0xF4DC755Fu,
    0xF4E0F8EBu, 0xF4E57E2Fu, 0xF4EA0529u, 0xF4EE8DD9u, 0xF4F3183Du, 0xF4F7A456u, 0xF4FC3222u, 0xF500C1A2u,
    0xF50552D3u, 0xF509E5B6u, 0xF50E7A49u, 0xF513108Du, 0xF517A880u, 0xF51C4221u, 0xF520DD71u, 0xF5257A6Du,
    0xF52A1916u, 0xF52EB96Bu, 0xF5335B6Bu, 0xF537FF16u, 0xF53CA469u, 0xF5414B66u, 0xF545F40Bu, 0xF54A9E58u,
    0xF54F4A4Bu, 0xF553F7E4u, 0xF558A723u, 0xF55D5806u, 0xF5620A8Du, 0xF566BEB7u, 0xF56B7484u, 0xF5702BF2u,
    0xF574E501u, 0xF5799FB1u, 0xF57E5C00u, 0xF58319EEu, 0xF587D979u, 0xF58C9AA3u, 0xF5915D68u, 0xF59621CAu,
    0xF59AE7C6u, 0xF59FAF5Eu, 0xF5A4788Eu, 0xF5A94358u, 0xF5AE0FBAu, 0xF5B2DDB3u, 0xF5B7AD43u, 0xF5BC7E68u,
    0xF5C15123u, 0xF5C62573u, 0xF5CAFB56u, 0xF5CFD2CCu, 0xF5D4ABD4u, 0xF5D9866Eu, 0xF5DE6298u, 0xF5E34053u,
    0xF5E81F9Du, 0xF5ED0075u, 0xF5F1E2DBu, 0xF5F6C6CDu, 0xF5FBAC4Cu, 0xF6009357u, 0xF6057BECu, 0xF60A660Bu,
    0xF60F51B3u, 0xF6143EE4u, 0xF6192D9Cu, 0xF61E1DDCu, 0xF6230FA1u, 0xF62802ECu, 0xF62CF7BBu, 0xF631EE0Fu,
    0xF636E5E5u, 0xF63BDF3Eu, 0xF640DA18u, 0xF645D673u, 0xF64AD44Eu, 0xF64FD3A8u, 0xF654D481u, 0xF659D6D7u,
    0xF65EDAAAu, 0xF663DFFAu, 0xF668E6C5u, 0xF66DEF0Au, 0xF672F8CAu, 0xF6780402u, 0xF67D10B3u, 0xF6821EDBu,
    0xF6872E7Au, 0xF68C3F8Fu, 0xF6915219u, 0xF6966617u, 0xF69B7B89u, 0xF6A0926Eu, 0xF6A5AAC4u, 0xF6AAC48Cu,
    0xF6AFDFC5u, 0xF6B4FC6Du, 0xF6BA1A84u, 0xF6BF3A09u, 0xF6C45AFBu, 0xF6C97D5Au, 0xF6CEA125u, 0xF6D3C65Au,
    0xF6D8ECFAu, 0xF6DE1503u, 0xF6E33E74u, 0xF6E8694Du, 0xF6ED958Eu, 0xF6F2C334u, 0xF6F7F240u, 0xF6FD22B0u,
    0xF7025484u, 0xF70787BBu, 0xF70CBC54u, 0xF711F24Eu, 0xF71729A9u, 0xF71C6264u, 0xF7219C7Du, 0xF726D7F5u,
    0xF72C14CAu, 0xF73152FCu, 0xF7369289u, 0xF73BD371u, 0xF74115B3u, 0xF746594Fu, 0xF74B9E42u, 0xF750E48Eu,
    0xF7562C30u, 0xF75B7529u, 0xF760BF77u, 0xF7660B19u, 0xF76B580Eu, 0xF770A656u, 0xF775F5F1u, 0xF77B46DCu,
    0xF7809918u, 0xF785ECA3u, 0xF78B417Du, 0xF79097A4u, 0xF795EF19u, 0xF79B47DAu, 0xF7A0A1E6u, 0xF7A5FD3Du,
    0xF7AB59DDu, 0xF7B0B7C6u, 0xF7B616F8u, 0xF7BB7770u, 0xF7C0D92Fu, 0xF7C63C34u, 0xF7CBA07Du, 0xF7D1060Au,
    0xF7D66CDBu, 0xF7DBD4EDu, 0xF7E13E41u, 0xF7E6A8D6u, 0xF7EC14AAu, 0xF7F181BDu, 0xF7F6F00Eu, 0xF7FC5F9Cu,
    0xF801D067u, 0xF807426Eu, 0xF80CB5AFu, 0xF8122A29u, 0xF8179FDDu, 0xF81D16CAu, 0xF8228EEDu, 0xF8280847u,
    0xF82D82D7u, 0xF832FE9Bu, 0xF8387B93u, 0xF83DF9BFu, 0xF843791Du, 0xF848F9ACu, 0xF84E7B6Cu, 0xF853FE5Bu,
    0xF8598279u, 0xF85F07C6u, 0xF8648E3Fu, 0xF86A15E5u, 0xF86F9EB7u, 0xF87528B2u, 0xF87AB3D8u, 0xF8804027u,
    0xF885CD9Eu, 0xF88B5C3Bu, 0xF890EC00u, 0xF8967CE9u, 0xF89C0EF8u, 0xF8A1A22Au, 0xF8A7367Fu, 0xF8ACCBF6u,
    0xF8B2628Eu, 0xF8B7FA46u, 0xF8BD931Eu, 0xF8C32D15u, 0xF8C8C829u, 0xF8CE645Au, 0xF8D401A7u, 0xF8D9A010u,
    0xF8DF3F92u, 0xF8E4E02Eu, 0xF8EA81E3u, 0xF8F024AFu, 0xF8F5C892u, 0xF8FB6D8Au, 0xF9011398u, 0xF906BABBu,
    0xF90C62F0u, 0xF9120C38u, 0xF917B691u, 0xF91D61FBu, 0xF9230E75u, 0xF928BBFEu, 0xF92E6A95u, 0xF9341A39u,
    0xF939CAEAu, 0xF93F7CA5u, 0xF9452F6Cu, 0xF94AE33Cu, 0xF9509815u, 0xF9564DF6u, 0xF95C04DEu, 0xF961BCCCu,
    0xF96775BFu, 0xF96D2FB7u, 0xF972EAB2u, 0xF978A6B0u, 0xF97E63AFu, 0xF98421B0u, 0xF989E0B0u, 0xF98FA0AFu,
    0xF99561ADu, 0xF99B23A8u, 0xF9A0E6A0u, 0xF9A6AA93u, 0xF9AC6F80u, 0xF9B23568u, 0xF9B7FC48u, 0xF9BDC420u,
    0xF9C38CEFu, 0xF9C956B5u, 0xF9CF2170u, 0xF9D4ED1Fu, 0xF9DAB9C2u, 0xF9E08757u, 0xF9E655DEu, 0xF9EC2556u,
    0xF9F1F5BEu, 0xF9F7C714u, 0xF9FD9959u, 0xFA036C8Cu, 0xFA0940AAu, 0xFA0F15B4u, 0xFA14EBA9u, 0xFA1AC287u,
    0xFA209A4Eu, 0xFA2672FDu, 0xFA2C4C92u, 0xFA32270Eu, 0xFA38026Fu, 0xFA3DDEB4u, 0xFA43BBDDu, 0xFA4999E8u,
    0xFA4F78D4u, 0xFA5558A1u, 0xFA5B394Eu, 0xFA611AD9u, 0xFA66FD43u, 0xFA6CE089u, 0xFA72C4ACu, 0xFA78A9A9u,
    0xFA7E8F81u, 0xFA847633u, 0xFA8A5DBCu, 0xFA90461Eu, 0xFA962F55u, 0xFA9C1963u, 0xFAA20445u, 0xFAA7EFFCu,
    0xFAADDC85u, 0xFAB3C9E0u, 0xFAB9B80Du, 0xFABFA709u, 0xFAC596D5u, 0xFACB8770u, 0xFAD178D8u, 0xFAD76B0Cu,
    0xFADD5E0Cu, 0xFAE351D7u, 0xFAE9466Cu, 0xFAEF3BC9u, 0xFAF531EFu, 0xFAFB28DBu, 0xFB01208Eu, 0xFB071906u,
    0xFB0D1242u, 0xFB130C42u, 0xFB190704u, 0xFB1F0288u, 0xFB24FECCu, 0xFB2AFBD0u, 0xFB30F992u, 0xFB36F813u,
    0xFB3CF750u, 0xFB42F74Au, 0xFB48F7FEu, 0xFB4EF96Du, 0xFB54FB95u, 0xFB5AFE75u, 0xFB61020Cu, 0xFB67065Au,
    0xFB6D0B5Eu, 0xFB731116u, 0xFB791781u, 0xFB7F1EA0u, 0xFB852670u, 0xFB8B2EF1u, 0xFB913822u, 0xFB974202u,
    0xFB9D4C90u, 0xFBA357CBu, 0xFBA963B2u, 0xFBAF7045u, 0xFBB57D81u, 0xFBBB8B68u, 0xFBC199F7u, 0xFBC7A92Du,
    0xFBCDB90Au, 0xFBD3C98Du, 0xFBD9DAB4u, 0xFBDFEC7Fu, 0xFBE5FEEDu, 0xFBEC11FDu, 0xFBF225AEu, 0xFBF839FFu,
    0xFBFE4EEFu, 0xFC04647Du, 0xFC0A7AA9u, 0xFC109170u, 0xFC16A8D4u, 0xFC1CC0D1u, 0xFC22D968u, 0xFC28F298u,
    0xFC2F0C5Fu, 0xFC3526BDu, 0xFC3B41B0u, 0xFC415D39u, 0xFC477955u, 0xFC4D9604u, 0xFC53B345u, 0xFC59D117u,
    0xFC5FEF79u, 0xFC660E6Au, 0xFC6C2DE9u, 0xFC724DF6u, 0xFC786E8Fu, 0xFC7E8FB3u, 0xFC84B162u, 0xFC8AD39Au,
    0xFC90F65Au, 0xFC9719A3u, 0xFC9D3D71u, 0xFCA361C6u, 0xFCA9869Fu, 0xFCAFABFCu, 0xFCB5D1DCu, 0xFCBBF83Du,
    0xFCC21F20u, 0xFCC84682u, 0xFCCE6E64u, 0xFCD496C3u, 0xFCDABFA0u, 0xFCE0E8F9u, 0xFCE712CDu, 0xFCED3D1Cu,
    0xFCF367E3u, 0xFCF99323u, 0xFCFFBEDBu, 0xFD05EB09u, 0xFD0C17ADu, 0xFD1244C5u, 0xFD187250u, 0xFD1EA04Fu,
    0xFD24CEBFu, 0xFD2AFDA0u, 0xFD312CF1u, 0xFD375CB0u, 0xFD3D8CDEu, 0xFD43BD78u, 0xFD49EE7Eu, 0xFD501FF0u,
    0xFD5651CBu, 0xFD5C8410u, 0xFD62B6BDu, 0xFD68E9D1u, 0xFD6F1D4Bu, 0xFD75512Au, 0xFD7B856Eu, 0xFD81BA16u,
    0xFD87EF1Fu, 0xFD8E248Au, 0xFD945A56u, 0xFD9A9081u, 0xFDA0C70Bu, 0xFDA6FDF3u, 0xFDAD3537u, 0xFDB36CD7u,
    0xFDB9A4D1u, 0xFDBFDD26u, 0xFDC615D3u, 0xFDCC4ED8u, 0xFDD28835u, 0xFDD8C1E7u, 0xFDDEFBEEu, 0xFDE53649u,
    0xFDEB70F7u, 0xFDF1ABF8u, 0xFDF7E749u, 0xFDFE22EBu, 0xFE045EDCu, 0xFE0A9B1Bu, 0xFE10D7A8u, 0xFE171481u,
    0xFE1D51A5u, 0xFE238F14u, 0xFE29CCCCu, 0xFE300ACDu, 0xFE364915u, 0xFE3C87A4u, 0xFE42C679u, 0xFE490592u,
    0xFE4F44EFu, 0xFE55848Eu, 0xFE5BC470u, 0xFE620492u, 0xFE6844F4u, 0xFE6E8595u, 0xFE74C674u, 0xFE7B078Fu,
    0xFE8148E7u, 0xFE878A7Au, 0xFE8DCC47u, 0xFE940E4Du, 0xFE9A508Bu, 0xFEA09300u, 0xFEA6D5ABu, 0xFEAD188Cu,
    0xFEB35BA1u, 0xFEB99EE9u, 0xFEBFE263u, 0xFEC6260Fu, 0xFECC69ECu, 0xFED2ADF7u, 0xFED8F232u, 0xFEDF3699u,
    0xFEE57B2Du, 0xFEEBBFEDu, 0xFEF204D8u, 0xFEF849ECu, 0xFEFE8F28u, 0xFF04D48Du, 0xFF0B1A18u, 0xFF115FC9u,
    0xFF17A59Eu, 0xFF1DEB98u, 0xFF2431B4u, 0xFF2A77F3u, 0xFF30BE52u, 0xFF3704D1u, 0xFF3D4B6Fu, 0xFF43922Bu,
    0xFF49D905u, 0xFF501FFAu, 0xFF56670Au, 0xFF5CAE35u, 0xFF62F579u, 0xFF693CD5u, 0xFF6F8448u, 0xFF75CBD2u,
    0xFF7C1371u, 0xFF825B24u, 0xFF88A2EAu, 0xFF8EEAC3u, 0xFF9532AEu, 0xFF9B7AA9u, 0xFFA1C2B3u, 0xFFA80ACCu,
    0xFFAE52F2u, 0xFFB49B26u, 0xFFBAE364u, 0xFFC12BAEu, 0xFFC77401u, 0xFFCDBC5Du, 0xFFD404C0u, 0xFFDA4D2Au,
    0xFFE0959Bu, 0xFFE6DE10u, 0xFFED2688u, 0xFFF36F04u, 0xFFF9B782u, 0x0006487Eu, 0x000C90FCu, 0x0012D978u,
    0x001921F0u, 0x001F6A65u, 0x0025B2D6u, 0x002BFB40u, 0x003243A3u, 0x00388BFFu, 0x003ED452u, 0x00451C9Cu,
    0x004B64DAu, 0x0051AD0Eu, 0x0057F534u, 0x005E3D4Du, 0x00648557u, 0x006ACD52u, 0x0071153Du, 0x00775D16u,
    0x007DA4DCu, 0x0083EC8Fu, 0x008A342Eu, 0x00907BB8u, 0x0096C32Bu, 0x009D0A87u, 0x00A351CBu, 0x00A998F6u,
    0x00AFE006u, 0x00B626FBu, 0x00BC6DD5u, 0x00C2B491u, 0x00C8FB2Fu, 0x00CF41AEu, 0x00D5880Du, 0x00DBCE4Cu,
    0x00E21468u, 0x00E85A62u, 0x00EEA037u, 0x00F4E5E8u, 0x00FB2B73u, 0x010170D8u, 0x0107B614u, 0x010DFB28u,
    0x01144013u, 0x011A84D3u, 0x0120C967u, 0x01270DCEu, 0x012D5209u, 0x01339614u, 0x0139D9F1u, 0x01401D9Du,
    0x01466117u, 0x014CA45Fu, 0x0152E774u, 0x01592A55u, 0x015F6D00u, 0x0165AF75u, 0x016BF1B3u, 0x017233B9u,
    0x01787586u, 0x017EB719u, 0x0184F871u, 0x018B398Cu, 0x01917A6Bu, 0x0197BB0Cu, 0x019DFB6Eu, 0x01A43B90u,
    0x01AA7B72u, 0x01B0BB11u, 0x01B6FA6Eu, 0x01BD3987u, 0x01C3785Cu, 0x01C9B6EBu, 0x01CFF533u, 0x01D63334u,
    0x01DC70ECu, 0x01E2AE5Bu, 0x01E8EB7Fu, 0x01EF2858u, 0x01F564E5u, 0x01FBA124u, 0x0201DD15u, 0x020818B7u,
    0x020E5408u, 0x02148F09u, 0x021AC9B7u, 0x02210412u, 0x02273E19u, 0x022D77CBu, 0x0233B128u, 0x0239EA2Du,
    0x024022DAu, 0x02465B2Fu, 0x024C9329u, 0x0252CAC9u, 0x0259020Du, 0x025F38F5u, 0x02656F7Fu, 0x026BA5AAu,
    0x0271DB76u, 0x027810E1u, 0x027E45EAu, 0x02847A92u, 0x028AAED6u, 0x0290E2B5u, 0x0297162Fu, 0x029D4943u,
    0x02A37BF0u, 0x02A9AE35u, 0x02AFE010u, 0x02B61182u, 0x02BC4288u, 0x02C27322u, 0x02C8A350u, 0x02CED30Fu,
    0x02D50260u, 0x02DB3141u, 0x02E15FB1u, 0x02E78DB0u, 0x02EDBB3Bu, 0x02F3E853u, 0x02FA14F7u, 0x03004125u,
    0x03066CDDu, 0x030C981Du, 0x0312C2E4u, 0x0318ED33u, 0x031F1707u, 0x03254060u, 0x032B693Du, 0x0331919Cu,
    0x0337B97Eu, 0x033DE0E0u, 0x034407C3u, 0x034A2E24u, 0x03505404u, 0x03567961u, 0x035C9E3Au, 0x0362C28Fu,
    0x0368E65Du, 0x036F09A6u, 0x03752C66u, 0x037B4E9Eu, 0x0381704Du, 0x03879171u, 0x038DB20Au, 0x0393D217u,
    0x0399F196u, 0x03A01087u, 0x03A62EE9u, 0x03AC4CBBu, 0x03B269FCu, 0x03B886ABu, 0x03BEA2C7u, 0x03C4BE50u,
    0x03CAD943u, 0x03D0F3A1u, 0x03D70D68u, 0x03DD2698u, 0x03E33F2Fu, 0x03E9572Cu, 0x03EF6E90u, 0x03F58557u,
    0x03FB9B83u, 0x0401B111u, 0x0407C601u, 0x040DDA52u, 0x0413EE03u, 0x041A0113u, 0x04201381u, 0x0426254Cu,
    0x042C3673u, 0x043246F6u, 0x043856D3u, 0x043E6609u, 0x04447498u, 0x044A827Fu, 0x04508FBBu, 0x04569C4Eu,
    0x045CA835u, 0x0462B370u, 0x0468BDFEu, 0x046EC7DEu, 0x0474D10Fu, 0x047AD990u, 0x0480E160u, 0x0486E87Fu,
    0x048CEEEAu, 0x0492F4A2u, 0x0498F9A6u, 0x049EFDF4u, 0x04A5018Bu, 0x04AB046Bu, 0x04B10693u, 0x04B70802u,
    0x04BD08B6u, 0x04C308B0u, 0x04C907EDu, 0x04CF066Eu, 0x04D50430u, 0x04DB0134u, 0x04E0FD78u, 0x04E6F8FCu,
    0x04ECF3BEu, 0x04F2EDBEu, 0x04F8E6FAu, 0x04FEDF72u, 0x0504D725u, 0x050ACE11u, 0x0510C437u, 0x0516B994u,
    0x051CAE29u, 0x0522A1F4u, 0x052894F4u, 0x052E8728u, 0x05347890u, 0x053A692Bu, 0x054058F7u, 0x054647F3u,
    0x054C3620u, 0x0552237Bu, 0x05581004u, 0x055DFBBBu, 0x0563E69Du, 0x0569D0ABu, 0x056FB9E2u, 0x0575A244u,
    0x057B89CDu, 0x0581707Fu, 0x05875657u, 0x058D3B54u, 0x05931F77u, 0x059902BDu, 0x059EE527u, 0x05A4C6B2u,
    0x05AAA75Fu, 0x05B0872Cu, 0x05B66618u, 0x05BC4423u, 0x05C2214Cu, 0x05C7FD91u, 0x05CDD8F2u, 0x05D3B36Eu,
    0x05D98D03u, 0x05DF65B2u, 0x05E53D79u, 0x05EB1457u, 0x05F0EA4Cu, 0x05F6BF56u, 0x05FC9374u, 0x060266A7u,
    0x060838ECu, 0x060E0A42u, 0x0613DAAAu, 0x0619AA22u, 0x061F78A9u, 0x0625463Eu, 0x062B12E1u, 0x0630DE90u,
    0x0636A94Bu, 0x063C7311u, 0x06423BE0u, 0x064803B8u, 0x064DCA98u, 0x06539080u, 0x0659556Du, 0x065F1960u,
    0x0664DC58u, 0x066A9E53u, 0x06705F51u, 0x06761F50u, 0x067BDE50u, 0x06819C51u, 0x06875950u, 0x068D154Eu,
    0x0692D049u, 0x06988A41u, 0x069E4334u, 0x06A3FB22u, 0x06A9B20Au, 0x06AF67EBu, 0x06B51CC4u, 0x06BAD094u,
    0x06C0835Bu, 0x06C63516u, 0x06CBE5C7u, 0x06D1956Bu, 0x06D74402u, 0x06DCF18Bu, 0x06E29E05u, 0x06E8496Fu,
    0x06EDF3C8u, 0x06F39D10u, 0x06F94545u, 0x06FEEC68u, 0x07049276u, 0x070A376Eu, 0x070FDB51u, 0x07157E1Du,
    0x071B1FD2u, 0x0720C06Eu, 0x07265FF0u, 0x072BFE59u, 0x07319BA6u, 0x073737D7u, 0x073CD2EBu, 0x07426CE2u,
    0x074805BAu, 0x074D9D72u, 0x0753340Au, 0x0758C981u, 0x075E5DD6u, 0x0763F108u, 0x07698317u, 0x076F1400u,
    0x0774A3C5u, 0x077A3262u, 0x077FBFD9u, 0x07854C28u, 0x078AD74Eu, 0x07906149u, 0x0795EA1Bu, 0x079B71C1u,
    0x07A0F83Au, 0x07A67D87u, 0x07AC01A5u, 0x07B18494u, 0x07B70654u, 0x07BC86E3u, 0x07C20641u, 0x07C7846Du,
    0x07CD0165u, 0x07D27D29u, 0x07D7F7B9u, 0x07DD7113u, 0x07E2E936u, 0x07E86023u, 0x07EDD5D7u, 0x07F34A51u,
    0x07F8BD92u, 0x07FE2F99u, 0x0803A064u, 0x08090FF2u, 0x080E7E43u, 0x0813EB56u, 0x0819572Au, 0x081EC1BFu,
    0x08242B13u, 0x08299325u, 0x082EF9F6u, 0x08345F83u, 0x0839C3CCu, 0x083F26D1u, 0x08448890u, 0x0849E908u,
    0x084F483Au, 0x0854A623u, 0x085A02C3u, 0x085F5E1Au, 0x0864B826u, 0x086A10E7u, 0x086F685Cu, 0x0874BE83u,
    0x087A135Du, 0x087F66E8u, 0x0884B924u, 0x088A0A0Fu, 0x088F59AAu, 0x0894A7F2u, 0x0899F4E7u, 0x089F4089u,
    0x08A48AD7u, 0x08A9D3D0u, 0x08AF1B72u, 0x08B461BEu, 0x08B9A6B1u, 0x08BEEA4Du, 0x08C42C8Fu, 0x08C96D77u,
    0x08CEAD04u, 0x08D3EB36u, 0x08D9280Bu, 0x08DE6383u, 0x08E39D9Cu, 0x08E8D657u, 0x08EE0DB2u, 0x08F343ACu,
    0x08F87845u, 0x08FDAB7Cu, 0x0902DD50u, 0x09080DC0u, 0x090D3CCCu, 0x09126A72u, 0x091796B3u, 0x091CC18Cu,
    0x0921EAFDu, 0x09271306u, 0x092C39A6u, 0x09315EDBu, 0x093682A6u, 0x093BA505u, 0x0940C5F7u, 0x0945E57Cu,
    0x094B0393u, 0x0950203Bu, 0x09553B74u, 0x095A553Cu, 0x095F6D92u, 0x09648477u, 0x096999E9u, 0x096EADE7u,
    0x0973C071u, 0x0978D186u, 0x097DE125u, 0x0982EF4Du, 0x0987FBFEu, 0x098D0736u, 0x099210F6u, 0x0997193Bu,
    0x099C2006u, 0x09A12556u, 0x09A62929u, 0x09AB2B7Fu, 0x09B02C58u, 0x09B52BB2u, 0x09BA298Du, 0x09BF25E8u,
    0x09C420C2u, 0x09C91A1Bu, 0x09CE11F1u, 0x09D30845u, 0x09D7FD14u, 0x09DCF05Fu, 0x09E1E224u, 0x09E6D264u,
    0x09EBC11Cu, 0x09F0AE4Du, 0x09F599F5u, 0x09FA8414u, 0x09FF6CA9u, 0x0A0453B4u, 0x0A093933u, 0x0A0E1D25u,
    0x0A12FF8Bu, 0x0A17E063u, 0x0A1CBFADu, 0x0A219D68u, 0x0A267992u, 0x0A2B542Cu, 0x0A302D34u, 0x0A3504AAu,
    0x0A39DA8Du, 0x0A3EAEDDu, 0x0A438198u, 0x0A4852BDu, 0x0A4D224Du, 0x0A51F046u, 0x0A56BCA8u, 0x0A5B8772u,
    0x0A6050A2u, 0x0A65183Au, 0x0A69DE36u, 0x0A6EA298u, 0x0A73655Du, 0x0A782687u, 0x0A7CE612u, 0x0A81A400u,
    0x0A86604Fu, 0x0A8B1AFFu, 0x0A8FD40Eu, 0x0A948B7Cu, 0x0A994149u, 0x0A9DF573u, 0x0AA2A7FAu, 0x0AA758DDu,
    0x0AAC081Cu, 0x0AB0B5B5u, 0x0AB561A8u, 0x0ABA0BF5u, 0x0ABEB49Au, 0x0AC35B97u, 0x0AC800EAu, 0x0ACCA495u,
    0x0AD14695u, 0x0AD5E6EAu, 0x0ADA8593u, 0x0ADF228Fu, 0x0AE3BDDFu, 0x0AE85780u, 0x0AECEF73u, 0x0AF185B7u,
    0x0AF61A4Au, 0x0AFAAD2Du, 0x0AFF3E5Eu, 0x0B03CDDEu, 0x0B085BAAu, 0x0B0CE7C3u, 0x0B117227u, 0x0B15FAD7u,
    0x0B1A81D1u, 0x0B1F0715u, 0x0B238AA1u, 0x0B280C76u, 0x0B2C8C92u, 0x0B310AF6u, 0x0B35879Fu, 0x0B3A028Eu,
    0x0B3E7BC2u, 0x0B42F33Au, 0x0B4768F5u, 0x0B4BDCF3u, 0x0B504F33u, 0x0B54BFB4u, 0x0B592E76u, 0x0B5D9B78u,
    0x0B6206B9u, 0x0B667039u, 0x0B6AD7F7u, 0x0B6F3DF2u, 0x0B73A22Au, 0x0B78049Eu, 0x0B7C654Cu, 0x0B80C436u,
    0x0B852159u, 0x0B897CB6u, 0x0B8DD64Bu, 0x0B922E17u, 0x0B96841Bu, 0x0B9AD856u, 0x0B9F2AC7u, 0x0BA37B6Cu,
    0x0BA7CA46u, 0x0BAC1754u, 0x0BB06296u, 0x0BB4AC09u, 0x0BB8F3AFu, 0x0BBD3986u, 0x0BC17D8Du, 0x0BC5BFC5u,
    0x0BCA002Bu, 0x0BCE3EC0u, 0x0BD27B83u, 0x0BD6B674u, 0x0BDAEF91u, 0x0BDF26DAu, 0x0BE35C4Eu, 0x0BE78FEDu,
    0x0BEBC1B6u, 0x0BEFF1A8u, 0x0BF41FC3u, 0x0BF84C07u, 0x0BFC7671u, 0x0C009F03u, 0x0C04C5BAu, 0x0C08EA97u,
    0x0C0D0D99u, 0x0C112EC0u, 0x0C154E09u, 0x0C196B76u, 0x0C1D8705u, 0x0C21A0B6u, 0x0C25B888u, 0x0C29CE7Bu,
    0x0C2DE28Du, 0x0C31F4BEu, 0x0C36050Eu, 0x0C3A137Cu, 0x0C3E2007u, 0x0C422AAFu, 0x0C463373u, 0x0C4A3A52u,
    0x0C4E3F4Du, 0x0C524261u, 0x0C56438Fu, 0x0C5A42D6u, 0x0C5E4035u, 0x0C623BACu, 0x0C66353Au, 0x0C6A2CDFu,
    0x0C6E2299u, 0x0C721669u, 0x0C76084Du, 0x0C79F846u, 0x0C7DE651u, 0x0C81D270u, 0x0C85BCA1u, 0x0C89A4E4u,
    0x0C8D8B37u, 0x0C916F9Bu, 0x0C95520Fu, 0x0C993293u, 0x0C9D1124u, 0x0CA0EDC4u, 0x0CA4C871u, 0x0CA8A12Bu,
    0x0CAC77F2u, 0x0CB04CC4u, 0x0CB41FA1u, 0x0CB7F088u, 0x0CBBBF7Au, 0x0CBF8C75u, 0x0CC35778u, 0x0CC72084u,
    0x0CCAE797u, 0x0CCEACB1u, 0x0CD26FD2u, 0x0CD630F8u, 0x0CD9F023u, 0x0CDDAD54u, 0x0CE16888u, 0x0CE521C0u,
    0x0CE8D8FAu, 0x0CEC8E38u, 0x0CF04176u, 0x0CF3F2B6u, 0x0CF7A1F7u, 0x0CFB4F38u, 0x0CFEFA78u, 0x0D02A3B7u,
    0x0D064AF5u, 0x0D09F030u, 0x0D0D9369u, 0x0D11349Eu, 0x0D14D3D0u, 0x0D1870FDu, 0x0D1C0C25u, 0x0D1FA547u,
    0x0D233C64u, 0x0D26D179u, 0x0D2A6488u, 0x0D2DF58Fu, 0x0D31848Du, 0x0D351183u, 0x0D389C6Fu, 0x0D3C2551u,
    0x0D3FAC29u, 0x0D4330F6u, 0x0D46B3B7u, 0x0D4A346Cu, 0x0D4DB314u, 0x0D512FAFu, 0x0D54AA3Du, 0x0D5822BCu,
    0x0D5B992Cu, 0x0D5F0D8Du, 0x0D627FDEu, 0x0D65F01Fu, 0x0D695E4Fu, 0x0D6CCA6Du, 0x0D703479u, 0x0D739C73u,
    0x0D77025Au, 0x0D7A662Du, 0x0D7DC7ECu, 0x0D812796u, 0x0D84852Cu, 0x0D87E0ABu, 0x0D8B3A15u, 0x0D8E9167u,
    0x0D91E6A3u, 0x0D9539C7u, 0x0D988AD2u, 0x0D9BD9C5u, 0x0D9F269Fu, 0x0DA2715Fu, 0x0DA5BA04u, 0x0DA9008Fu,
    0x0DAC44FFu, 0x0DAF8753u, 0x0DB2C78Au, 0x0DB605A5u, 0x0DB941A2u, 0x0DBC7B82u, 0x0DBFB343u, 0x0DC2E8E5u,
    0x0DC61C69u, 0x0DC94DCCu, 0x0DCC7D0Fu, 0x0DCFAA32u, 0x0DD2D533u, 0x0DD5FE13u, 0x0DD924D0u, 0x0DDC496Au,
    0x0DDF6BE2u, 0x0DE28C35u, 0x0DE5AA65u, 0x0DE8C670u, 0x0DEBE056u, 0x0DEEF816u, 0x0DF20DB0u, 0x0DF52124u,
    0x0DF83270u, 0x0DFB4195u, 0x0DFE4E92u, 0x0E015967u, 0x0E046213u, 0x0E076895u, 0x0E0A6CEEu, 0x0E0D6F1Cu,
    0x0E106F1Fu, 0x0E136CF8u, 0x0E1668A4u, 0x0E196224u, 0x0E1C5978u, 0x0E1F4E9Fu, 0x0E224198u, 0x0E253263u,
    0x0E282100u, 0x0E2B0D6Eu, 0x0E2DF7ACu, 0x0E30DFBBu, 0x0E33C59Au, 0x0E36A948u, 0x0E398AC4u, 0x0E3C6A0Fu,
    0x0E3F4729u, 0x0E42220Fu, 0x0E44FAC3u, 0x0E47D143u, 0x0E4AA590u, 0x0E4D77A9u, 0x0E50478Cu, 0x0E53153Bu,
    0x0E55E0B4u, 0x0E58A9F8u, 0x0E5B7105u, 0x0E5E35DBu, 0x0E60F879u, 0x0E63B8E1u, 0x0E667710u, 0x0E693307u,
    0x0E6BECC4u, 0x0E6EA449u, 0x0E715993u, 0x0E740CA4u, 0x0E76BD7Au, 0x0E796C14u, 0x0E7C1874u, 0x0E7EC297u,
    0x0E816A7Fu, 0x0E84102Au, 0x0E86B397u, 0x0E8954C7u, 0x0E8BF3BAu, 0x0E8E906Eu, 0x0E912AE3u, 0x0E93C319u,
    0x0E965910u, 0x0E98ECC7u, 0x0E9B7E3Du, 0x0E9E0D73u, 0x0EA09A68u, 0x0EA3251Cu, 0x0EA5AD8Du, 0x0EA833BCu,
    0x0EAAB7A9u, 0x0EAD3953u, 0x0EAFB8B9u, 0x0EB235DBu, 0x0EB4B0B9u, 0x0EB72953u, 0x0EB99FA8u, 0x0EBC13B7u,
    0x0EBE8581u, 0x0EC0F504u, 0x0EC36242u, 0x0EC5CD38u, 0x0EC835E7u, 0x0ECA9C4Fu, 0x0ECD006Eu, 0x0ECF6246u,
    0x0ED1C1D4u, 0x0ED41F1Au, 0x0ED67A16u, 0x0ED8D2C8u, 0x0EDB2931u, 0x0EDD7D4Eu, 0x0EDFCF21u, 0x0EE21EA9u,
    0x0EE46BE5u, 0x0EE6B6D5u, 0x0EE8FF79u, 0x0EEB45D1u, 0x0EED89DBu, 0x0EEFCB98u, 0x0EF20B07u, 0x0EF44829u,
    0x0EF682FBu, 0x0EF8BB80u, 0x0EFAF1B5u, 0x0EFD259Bu, 0x0EFF5731u, 0x0F018677u, 0x0F03B36Cu, 0x0F05DE11u,
    0x0F080665u, 0x0F0A2C67u, 0x0F0C5017u, 0x0F0E7176u, 0x0F109082u, 0x0F12AD3Bu, 0x0F14C7A2u, 0x0F16DFB5u,
    0x0F18F574u, 0x0F1B08DFu, 0x0F1D19F6u, 0x0F1F28B8u, 0x0F213525u, 0x0F233F3Du, 0x0F2546FFu, 0x0F274C6Cu,
    0x0F294F82u, 0x0F2B5041u, 0x0F2D4EAAu, 0x0F2F4ABCu, 0x0F314476u, 0x0F333BD8u, 0x0F3530E2u, 0x0F372394u,
    0x0F3913EDu, 0x0F3B01EDu, 0x0F3CED94u, 0x0F3ED6E2u, 0x0F40BDD5u, 0x0F42A26Eu, 0x0F4484ADu, 0x0F466491u,
    0x0F48421Bu, 0x0F4A1D48u, 0x0F4BF61Bu, 0x0F4DCC91u, 0x0F4FA0ABu, 0x0F517269u, 0x0F5341C9u, 0x0F550ECDu,
    0x0F56D974u, 0x0F58A1BDu, 0x0F5A67A8u, 0x0F5C2B35u, 0x0F5DEC64u, 0x0F5FAB34u, 0x0F6167A5u, 0x0F6321B7u,
    0x0F64D969u, 0x0F668EBCu, 0x0F6841AFu, 0x0F69F241u, 0x0F6BA073u, 0x0F6D4C44u, 0x0F6EF5B5u, 0x0F709CC3u,
    0x0F724171u, 0x0F73E3BCu, 0x0F7583A6u, 0x0F77212Du, 0x0F78BC51u, 0x0F7A5513u, 0x0F7BEB72u, 0x0F7D7F6Eu,
    0x0F7F1106u, 0x0F80A03Au, 0x0F822D0Au, 0x0F83B776u, 0x0F853F7Du, 0x0F86C520u, 0x0F88485Eu, 0x0F89C936u,
    0x0F8B47A9u, 0x0F8CC3B7u, 0x0F8E3D5Fu, 0x0F8FB4A0u, 0x0F91297Bu, 0x0F929BF0u, 0x0F940BFEu, 0x0F9579A4u,
    0x0F96E4E4u, 0x0F984DBCu, 0x0F99B42Du, 0x0F9B1835u, 0x0F9C79D6u, 0x0F9DD90Eu, 0x0F9F35DEu, 0x0FA09044u,
    0x0FA1E842u, 0x0FA33DD7u, 0x0FA49103u, 0x0FA5E1C5u, 0x0FA7301Du, 0x0FA87C0Bu, 0x0FA9C58Fu, 0x0FAB0CA9u,
    0x0FAC5158u, 0x0FAD939Du, 0x0FAED376u, 0x0FB010E4u, 0x0FB14BE7u, 0x0FB2847Fu, 0x0FB3BAABu, 0x0FB4EE6Bu,
    0x0FB61FBEu, 0x0FB74EA6u, 0x0FB87B21u, 0x0FB9A530u, 0x0FBACCD1u, 0x0FBBF206u, 0x0FBD14CEu, 0x0FBE3528u,
    0x0FBF5314u, 0x0FC06E93u, 0x0FC187A5u, 0x0FC29E48u, 0x0FC3B27Du, 0x0FC4C443u, 0x0FC5D39Bu, 0x0FC6E085u,
    0x0FC7EAFFu, 0x0FC8F30Bu, 0x0FC9F8A7u, 0x0FCAFBD4u, 0x0FCBFC92u, 0x0FCCFAE0u, 0x0FCDF6BEu, 0x0FCEF02Cu,
    0x0FCFE72Au, 0x0FD0DBB8u, 0x0FD1CDD6u, 0x0FD2BD83u, 0x0FD3AABFu, 0x0FD4958Bu, 0x0FD57DE5u, 0x0FD663CEu,
    0x0FD74747u, 0x0FD8284Du, 0x0FD906E3u, 0x0FD9E306u, 0x0FDABCB8u, 0x0FDB93F8u, 0x0FDC68C6u, 0x0FDD3B22u,
    0x0FDE0B0Bu, 0x0FDED883u, 0x0FDFA387u, 0x0FE06C19u, 0x0FE13238u, 0x0FE1F5E4u, 0x0FE2B71Du, 0x0FE375E3u,
    0x0FE43236u, 0x0FE4EC15u, 0x0FE5A381u, 0x0FE6587Au, 0x0FE70AFEu, 0x0FE7BB0Fu, 0x0FE868ACu, 0x0FE913D5u,
    0x0FE9BC8Au, 0x0FEA62CAu, 0x0FEB0696u, 0x0FEBA7EEu, 0x0FEC46D1u, 0x0FECE340u, 0x0FED7D3Au, 0x0FEE14BFu,
    0x0FEEA9CFu, 0x0FEF3C6Bu, 0x0FEFCC91u, 0x0FF05A42u, 0x0FF0E57Eu, 0x0FF16E44u, 0x0FF1F495u, 0x0FF27871u,
    0x0FF2F9D7u, 0x0FF378C7u, 0x0FF3F542u, 0x0FF46F47u, 0x0FF4E6D6u, 0x0FF55BEFu, 0x0FF5CE92u, 0x0FF63EBFu,
    0x0FF6AC76u, 0x0FF717B6u, 0x0FF78081u, 0x0FF7E6D5u, 0x0FF84AB2u, 0x0FF8AC19u, 0x0FF90B0Au, 0x0FF96784u,
    0x0FF9C187u, 0x0FFA1914u, 0x0FFA6E2Au, 0x0FFAC0C9u, 0x0FFB10F1u, 0x0FFB5EA3u, 0x0FFBA9DDu, 0x0FFBF2A1u,
    0x0FFC38EDu, 0x0FFC7CC2u, 0x0FFCBE21u, 0x0FFCFD08u, 0x0FFD3977u, 0x0FFD7370u, 0x0FFDAAF2u, 0x0FFDDFFCu,
    0x0FFE128Eu, 0x0FFE42AAu, 0x0FFE704Eu, 0x0FFE9B7Bu, 0x0FFEC430u, 0x0FFEEA6Du, 0x0FFF0E34u, 0x0FFF2F82u,
    0x0FFF4E5Au, 0x0FFF6AB9u, 0x0FFF84A1u, 0x0FFF9C12u, 0x0FFFB10Bu, 0x0FFFC38Cu, 0x0FFFD396u, 0x0FFFE128u,
    0x0FFFEC42u, 0x0FFFF4E5u, 0x0FFFFB10u, 0x0FFFFEC4u, 0x3C808080u, 0x2C808080u, 0x2C808080u, 0x2C808080u,
    0x2C808080u, 0x2C808080u, 0x2C808080u, 0x2C808080u, 0x2C808080u, 0x3C323232u, 0x2C323232u, 0x2C323232u,
    0x2C323232u, 0x2C323232u, 0x2C323232u, 0x2C323232u, 0x2C323232u, 0x2C323232u, 0x0549ED52u, 0x00000929u,
    0x10410EA5u, 0x000007ACu, 0x0BF406A8u, 0x0BF40000u, 0x00000948u, 0x04E00A38u, 0x0000007Cu, 0x0000005Au,
    0x0000007Fu, 0x0549ED52u, 0x00000929u, 0x10410EA5u, 0x000007ACu, 0x05FA0354u, 0x05FA0000u, 0x000004A4u,
    0x0270051Cu, 0x0000003Eu, 0x0000002Du, 0x00000040u, 0x00641518u, 0x015E044Cu, 0x0180FFF0u, 0x0000FFF0u,
    0xFFE00000u, 0x00800000u, 0x02010304u, 0x00040204u, 0x006414B4u, 0x015E044Cu, 0x0200FFE0u, 0x009C0000u,
    0x01030201u, 0x00020403u, 0x00321518u, 0x01000640u, 0x0100FFD4u, 0xFFE00000u, 0x00800010u, 0x02020304u,
    0x00040304u, 0x003214B4u, 0x00800400u, 0x01000000u, 0xFFE00000u, 0xFFF0FFF0u, 0x00300000u, 0x01030402u,
    0x01020203u, 0x012C1518u, 0x015E0640u, 0x0100FFDAu, 0x0000FFF0u, 0x009C0000u, 0x02010202u, 0x01040303u,
    0x00321518u, 0x01900258u, 0x0180FFE0u, 0x006A0000u, 0x02000402u, 0x00030204u, 0x0064157Cu, 0x015E044Cu,
    0x0180FFF0u, 0x009C0005u, 0x02010401u, 0x01020304u, 0x0096157Cu, 0x00FA044Cu, 0x01000000u, 0x00400000u,
    0x01010201u, 0x02040304u, 0x009615E0u, 0x00FA044Cu, 0x01000000u, 0x00400000u, 0x01010201u, 0x00010304u,
    0x00E613ECu, 0x025804B0u, 0x07E8F818u, 0x00800000u, 0x01010002u, 0x00030303u, 0x01F41518u, 0x01F40320u,
    0x07E8F818u, 0x00800000u, 0x02020101u, 0x00030301u, 0x0400FFE0u, 0x00040008u, 0x04E8FFC0u, 0x00040010u,
    0x0300FFA8u, 0x00040010u, 0x03000000u, 0x00040000u, 0x0300FFB4u, 0x00040010u, 0x0300FFC0u, 0x00040010u,
    0x0400FFE0u, 0x00040008u, 0x03000000u, 0x00040000u, 0x03000000u, 0x00040000u, 0x0514715Cu, 0x08987350u,
    0x0B547544u, 0x07D07350u, 0x0B54792Cu, 0x0FA07D14u, 0x08987544u, 0x0BB87B20u, 0x0FA07D14u, 0x089866D0u,
    0x0B86698Cu, 0x0CE46B80u, 0x0866698Cu, 0x09926B80u, 0x0C1C6D74u, 0x08FC6B80u, 0x0C4E6D74u, 0x0CE46F68u,
    0x09C46798u, 0x0B86698Cu, 0x0DAC6B80u, 0x08FC6798u, 0x09606798u, 0x100480FCu, 0x0A286798u, 0x0CB26B80u,
    0x10046D74u, 0x06407224u, 0x08987738u, 0x0A8C792Cu, 0x07D07738u, 0x09C4792Cu, 0x0E107D14u, 0x08347738u,
    0x0A287D14u, 0x0E1080FCu, 0x08FC6BE4u, 0x0AF06E0Au, 0x0E106FCCu, 0x0CE46E0Au, 0x0D486FCCu, 0x106873B4u,
    0x0D486E0Au, 0x0DAC73B4u, 0x1068779Cu, 0x0A288AC0u, 0x0EA69E48u, 0x1068A06Eu, 0x0D48A230u, 0x0F0AA618u,
    0x1130AA00u, 0x0DACA230u, 0x0F6EA424u, 0x0FA0A618u, 0x0ED89C54u, 0x0FA09C54u, 0x10689C54u, 0x089866D0u,
    0x0A8C68C4u, 0x0C806AB8u, 0x0A8C68C4u, 0x0C806AB8u, 0x0E746CACu, 0x04050308u, 0x0000FF50u, 0x17700080u,
    0x04040206u, 0x17700080u, 0x04050208u, 0x0000FF80u, 0x17700064u, 0x04050208u, 0x0000FF50u, 0x1770006Cu,
    0x04050308u, 0x17700080u, 0x04050307u, 0x0000FF50u, 0x17700080u, 0x06050308u, 0x0000FF50u, 0x17700080u,
    0xFFFCFFF8u, 0x0000FFFEu, 0xFFFCFFF8u, 0x0000FFFEu, 0xFFFCFFF8u, 0x0000FFFEu, 0xFFFCFFF8u, 0x0000FFFEu,
    0xFFFCFFF8u, 0x0000FFFEu, 0xFFFCFFF8u, 0x0000FFFEu, 0xFFFCFFF8u, 0x0000FFFEu, 0x00000B33u, 0x00001000u,
    0x00000B33u, 0x000E000Bu, 0x00000007u, 0x000D0009u, 0x00000007u, 0x000F000Du, 0x00000007u, 0x000E000Bu,
    0x00000007u, 0x000F000Du, 0x00000007u, 0x00000014u, 0x00000010u, 0x00000012u, 0x00000014u, 0x40027000u,
    0x3C038009u, 0x246399A8u, 0xAC620000u, 0x03E00008u, 0x000003E8u, 0x00000014u, 0x0000001Eu, 0x00000032u,
    0x0000000Au, 0x00001000u, 0x00001770u, 0x00000352u, 0x0000001Eu, 0x0000000Au, 0x00000002u, 0x000003E8u,
    0x000003E8u, 0x000003E8u, 0x000003E8u, 0x00000014u, 0x0000001Eu, 0x00000032u, 0x0000000Au, 0x00001000u,
    0x00001770u, 0x00000341u, 0x0000001Eu, 0x0000000Au, 0x00000001u, 0x00000002u, 0x000003E8u, 0x0000001Eu,
    0x000003E8u, 0x00000014u, 0x000003E8u, 0x00000014u, 0x000003E8u, 0x00000014u, 0x0000001Eu, 0x00000032u,
    0x0000000Au, 0x00001000u, 0x00001770u, 0x00000341u, 0x0000001Eu, 0x0000000Au, 0x00000002u, 0x00000002u,
    0x0000001Eu, 0x0000001Eu, 0x000003E8u, 0x00000014u, 0x0000001Eu, 0x000003E8u, 0x00000014u, 0x0000001Eu,
    0x000003E8u, 0x00000014u, 0x0000001Eu, 0x00000032u, 0x0000000Au, 0x00001000u, 0x00001770u, 0x00000341u,
    0x0000001Eu, 0x0000000Au, 0x00000003u, 0x0000001Eu, 0x00000002u, 0x000003E8u, 0x00000014u, 0x0000001Eu,
    0x00000032u, 0x000003E8u, 0x00000014u, 0x0000001Eu, 0x00000032u, 0x000003E8u, 0x00000014u, 0x0000001Eu,
    0x00000032u, 0x0000000Au, 0x00001000u, 0x00001770u, 0x00000341u, 0x0000001Eu, 0x0000000Au, 0x00000004u,
    0x000003E8u, 0x00000002u, 0x0000001Eu, 0x00000032u, 0x0000000Au, 0x000003E8u, 0x00000014u, 0x0000001Eu,
    0x00000032u, 0x0000000Au, 0x000003E8u, 0x00000014u, 0x0000001Eu, 0x00000032u, 0x0000000Au, 0x00001000u,
    0x00001770u, 0x00000341u, 0x0000001Eu, 0x0000000Au, 0x00000005u, 0x0000001Eu, 0x00000002u, 0x0000000Au,
    0x00001000u, 0x000003E8u, 0x00000014u, 0x0000001Eu, 0x00000032u, 0x0000000Au, 0x00001000u, 0x000003E8u,
    0x00000014u, 0x0000001Eu, 0x00000032u, 0x0000000Au, 0x00001000u, 0x00001770u, 0x00000341u, 0x0000001Eu,
    0x0000000Au, 0x00000006u, 0x000003E8u, 0x00000002u, 0x000003E8u, 0x000003E8u, 0x00000014u, 0x0000001Eu,
    0x00000032u, 0x0000000Au, 0x00001000u, 0x00001770u, 0x000003E8u, 0x00000014u, 0x0000001Eu, 0x00000032u,
    0x0000000Au, 0x00001000u, 0x00001770u, 0x00000341u, 0x0000001Eu, 0x0000000Au, 0x00000007u, 0x000003E8u,
    0x00000002u, 0x000003E8u, 0x000003E8u, 0x000003E8u, 0x000003E8u, 0x000003E8u, 0x000003E8u, 0x000003E8u,
    0x000003E8u, 0x000003E8u, 0x00000014u, 0x0000001Eu, 0x00000032u, 0x0000000Au, 0x00001000u, 0x00001770u,
    0x00000341u, 0x0000001Eu, 0x0000000Au, 0x00000008u, 0x000003E8u, 0x00000002u, 0x000003E8u, 0x000003E8u,
    0x000003E8u, 0x000003E8u, 0x000003E8u, 0x000003E8u, 0x000003E8u, 0x000003E8u, 0x00000010u, 0x00000008u,
    0x0000002Cu, 0x017002C0u, 0x00010010u, 0x379D0000u, 0x2E542ED9u, 0x196B29F1u, 0x35866F6Du, 0x14A2630Bu,
    0x4E694607u, 0x5AA91440u, 0x24E21907u, 0x000000DEu, 0x017803F1u, 0x00230003u, 0x00CCCC00u, 0x77CC0000u,
    0x00009C77u, 0x977AAAA7u, 0xBBBA0009u, 0x000977AAu, 0x77ABDDDBu, 0x88DD00F9u, 0x009F7ABDu, 0x7BDAAB88u,
    0xCCA80097u, 0x0F97ADFCu, 0xAA4111EBu, 0x11370FF7u, 0x0FF7B721u, 0xBA31112Fu, 0x112F0FF7u, 0x0FF7B871u,
    0xB6B3112Fu, 0x111E0F97u, 0x0097B6A3u, 0xB6A21115u, 0x11150097u, 0x0097B6A3u, 0xB6B31113u, 0x11140097u,
    0x009FB684u, 0xA8651112u, 0x1111009Fu, 0x000FA867u, 0x7D6A2111u, 0x41110009u, 0x00097D6Du, 0x7B6D4111u,
    0x51110009u, 0x00097A88u, 0xFA867211u, 0x72110009u, 0x000097B6u, 0x97B8D511u, 0x6ACC0000u, 0x00009FADu,
    0x9F7B88DBu, 0xB8860000u, 0x00000C7Au, 0x0CF7ABD8u, 0x7ABB0000u, 0x000000C7u, 0x000977AAu, 0xCF770000u,
    0x0000000Cu, 0x00000CCCu, 0x00000010u, 0x00000008u, 0x0000002Cu, 0x010102F0u, 0x00010010u, 0x379D0000u,
    0x2E542ED9u, 0x196B29F1u, 0x35866F6Du, 0x14A2630Bu, 0x4E694607u, 0x5AA91440u, 0x24E21907u, 0x0000009Cu,
    0x011302EEu, 0x00120004u, 0x999999CCu, 0x000000CCu, 0x7AABBAA7u, 0x000099F7u, 0xBDDDDDDDu, 0x0009F77Au,
    0xA7777B88u, 0x009977ADu, 0x4222257Du, 0x0FC77AD7u, 0x411114FBu, 0x0FC77A8Au, 0xD11111FAu, 0x009F7A86u,
    0xB511112Eu, 0x00997A86u, 0x8E111114u, 0x00097AD6u, 0x6A511111u, 0x0009FAB6u, 0x68E21111u, 0x000997B8u,
    0x66A51111u, 0x0000C7ADu, 0xD68E2111u, 0x0000997Au, 0xAD6B5222u, 0x00000CF7u, 0x7AD8DA77u, 0x000000C7u,
    0xF7ABD888u, 0x0000000Cu, 0xC9F77AABu, 0x00CCC999u, 0x00000010u, 0x00000008u, 0x0000002Cu, 0x01C20340u,
    0x00010010u, 0x04218000u, 0x08017FFFu, 0x5294294Au, 0x6F7B5EF7u, 0x77BD3DEFu, 0x20E74A32u, 0x1064358Cu,
    0x18A60C42u, 0x0000258Cu, 0x014C0340u, 0x00600032u, 0x0000D4D3u, 0x4444E000u, 0x3B444444u, 0xD0000000u,
    0x44444444u, 0x00000D44u, 0x0F4444B3u, 0xB3000000u, 0x44444444u, 0x0000E444u, 0x4444D000u, 0x0D444444u,
    0x444B3000u, 0x44444444u, 0x0000000Eu, 0x4444444Du, 0x0000D444u, 0x44BD0000u, 0x3B444444u, 0x30000000u,
    0x4444444Bu, 0x00000F44u, 0x58B30000u, 0x0003C297u, 0x99995000u, 0x42222999u, 0x80000000u, 0x22999999u,
    0x0000B922u, 0xCD000000u, 0x08222227u, 0x24000000u, 0x99999222u, 0x0000B799u, 0x992295E0u, 0x04799999u,
    0x7777B000u, 0x92229777u, 0x8300000Fu, 0x29999229u, 0x00017222u, 0x9229A300u, 0xC2222999u, 0x7B000003u,
    0x29999222u, 0x0000F922u, 0x22940000u, 0x0003E722u, 0x11111000u, 0x49229C11u, 0xE0000003u, 0x27E11111u,
    0x00003622u, 0x775B3000u, 0x3162226Cu, 0x27D00000u, 0x11111C22u, 0x00001E11u, 0x11522263u, 0x31E11111u,
    0x111EE000u, 0xB52295F1u, 0x28000001u, 0x7E11B722u, 0x00016222u, 0xD7222530u, 0x42222411u, 0x29400003u,
    0x2A111492u, 0x0000E722u, 0x22810000u, 0x00031422u, 0x8C88CD00u, 0x1622275Au, 0x10000001u, 0x29411111u,
    0x00001492u, 0x1B676B30u, 0x31C9227Du, 0x22530000u, 0xB4444C72u, 0x0000111Du, 0x84822224u, 0x311E4CCCu,
    0x11111000u, 0x1147227Cu, 0x26100001u, 0x28111522u, 0x0001B722u, 0x142222B0u, 0x16222511u, 0x22610003u,
    0x27111162u, 0x00001522u, 0x038999A3u, 0x22610000u, 0x00001162u, 0x22222980u, 0x1B722222u, 0xB0000003u,
    0x72977797u, 0x300011B5u, 0xBFB86978u, 0x01B72226u, 0x665E0000u, 0x22276666u, 0xD00000F7u, 0x66572227u,
    0x00152229u, 0x74100000u, 0x11118922u, 0x7A300000u, 0x92777929u, 0x00011E87u, 0x8A922253u, 0x1F922258u,
    0x222C0003u, 0x225331B9u, 0x00001D72u, 0x03F7997Fu, 0x22240000u, 0x00003142u, 0x6692229Du, 0x11F85555u,
    0xE0000000u, 0x2226B444u, 0x63003117u, 0x22229222u, 0x0B222222u, 0x11130000u, 0x22251111u, 0xA30000E7u,
    0xE11D7222u, 0x001A2227u, 0x225D0000u, 0x03111F62u, 0x227D0000u, 0x226FFF82u, 0x00001172u, 0x77777643u,
    0x11522295u, 0x2227D000u, 0x229B111Au, 0x000011C2u, 0x01111113u, 0x2227D000u, 0x4000011Au, 0x11E62225u,
    0x01111111u, 0x10000000u, 0x22271111u, 0x6F000315u, 0x27666666u, 0x01577222u, 0x11110000u, 0x2229B111u,
    0x7D00001Cu, 0xA111A222u, 0x001D7222u, 0x2227B000u, 0x00031115u, 0x22253000u, 0x229F11E7u, 0x00000182u,
    0x11111113u, 0x01B9222Cu, 0x7222C300u, 0x2225331Fu, 0x000001E7u, 0x0311F4BBu, 0x92228300u, 0x4000001Fu,
    0xAA862222u, 0x001D88AAu, 0xA88AB000u, 0x722278AAu, 0x1300001Du, 0x2A111111u, 0x0111E722u, 0xAA888E00u,
    0x522278AAu, 0x28000011u, 0x25886222u, 0x0011B922u, 0xC2222A30u, 0x00000111u, 0x22224000u, 0x22278A87u,
    0xD0000116u, 0xA8888A88u, 0x01142229u, 0x92227300u, 0x722268AAu, 0x7E00031Fu, 0x00038222u, 0x8555A300u,
    0x40000011u, 0x66665556u, 0x0001A666u, 0x66664000u, 0xFA556666u, 0x13000011u, 0x68111111u, 0x01111C65u,
    0x66665F00u, 0xEC556666u, 0x5F000031u, 0x56666555u, 0x00011F85u, 0x18555640u, 0x00000011u, 0x555AD000u,
    0x85566665u, 0xB000031Du, 0x66666666u, 0x0011BA55u, 0x55554300u, 0xD8556666u, 0x5F000011u, 0x0003EA65u,
    0x11111300u, 0x10000001u, 0x11111111u, 0x00011111u, 0x11111000u, 0x11111111u, 0x00000001u, 0x11000000u,
    0x00001111u, 0x11111300u, 0x11111111u, 0x11000001u, 0x11111111u, 0x00031111u, 0x11111110u, 0x00000003u,
    0x11113000u, 0x11111111u, 0x10000011u, 0x11111111u, 0x00311111u, 0x11111300u, 0x11111111u, 0x11000001u,
    0x00011111u, 0x11111300u, 0x10000003u, 0x11111111u, 0x00031111u, 0x11113000u, 0x31111111u, 0x11000000u,
    0x00003111u, 0x11111300u, 0x31111111u, 0x13000000u, 0x11111111u, 0x00000311u, 0x31111110u, 0x11110000u,
    0x11111111u, 0x30000003u, 0x11111111u, 0x00003111u, 0x11113000u, 0x31111111u, 0x13000000u, 0x00001111u,
    0xDB004D00u, 0x00344443u, 0x0D444B30u, 0xCCCC44B3u, 0x0000000Du, 0x3B444D00u, 0x444B0000u, 0x44D0000Du,
    0x3000F444u, 0x00000DCFu, 0xD781A6D0u, 0x30000000u, 0x00372228u, 0x0F9222C0u, 0xB0000000u, 0x66666227u,
    0x0000000Fu, 0x3A222630u, 0x7997F000u, 0x829B000Fu, 0x5D036294u, 0x00000D59u, 0x1C941763u, 0xBD000003u,
    0xBBBBBBBBu, 0xB0000003u, 0xBBBC2229u, 0x000000BBu, 0xBBBBB000u, 0x00000BBBu, 0xBBBBB000u, 0x0152226Eu,
    0xBB300000u, 0x00DBBBBBu, 0x6B000000u, 0x1DBB7222u, 0x00000001u, 0xD3BBBBBDu, 0x0000DBBBu, 0xBC922240u,
    0x0003FBBBu, 0xE4C4F300u, 0xE5263001u, 0x99BEF924u, 0x00000EECu, 0x99A30000u, 0x830003A9u, 0x18696577u,
    0x5AE00000u, 0x22265555u, 0x53000036u, 0x265A7222u, 0x0000F722u, 0x55722500u, 0x0000F555u, 0x5569295Du,
    0x01F72227u, 0x92974300u, 0xC9229555u, 0x275D0000u, 0x18655922u, 0x6B000001u, 0x96655929u, 0x0000D622u,
    0x5A622263u, 0x00362227u, 0x17222830u, 0x48228001u, 0xD525D529u, 0x00000EEEu, 0x997E0000u, 0x43000147u,
    0x11157EB9u, 0x44D00000u, 0x22254CC4u, 0x9B000037u, 0x2C11B922u, 0x0000D722u, 0x11D72228u, 0x10001111u,
    0xD1152226u, 0x011C2229u, 0xC2229F00u, 0xB9229F11u, 0x27D30000u, 0x11111C22u, 0x27100000u, 0x29B11822u,
    0x00001422u, 0x11E72228u, 0x0037222Au, 0x18222730u, 0x55554000u, 0xCB8974C5u, 0x000DCCC8u, 0x11130000u,
    0x7A830111u, 0x11E526A7u, 0x22953000u, 0x92227A57u, 0x27E0001Bu, 0x27D11822u, 0xF0031C22u, 0x11142229u,
    0x40001111u, 0x811F7222u, 0x001E7222u, 0x69222530u, 0x18222755u, 0x22830000u, 0x31111E72u, 0x22830000u,
    0x22511162u, 0xE0001162u, 0xF11C2227u, 0x00142229u, 0x11622253u, 0xEEEEE000u, 0x92CD62A1u, 0x00382288u,
    0x4CCCD000u, 0x69B30011u, 0x001F496Fu, 0x7222C300u, 0x5222511Eu, 0x22430011u, 0x22A11D72u, 0xA3001162u,
    0x00116222u, 0x7D000000u, 0x9B11C222u, 0x00314222u, 0xF49229B0u, 0x11BBFBBBu, 0x229F0000u, 0x00003142u,
    0x229F0000u, 0x22241142u, 0xA30031F9u, 0xA1116222u, 0x00116222u, 0x3142229Fu, 0xFEEE3000u, 0x829DE827u,
    0x003D725Eu, 0xA2227D00u, 0xE6530003u, 0x00111C7Bu, 0x72227300u, 0xB922284Cu, 0x227D0031u, 0x22984C72u,
    0x7E003147u, 0xC4446222u, 0x2B00000Bu, 0x2644A222u, 0x00011622u, 0x4C922263u, 0x111B4444u, 0x22263000u,
    0x00000116u, 0x222C0000u, 0x22264482u, 0x2B000115u, 0x24114222u, 0x3031B922u, 0x01162225u, 0x98000000u,
    0x4925EEB7u, 0x003E822Cu, 0x15225D00u, 0x1E8D0001u, 0x0003114Cu, 0x55554300u, 0x14555555u, 0x555B0001u,
    0x45555555u, 0x4300011Eu, 0x55555558u, 0xCE00000Bu, 0x58455558u, 0x00031B55u, 0x555558B0u, 0x03145555u,
    0x55583000u, 0x0000031Bu, 0x888E0000u, 0x72225888u, 0xAB00001Du, 0xAC3118AAu, 0xD0011CAAu, 0x031F8AAAu,
    0x8AF00000u, 0x88A4EEE1u, 0x000EE488u, 0x11455D00u, 0x11130003u, 0x00003111u, 0x11111300u, 0x11111111u,
    0x11110000u, 0x11111111u, 0x13000011u, 0x11111111u, 0x13000011u, 0x11111111u, 0x00001111u, 0x11111110u,
    0x00111111u, 0x11113000u, 0x00000011u, 0xFFDBD000u, 0x492294DFu, 0x11000011u, 0x11031111u, 0x30001111u,
    0x00111111u, 0xEEE00000u, 0xEEEE03EEu, 0x0003EEEEu, 0x1111FD00u, 0x01100000u, 0x00000311u, 0x11113000u,
    0x31111311u, 0x11130000u, 0x11111131u, 0x30000003u, 0x11111111u, 0x10000001u, 0x11111111u, 0x00000111u,
    0x11111130u, 0x00311111u, 0x11113000u, 0x00000001u, 0x7777A000u, 0x1F569777u, 0x11000001u, 0x11003111u,
    0x30003111u, 0x00011111u, 0xEEE00000u, 0xEEE30003u, 0x00003EEEu, 0x03111100u, 0x11EE1000u, 0x111111E1u,
    0x00000003u, 0x11111000u, 0x01111111u, 0x665D0000u, 0x000000F6u, 0x00F5665Du, 0x0A666430u, 0x88880000u,
    0x00000008u, 0x996D0000u, 0x300000E5u, 0x00D9222Cu, 0x3C2229D0u, 0x99983000u, 0x0000000Cu, 0x4444F000u,
    0xF000001Eu, 0x41142227u, 0x00000E85u, 0x11622253u, 0x88840000u, 0xC8888CCCu, 0x038888CCu, 0xAA5C0000u,
    0x4AAA558Cu, 0xC3000003u, 0xAA5555AAu, 0x00000D85u, 0x55CC5AABu, 0x0003CAAAu, 0x55AA4300u, 0x045AA485u,
    0x5A5B0000u, 0x00F55ABBu, 0x99680000u, 0x00B69992u, 0x522265B0u, 0x0000B555u, 0x72225300u, 0x53000001u,
    0x26416222u, 0x000003FAu, 0x3142229Fu, 0x22273000u, 0x52229A85u, 0x01722258u, 0x2229D000u, 0x92226885u,
    0x26300003u, 0x22588622u, 0x30000C22u, 0x68862227u, 0x000F9222u, 0x852226D0u, 0x0B922268u, 0x22263000u,
    0x00E79979u, 0x85222830u, 0x00F88888u, 0x22229AB0u, 0x0000D772u, 0xC2227F00u, 0x9F000001u, 0x92266222u,
    0x3000011Fu, 0x01152226u, 0x52224000u, 0x1A222411u, 0x01A22281u, 0x72228300u, 0x6222A11Eu, 0x22C30001u,
    0x22811D72u, 0x40000172u, 0x811D7222u, 0x00016222u, 0x116222A3u, 0x01522261u, 0x22224000u, 0x001EE1D8u,
    0x56922240u, 0x001F5555u, 0xE7222810u, 0x00001111u, 0x15222630u, 0x26300001u, 0x22226722u, 0x4000001Cu,
    0x031F9222u, 0xE7227D00u, 0x1F7227D1u, 0x01E7227Eu, 0xB9229B00u, 0x42229F11u, 0x227D0001u, 0x227E1142u,
    0x7D0001C2u, 0x7D11C222u, 0x00014222u, 0x11F92294u, 0x01F7222Cu, 0xA2226300u, 0x00111111u, 0x22222253u,
    0x00182222u, 0x142229F0u, 0x00003331u, 0x1B922240u, 0x22400003u, 0x2229FF92u, 0x63000036u, 0x0011A222u,
    0x1A222A30u, 0x11822281u, 0x011C222Au, 0x16222530u, 0x1A222631u, 0x22253001u, 0x222A1116u, 0x2A300116u,
    0x25111722u, 0x10011522u, 0xF1152226u, 0x011C2227u, 0xE7222800u, 0x00000031u, 0x6888A8F3u, 0x00317222u,
    0x1E7222A3u, 0x00000003u, 0x11A22263u, 0x227E0000u, 0x2227E1A2u, 0x2A3000B9u, 0x0031E722u, 0x1E7227F0u,
    0xB116229Bu, 0x001E7229u, 0x1B9222B0u, 0x1F922241u, 0x22261000u, 0x62226557u, 0x27D0031Du, 0x22655722u,
    0x10031E59u, 0x7A572227u, 0x001E7222u, 0x182227D0u, 0xD0000003u, 0x99999996u, 0x0031F692u, 0x55722273u,
    0x000000F5u, 0x31E72228u, 0x555E0000u, 0x555B11E5u, 0x5B3000E5u, 0x00031F55u, 0x11F555D0u, 0xD11F555Du,
    0x0031F444u, 0x11B555F0u, 0x11B555F3u, 0x555D3000u, 0x1B555555u, 0x22530011u, 0x44444F52u, 0x3000111Fu,
    0x9844444Du, 0x00314222u, 0x1E4444E0u, 0x30000000u, 0x44444444u, 0x000111B4u, 0x444444E3u, 0x00000014u,
    0xA8884B00u, 0x03149229u, 0x11130000u, 0x11110311u, 0x11000011u, 0x00001111u, 0x01111110u, 0x10111111u,
    0x00011111u, 0x01111110u, 0x01111110u, 0x11110000u, 0x11111111u, 0x22240001u, 0x111111B2u, 0x00000111u,
    0x26111111u, 0x00011622u, 0x31111110u, 0x30000000u, 0x11111111u, 0x00001111u, 0x11111110u, 0x00000011u,
    0x2226CB00u, 0x0011F722u, 0x33300000u, 0x33330033u, 0x33000033u, 0x00003333u, 0x00333330u, 0x30033333u,
    0x00003333u, 0x03333330u, 0x03333330u, 0x33300000u, 0x33333333u, 0x655B0000u, 0x33333118u, 0x00000003u,
    0x6A133330u, 0x00031B55u, 0x03333330u, 0x33333333u, 0x00000033u, 0x33333300u, 0x00000033u, 0x11111000u,
    0x00311111u, 0x11110000u, 0x00000311u, 0x11300000u, 0x00001111u, 0x11110000u, 0x00001111u, 0x11130000u,
    0x00000031u, 0x11000000u, 0x00000111u, 0x00000030u, 0x98000000u, 0x00000369u, 0x0F676B00u, 0x3A776430u,
    0xC5664300u, 0x00000158u, 0xB7640000u, 0x0001A65Eu, 0xC1000000u, 0x00000D56u, 0x01E466B3u, 0xB76486C1u,
    0x668C5400u, 0x000001B5u, 0xD67A1000u, 0x0001876Bu, 0x88C30000u, 0x88CE00D8u, 0x888D00D8u, 0xC30000D8u,
    0x888F0034u, 0x8884303Cu, 0x0D8D00D8u, 0x8888F000u, 0xD8CD00ECu, 0x84300000u, 0x8C300D88u, 0x00000DC8u,
    0x8888888Bu, 0x0000F888u, 0x88888430u, 0x000DC888u, 0x888C3000u, 0x3DCC8AA8u, 0x8C000000u, 0xCA8C8A5Au,
    0xD0000003u, 0x8888AA8Cu, 0x00000148u, 0x8AAA8CD0u, 0x00014888u, 0x222C0000u, 0x222C30F9u, 0x222C00D9u,
    0x75D00082u, 0x2228303Bu, 0x222983E7u, 0x0357D382u, 0x2227B000u, 0x3C668FA2u, 0x22400000u, 0x22800B92u,
    0x30000E72u, 0x2222222Au, 0x0000E592u, 0x55555AD0u, 0x00372227u, 0x5555F000u, 0x07222755u, 0x55B00000u,
    0x22275555u, 0xB0000035u, 0x29555555u, 0x00000822u, 0x55555540u, 0x00082222u, 0x2227D000u, 0x2227D31Cu,
    0x229B0314u, 0x167F0352u, 0x22283011u, 0x22957817u, 0x01157F42u, 0x22941000u, 0x111D8722u, 0x22610000u,
    0x229F3152u, 0x00000142u, 0x22298111u, 0x000311D5u, 0xAAAAA843u, 0x00152227u, 0xAAA84300u, 0x3A2227AAu,
    0xA8CD0000u, 0x22275AAAu, 0xCD000038u, 0x295AAAA8u, 0x00003422u, 0x5AAAA8CDu, 0x003B2229u, 0x72228300u,
    0x6222A11Eu, 0x227E0011u, 0x11A94172u, 0x22263001u, 0x2228B9A6u, 0x011157B7u, 0x22613000u, 0x3111E722u,
    0x22240000u, 0x222A11F7u, 0x30000116u, 0x47222741u, 0xD0003111u, 0x7AA62226u, 0x001D7222u, 0xA62227D0u,
    0x1E72227Au, 0x2227F000u, 0x62227AA5u, 0x29B00011u, 0x229AA522u, 0x40001162u, 0x9AA59229u, 0x00315222u,
    0xB9229F00u, 0x49229F11u, 0x22730031u, 0x111C9572u, 0x2227E000u, 0x22281499u, 0x00111592u, 0x2975B000u,
    0x00015222u, 0x2229D000u, 0x92224114u, 0xB000031Fu, 0x11C92226u, 0xA3000011u, 0x61116222u, 0x0011A222u,
    0x11522253u, 0x3182227Eu, 0xA2226300u, 0xC2227D11u, 0x227E0031u, 0x227F1182u, 0x7D003142u, 0x9B114222u,
    0x0001B922u, 0xA9222C00u, 0x15222788u, 0x22730001u, 0x01114922u, 0x2222B000u, 0x22251149u, 0x00011E72u,
    0x28EA75B3u, 0x00042222u, 0x2222B000u, 0x52227C85u, 0x9A300011u, 0x22222222u, 0x7E000045u, 0x26887222u,
    0x0001E722u, 0x8862229Du, 0x01162226u, 0x62222400u, 0x15222788u, 0x222C0001u, 0x22278862u, 0x2C000115u,
    0x27885222u, 0x00011A22u, 0xC555B300u, 0x1D55555Cu, 0x55F30003u, 0x00311D55u, 0x5554E000u, 0x555F311Bu,
    0x000011E5u, 0x4111EC4Du, 0x003FC444u, 0x444F3000u, 0xF7222544u, 0xCCD00001u, 0xCCC44444u, 0xB30000ECu,
    0x4B4CC444u, 0x00011FC4u, 0x4CC444B3u, 0x031DC44Bu, 0xC444B300u, 0x1D444B4Cu, 0x44430003u, 0x44444CC4u,
    0x4E00031Eu, 0x444CC444u, 0x00001E44u, 0x11111300u, 0x11111111u, 0x11130000u, 0x00031111u, 0x11113000u,
    0x11110311u, 0x00000111u, 0x11311113u, 0x00111111u, 0x4BBB4000u, 0x1C22277Cu, 0x11300001u, 0x11111111u,
    0x13000111u, 0x11111111u, 0x00001111u, 0x11111113u, 0x00111111u, 0x11111300u, 0x11111111u, 0x11130000u,
    0x11111111u, 0x11000011u, 0x11111111u, 0x00001111u, 0x33333000u, 0x03333333u, 0x33300000u, 0x00000333u,
    0x33330000u, 0x33330003u, 0x00000033u, 0x30003333u, 0x00333333u, 0x99955400u, 0x11B89999u, 0x33300000u,
    0x33333333u, 0x30000033u, 0x33333333u, 0x00000333u, 0x33333330u, 0x00033333u, 0x33333000u, 0x03333333u,
    0x33300000u, 0x33333333u, 0x30000003u, 0x33333333u, 0x00000333u, 0x11111100u, 0x31111111u, 0x11111300u,
    0x00311111u, 0x00DC4300u, 0x030BB300u, 0x30000000u, 0x000000D0u, 0x30000000u, 0x00000DDDu, 0x30000000u,
    0x00030000u, 0xB3000000u, 0x0000030Bu, 0xB0D30000u, 0x0D300000u, 0x0000003Du, 0x00003000u, 0x00458530u,
    0x04226D00u, 0x7AD00000u, 0x00000D86u, 0x74000000u, 0x0003C277u, 0x61000000u, 0x3A994F72u, 0x53000000u,
    0x00000822u, 0x8696B000u, 0x77740003u, 0x98000352u, 0x0E697F89u, 0x54300000u, 0x00185CC6u, 0x031F8430u,
    0x34581300u, 0x86830000u, 0x0000311Eu, 0xA6C30000u, 0x0001A64Eu, 0xC1000000u, 0x1D88F148u, 0x13000000u,
    0x000034ACu, 0x11B55D00u, 0xFEA5B001u, 0x84000DA5u, 0x01F88D1Cu, 0x25100000u, 0x03462292u, 0x55430000u,
    0x86655555u, 0xC3000003u, 0x66655555u, 0xA6665566u, 0xCD00000Du, 0x66555665u, 0xAB00000Bu, 0x65555666u,
    0x000000C5u, 0x555666ABu, 0x0000C565u, 0x5666A400u, 0x00456655u, 0x55A43000u, 0x45555555u, 0x68300000u,
    0x00001C65u, 0x11B66683u, 0x55681003u, 0x81000114u, 0x01114655u, 0xC8100000u, 0x017222AEu, 0x44B10000u,
    0x92225444u, 0xB100000Fu, 0x229C4444u, 0x22294F52u, 0x27D00004u, 0x4444BA22u, 0x2940000Eu, 0x225FBC92u,
    0xC0000372u, 0x5FB47222u, 0x00036222u, 0xB4722280u, 0x0362227Bu, 0x6222A300u, 0x522274BBu, 0x29B00000u,
    0x00001422u, 0x03B22224u, 0x9222C000u, 0x2400011Fu, 0x0031B922u, 0xA55558B3u, 0x0182227Au, 0x6658D000u,
    0x62227666u, 0x58D00001u, 0x22276666u, 0x62228DC9u, 0x22830001u, 0x11111172u, 0x227E0031u, 0x227BFF62u,
    0x7D000142u, 0x7BFF5222u, 0x0001B222u, 0xFD52227Du, 0x01F92294u, 0x82229F00u, 0xD7229CFFu, 0x22630001u,
    0x30001152u, 0x01152225u, 0xA2226100u, 0x27D00011u, 0x00011822u, 0x4B47222Cu, 0x01E72226u, 0x52225300u,
    0x492228BBu, 0x226D0001u, 0x9229CB89u, 0xB5666556u, 0x229B0031u, 0x300031F9u, 0x222C3003u, 0x65655559u,
    0x28300118u, 0x55555722u, 0x30011865u, 0x5557222Au, 0x011C6565u, 0x57222530u, 0x14655655u, 0x22240001u,
    0x800031F9u, 0x031D7222u, 0xD7222C00u, 0x22C30001u, 0xE0001E72u, 0xD11C2227u, 0x01142227u, 0xE7222800u,
    0x15222611u, 0x222A0001u, 0x9222C116u, 0x1111111Du, 0x22263001u, 0x00000115u, 0x2227D000u, 0x1111111Au,
    0x29B00311u, 0x11111822u, 0x40001111u, 0x11182222u, 0x00111111u, 0x14222240u, 0x11111111u, 0x22263000u,
    0x7300011Au, 0x0011A222u, 0x1C2227D0u, 0x227F0001u, 0x530011C2u, 0x81116222u, 0x00116222u, 0x67999830u,
    0x1F7997A5u, 0x999A3003u, 0x7999AA57u, 0x11865556u, 0x79951000u, 0x03C65567u, 0x9997F000u, 0xF5555557u,
    0x97B00011u, 0x55555779u, 0x400031D5u, 0x55579999u, 0x0031E555u, 0x567997C0u, 0x31EA5555u, 0x69998300u,
    0x9830001Eu, 0x0001E699u, 0x1E799983u, 0x999A1000u, 0x63000116u, 0x75AA6999u, 0x0031D579u, 0xDEEEE100u,
    0x11EEEE1Eu, 0xEEE10000u, 0xEEEE11DEu, 0x011DDDDDu, 0xAEE10000u, 0x031DDDF6u, 0xEEE13000u, 0x1EDDDDDEu,
    0xE1100000u, 0xDDDDDEEEu, 0x1000001Eu, 0xDDDEEEE1u, 0x00001EDDu, 0xDEEEE110u, 0x001EDDDDu, 0x1EEEE000u,
    0xEE000011u, 0x000111EEu, 0x31EEEEE0u, 0xEEEE3000u, 0x10000311u, 0xEDDDEEEEu, 0x0001111Eu, 0x11111100u,
    0x01111111u, 0x11110000u, 0x11111111u, 0x01111111u, 0x41110000u, 0x01111D66u, 0x11113000u, 0x11111111u,
    0x11300003u, 0x11111111u, 0x30000311u, 0x11111111u, 0x00001111u, 0x11111110u, 0x00111111u, 0x11111000u,
    0x11000001u, 0x00001111u, 0x01111110u, 0x11110000u, 0x10000011u, 0x11111111u, 0x00001111u, 0x88430000u,
    0x00003186u, 0xBBE00000u, 0x00000111u, 0x11100000u, 0x00000311u, 0xBD00BB00u, 0x00000003u, 0x3488D000u,
    0x13000000u, 0x0000FC84u, 0x0000BBBBu, 0xBB0DBB00u, 0xC3D88B00u, 0x00000348u, 0xCE000000u, 0x00000DC8u,
    0x4CCD0000u, 0x00000003u, 0xCCC00000u, 0x87799764u, 0x00000001u, 0x42253000u, 0x6D000000u, 0x00003469u,
    0x5D000000u, 0x003A2759u, 0x10000000u, 0xB677976Au, 0x74F79510u, 0x00000389u, 0x00D4D000u, 0x83000000u,
    0x00003A22u, 0xD8798300u, 0x00000003u, 0x26625D00u, 0x000000D7u, 0x8CB00000u, 0x00000DC8u, 0xEC5ACFC8u,
    0x00000001u, 0x4A8FF00Du, 0x68000D00u, 0x0003FDF8u, 0x68FD0000u, 0x00FA6CFAu, 0xBD000000u, 0xDB8A8B4Au,
    0x00000003u, 0x4BF444F0u, 0x000001F4u, 0x00EA6C00u, 0x1D000000u, 0x00000B4Fu, 0xFD4C4300u, 0xD000000Fu,
    0x8E14AC00u, 0x00000045u, 0x5A55AB00u, 0x0003A975u, 0x229B0000u, 0x99977767u, 0x53000008u, 0x97777229u,
    0x0000E722u, 0x7772296Eu, 0x00362227u, 0x79296D00u, 0x06299777u, 0x296F0000u, 0x29977779u, 0x7B000006u,
    0x99777929u, 0x00000829u, 0x77792974u, 0x031C2229u, 0x17222800u, 0x37222811u, 0x227F0000u, 0x229B1349u,
    0x610000F9u, 0x7D118222u, 0x00034229u, 0x88ACC76Du, 0x00082614u, 0x22263000u, 0x2227E1E5u, 0x2530000Au,
    0x2511E622u, 0x30003722u, 0x11152225u, 0x00362226u, 0x1A222630u, 0x352227E1u, 0x2227E000u, 0x2227E118u,
    0x27D00038u, 0x29F11822u, 0xD0000C22u, 0x74142229u, 0x00142222u, 0x1C2227D0u, 0x142227F3u, 0x22253000u,
    0x22251315u, 0x24000015u, 0x2C11F722u, 0xD003D722u, 0xEE624E67u, 0x003A2C1Eu, 0x92224000u, 0x7222C11Fu,
    0x29B0001Eu, 0x29411B92u, 0x40001F92u, 0x411F9222u, 0x001D7229u, 0x1D722243u, 0x1E7222C1u, 0x7222C300u,
    0x6222811Eu, 0x22830011u, 0x22A11E72u, 0xA3001162u, 0x75546222u, 0x00316222u, 0x1E722283u, 0x11622251u,
    0x9222B000u, 0x7222C11Bu, 0x27D0031Du, 0x27F11C22u, 0x53031492u, 0x11F79EE9u, 0x001F9511u, 0xA2226300u,
    0x82227111u, 0x22530031u, 0x226111A2u, 0x63001152u, 0x61118222u, 0x0011A222u, 0x11C2227Eu, 0x11822271u,
    0x42227D00u, 0x82227E11u, 0x229B0031u, 0x227D11B9u, 0x24003142u, 0x9B467222u, 0x00314922u, 0x11B9229Fu,
    0x3149229Fu, 0xA2226300u, 0xA2226111u, 0x22830011u, 0x22A11E72u, 0x9D001162u, 0x1FF52C17u, 0x0031C981u,
    0xE7222830u, 0xE6222A11u, 0x222C0001u, 0x222A4B82u, 0x280001D6u, 0x254B8922u, 0x0001E622u, 0x4BC9222Au,
    0x01152225u, 0x49222530u, 0x1522264Bu, 0x22253001u, 0x22274447u, 0x2630011Au, 0x274C6222u, 0x00011822u,
    0x44472225u, 0x011A2227u, 0x82222400u, 0xE722254Bu, 0x22730001u, 0x22984B62u, 0x63003149u, 0xA8C44BA2u,
    0x00011B66u, 0x1C666A10u, 0x146665D1u, 0x665F0001u, 0xA6666566u, 0x6B00011Eu, 0x66656666u, 0x00011E86u,
    0x65666654u, 0x011E8566u, 0x66666400u, 0x1E856665u, 0x666C0003u, 0xC5666566u, 0x2A300311u, 0x66655669u,
    0x000011C5u, 0xA566665Bu, 0x031F6666u, 0x6666AE00u, 0x146665A6u, 0x66C30001u, 0x666A5666u, 0xD3000118u,
    0x57666796u, 0x00031114u, 0x11111130u, 0x11111130u, 0x11110000u, 0x11111111u, 0x11000011u, 0x11111111u,
    0x00001111u, 0x11111111u, 0x00111111u, 0x11111100u, 0x11111111u, 0x11110000u, 0x11111111u, 0x56B00011u,
    0x1111111Fu, 0x00001111u, 0x11111111u, 0x00111111u, 0x11111300u, 0x11111111u, 0x11130000u, 0x11111111u,
    0x10000311u, 0x1EB4C4F1u, 0x00003111u, 0x31111100u, 0x31111100u, 0x11130000u, 0x11111111u, 0x13000001u,
    0x11111111u, 0x00000111u, 0x11111113u, 0x00031111u, 0x11111300u, 0x03111111u, 0x11130000u, 0x11111111u,
    0x1ED00003u, 0x11111111u, 0x00000311u, 0x11111113u, 0x00311111u, 0x11111000u, 0x31111111u, 0x11100000u,
    0x11111111u, 0x00000011u, 0x11111111u, 0x00000001u, 0x11100000u, 0x00000001u, 0x03333300u, 0x56A3C66Bu,
    0x0000000Eu, 0x78300000u, 0x00000186u, 0xEA55AD00u, 0x5D000000u, 0x0B6683A6u, 0x30000000u, 0x5555558Bu,
    0x00000BA5u, 0x04555AE0u, 0x30000000u, 0xA77D4778u, 0x00000001u, 0x59630000u, 0x0000031Fu, 0x36222A30u,
    0x74000000u, 0x0E576E87u, 0xA3000000u, 0x298C6229u, 0x00000C22u, 0xBA222253u, 0x000DBBBBu, 0xDCB30000u,
    0xCCC30000u, 0x8A8E11F8u, 0xB30000D8u, 0xCFF1BCCCu, 0x0000D888u, 0x8A922240u, 0x000BCCCCu, 0x48CCB000u,
    0xF88A4111u, 0x25430000u, 0x298BB722u, 0x000031C7u, 0x7672229Bu, 0x00B92227u, 0xCCC4D000u, 0xCCCCCCCCu,
    0x000D4CCCu, 0xCCB30000u, 0x0000000Bu, 0x0BC00000u, 0xE595D000u, 0x22240000u, 0x222C11F9u, 0x7E0000D9u,
    0x24118222u, 0x0000F922u, 0x65722261u, 0x00B92227u, 0xA2226100u, 0x42229F11u, 0x22630000u, 0x92264C22u,
    0x300031B7u, 0x11D72225u, 0x00D9222Au, 0x62227B00u, 0x66222296u, 0x00352229u, 0x2226F000u, 0x000000E7u,
    0x042C3000u, 0x01C99B10u, 0x2227D000u, 0x2227D31Cu, 0x2530001Cu, 0x27E11522u, 0x00031822u, 0x11F7222Cu,
    0x00E72228u, 0xD7222C00u, 0x15222511u, 0x22A30003u, 0x227E1162u, 0xC0000182u, 0xE11B9222u, 0x031A2227u,
    0x149227D0u, 0x1182227Eu, 0x003C2226u, 0x22227D00u, 0x00000017u, 0xB47740B0u, 0xB0000000u, 0x03CCCCC8u,
    0x001E525Eu, 0x7222C300u, 0x6222A11Eu, 0x29B00011u, 0x22A11B92u, 0xD0001172u, 0xF11C2227u, 0x03142227u,
    0x142227D0u, 0x1F922241u, 0x229F0003u, 0x22241142u, 0x610001D7u, 0x7C447222u, 0x001E6222u, 0x115222A3u,
    0x77792224u, 0x00115299u, 0x69227F00u, 0xF000001Fu, 0x99922997u, 0x71000036u, 0x01622222u, 0x40000000u,
    0x0001B897u, 0x49227F00u, 0x49229F11u, 0x22530031u, 0x227D1152u, 0x830031C2u, 0x511E7222u, 0x00115222u,
    0x1E722283u, 0x11A22271u, 0x22263000u, 0x2227F11Au, 0x28000318u, 0x66666222u, 0x0011EC56u, 0xF1B9227Fu,
    0xFFD49227u, 0x0031EFDDu, 0x1DBBE300u, 0x30000011u, 0xFFF528FFu, 0x8E00001Eu, 0x01D88888u, 0x8555B000u,
    0x2A100003u, 0x000011D6u, 0x52222C00u, 0x15222788u, 0x22730001u, 0x22268862u, 0x9F000116u, 0x258A7222u,
    0x0031D622u, 0x8A722253u, 0x01D72225u, 0x9222C300u, 0x52227A8Bu, 0x29F00011u, 0x11111A22u, 0x00011111u,
    0x78A92228u, 0x88852222u, 0x00011188u, 0x11111000u, 0x10000001u, 0x111F9711u, 0x13000011u, 0x01111111u,
    0x52227100u, 0x827F0003u, 0x000000D1u, 0x88884100u, 0x1F888CC8u, 0xCCF30003u, 0x2229A88Cu, 0x25300314u,
    0x88884622u, 0x00011148u, 0x88CCCCD3u, 0x011C2227u, 0x48884300u, 0x1488888Eu, 0x88F00031u, 0x11111D88u,
    0x00003111u, 0x8888888Eu, 0x88888888u, 0x000031CAu, 0x03330000u, 0x3311B8E3u, 0x13000003u, 0x00111111u,
    0xE8888300u, 0x1B798001u, 0x00000001u, 0x11111300u, 0x11111111u, 0xBBB4D000u, 0xA2226BBBu, 0x22B00011u,
    0x11111492u, 0x30001111u, 0x5BBBBB44u, 0x001E6222u, 0x11111000u, 0x11111111u, 0x11100001u, 0x00001111u,
    0x11111111u, 0x11111111u, 0x00000111u, 0x00011100u, 0x11111300u, 0x1118AF01u, 0x33333000u, 0x01333333u,
    0x6666B000u, 0x1C566666u, 0x66C00031u, 0x33331186u, 0x10000333u, 0x66666665u, 0x0031E856u, 0x33333000u,
    0x33333333u, 0x31300000u, 0x00000333u, 0x33333330u, 0x33333333u, 0x00000333u, 0x00031100u, 0x33331000u,
    0x01111100u, 0x11111000u, 0x11111111u, 0x11100003u, 0x00000111u, 0x30000000u, 0x11111111u, 0x00011111u,
    0x00011100u, 0x11113000u, 0x31111111u, 0x11100000u, 0x00000311u, 0x30000000u, 0x11111111u, 0x00003111u,
    0x00000010u, 0x00000008u, 0x0000002Cu, 0x00010010u, 0x10847FFFu, 0x6E80318Bu, 0x20C2779Au, 0x524F3D41u,
    0x518055A1u, 0x4E514D60u, 0x62F6626Eu, 0x80002509u, 0x0000050Cu, 0x000003C0u, 0x00A00004u, 0x33333333u,
    0x93333333u, 0x33333333u, 0x93333333u, 0x33333333u, 0x93333333u, 0x33333333u, 0x93333333u, 0x33333333u,
    0x93333333u, 0x88888888u, 0x98888888u, 0x99999999u, 0x99999999u, 0x99999999u, 0x99999999u, 0x99999999u,
    0x99999999u, 0x99999999u, 0x99999999u, 0x99999999u, 0x99999999u, 0x99999999u, 0x99999999u, 0x99999999u,
    0x99999999u, 0x99999999u, 0x99999999u, 0x99999999u, 0x99999999u, 0x99999999u, 0x99999999u, 0x33333333u,
    0x93333333u, 0x33333333u, 0x93333333u, 0x33333333u, 0x93333333u, 0x33333333u, 0x93333333u, 0x33333333u,
    0x93333333u, 0x88888888u, 0x98888888u, 0x99999999u, 0x99999999u, 0x99999999u, 0x99999999u, 0x99999999u,
    0x99999999u, 0x99999999u, 0x99999999u, 0x99999999u, 0x99999999u, 0x99999999u, 0x99999999u, 0xA9999999u,
    0x9999999Au, 0xE5689999u, 0x9999A865u, 0xD7BC9999u, 0x99998C7Bu, 0x88899999u, 0x9999A888u, 0x33333333u,
    0x93333333u, 0x33333333u, 0x93333333u, 0x33333333u, 0x93333333u, 0x33333333u, 0x93333333u, 0x33333333u,
    0x93333333u, 0x88888888u, 0x98888888u, 0x99999999u, 0x99999999u, 0x99999999u, 0x99999999u, 0x99999999u,
    0x99999999u, 0x89999999u, 0x9999999Au, 0x55599999u, 0x99999955u, 0x44258A99u, 0x9999957Du, 0x00025999u,
    0x99995240u, 0xD00D5999u, 0x99A85D00u, 0xCD4CCC89u, 0x998C7C4Du, 0x98998A89u, 0x99998888u, 0x88333333u,
    0x93333338u, 0xE1533333u, 0x93333381u, 0x4C263333u, 0x9333381Du, 0x004E3333u, 0x93333570u, 0x700E9333u,
    0x933336D0u, 0x70479888u, 0x98889E40u, 0x00456999u, 0x99999540u, 0x00C5A999u, 0x99999674u, 0x4CE59999u,
    0x9999855Cu, 0xE1689999u, 0x99999855u, 0x55A99999u, 0x99999986u, 0x11899999u, 0x99999991u, 0x11A99999u,
    0x99999995u, 0x11989999u, 0x99999985u, 0xBBC78899u, 0x999987C7u, 0x88889999u, 0x99999988u, 0x33333333u,
    0x93333333u, 0x88333333u, 0x93333338u, 0x25583333u, 0x93333855u, 0x0C713333u, 0x9333317Cu, 0x00025333u,
    0x93335200u, 0xC00C5999u, 0x99995C00u, 0x000C5999u, 0x99991C00u, 0x00025999u, 0x99995C40u, 0x04C56999u,
    0x999961C4u, 0x65568999u, 0x99999652u, 0x15699999u, 0x99999965u, 0x51699999u, 0x99999961u, 0x11699999u,
    0x99999965u, 0xE1689899u, 0x99889861u, 0x777CCCCAu, 0x99CC8C77u, 0x88899899u, 0x99888888u, 0x33333333u,
    0x93333333u, 0x88333333u, 0x93333338u, 0x25183333u, 0x93333851u, 0x44758333u, 0x93338174u, 0x00426333u,
    0x93336240u, 0xD0041999u, 0x99995C40u, 0xD04C5999u, 0x99991C00u, 0x00471999u, 0x99995740u, 0x44C56999u,
    0x999965C4u, 0x22168999u, 0x9999A652u, 0x55699999u, 0x99999861u, 0x11689999u, 0x99999965u, 0xE1699999u,
    0x99999861u, 0x11699988u, 0x98999961u, 0xB77899CCu, 0x9C7998C7u, 0x88999998u, 0x98999998u, 0x33333333u,
    0x93333333u, 0x88333333u, 0x93333338u, 0x25583333u, 0x93333851u, 0x44718333u, 0x93338574u, 0x00475333u,
    0x9333A240u, 0xD00C1999u, 0x99991C40u, 0xD04C1899u, 0x99991C00u, 0x00075999u, 0x99995740u, 0x44716999u,
    0x999861C4u, 0x22568999u, 0x99999652u, 0x55699999u, 0x99999965u, 0x11699999u, 0x99999961u, 0x51699999u,
    0x99999961u, 0x11689999u, 0x99999865u, 0xB7799999u, 0x99999977u, 0x98999999u, 0x99999A88u, 0x33333333u,
    0x93333333u, 0x33333333u, 0x93333333u, 0x5A333333u, 0x93336555u, 0xBE533333u, 0x93352B44u, 0x4D256333u,
    0x9362D0BDu, 0x44B11688u, 0x985B442Bu, 0x4D211599u, 0x9852D444u, 0xB2111599u, 0x9995EBDDu, 0x55111199u,
    0x99996551u, 0x8A511599u, 0x999999A9u, 0x995115A9u, 0x99999999u, 0x9A511599u, 0x99999999u, 0x99111199u,
    0x99999999u, 0x88E11599u, 0x99999999u, 0xCCC7B789u, 0x9999998Cu, 0x88888899u, 0x99999999u, 0x33333333u,
    0x93333333u, 0x88333333u, 0x93333338u, 0x25583333u, 0x93333851u, 0x44718333u, 0x93338574u, 0x00475333u,
    0x9333A240u, 0xD00C1999u, 0x99991C40u, 0xD04C1899u, 0x99991C00u, 0x00075999u, 0x99995740u, 0x44716999u,
    0x999861C4u, 0x22568999u, 0x99999652u, 0x55699999u, 0x99999965u, 0x11699999u, 0x99999961u, 0x51699999u,
    0x99999961u, 0x11689999u, 0x99999865u, 0xB7799999u, 0x99999977u, 0x98999999u, 0x99999A88u, 0x33333333u,
    0x93333333u, 0x33333333u, 0x93333333u, 0x5555A333u, 0x93333336u, 0xB44BE533u, 0x93333352u, 0x4DB0D263u,
    0x9333652Du, 0x4B244B58u, 0x988611BDu, 0x4404DE69u, 0x99951124u, 0xBDDBE5A9u, 0x9995111Eu, 0x55156999u,
    0x99A51115u, 0x8A999999u, 0x98A5115Au, 0x99999999u, 0x9991115Au, 0x89999999u, 0x9995115Au, 0x99999999u,
    0x99A5111Au, 0x88999999u, 0x99AE11E8u, 0xCC999999u, 0x99877BCCu, 0x99999999u, 0x99988888u, 0x00000010u,
    0x00000008u, 0x0000002Cu, 0x00010010u, 0x77BD7FFFu, 0x67396F7Bu, 0x56B55EF7u, 0x42104E73u, 0x2D6B35ADu,
    0x1CE72529u, 0x0C6314A5u, 0x80000421u, 0x0000008Cu, 0x00100004u, 0xFFFFFFFFu, 0xFFFFFFFFu, 0xFFA9AEFFu,
    0xFFC9EFFFu, 0xD62046CFu, 0xFF704BFFu, 0x6830CC5Cu, 0xFF50047Du, 0x7C24FFA9u, 0xFE301D80u, 0x8BD88F8Au,
    0xFC774FA0u, 0x3CF3077Du, 0xFA9FAB60u, 0x3A91006Fu, 0xF8BF71A7u, 0x607910AFu, 0xF65D32FCu, 0x40CFA3DFu,
    0xF40457DEu, 0x13FFD7FFu, 0xE305F748u, 0xB58FA8FFu, 0xF808F326u, 0xFE597CFFu, 0xFF76A11Au, 0xFFE44FFFu,
    0xFFF9657Eu, 0xFFFCCFFFu, 0xFFFFFFFFu, 0xFFFFFFFFu, 0xFFFFFFFFu, 0x00000010u, 0x00000008u, 0x0000002Cu,
    0x01D603C0u, 0x00010010u, 0x55A07FFFu, 0x51804540u, 0x2CC04D60u, 0x49403D00u, 0x20804520u, 0x248038E0u,
    0x2C8134C1u, 0x00002061u, 0x00000124u, 0x01680386u, 0x00140007u, 0xFFFFFFFFu, 0xFFFFFFFFu, 0xFFFFFFFFu,
    0xFFFFFFFFu, 0x76CEFFFFu, 0xDA843334u, 0xFFFFFFFFu, 0x7CFFFFFFu, 0x33333333u, 0xFF643333u, 0xFFFFFFFFu,
    0x3333334Cu, 0x33333333u, 0xFFFF6333u, 0x33338FFFu, 0x33333333u, 0x33333313u, 0x38FFFFF7u, 0x51333333u,
    0x315EEEEEu, 0xFF433333u, 0x3333336Fu, 0xEEEEE413u, 0x333317EEu, 0x333FF233u, 0xE9133333u, 0x19EEEEEEu,
    0xD3333333u, 0x33333336u, 0xEE56EEA1u, 0x33318EEEu, 0x33348333u, 0x9EE41333u, 0xEEEEE911u, 0x33333331u,
    0x13333334u, 0xEEEEEEEBu, 0x331AEEEEu, 0x33363333u, 0xEEEEA133u, 0xEEEEEEEEu, 0x7333333Eu, 0xE313333Eu,
    0x7444449Eu, 0x315EEEEEu, 0x336FC333u, 0x317EE933u, 0xEEE51333u, 0xF73312EEu, 0xEB4337FFu, 0x33333335u,
    0x169BBBB7u, 0x7FFFFD33u, 0x33311133u, 0x11133333u, 0xFFD43111u, 0x3336FFFFu, 0x33333333u, 0x83333333u,
    0xFFFFFFFFu, 0x333336FFu, 0x33333333u, 0xFFFFFD83u, 0xFFFFFFFFu, 0x3333486Du, 0xFFFFC624u, 0xFFFFFFFFu,
    0xFFFFFFFFu, 0xFFFFFFFFu, 0xFFFFFFFFu, 0x00000010u, 0x00000008u, 0x0000002Cu, 0x01D803C0u, 0x00010010u,
    0x49607FFFu, 0x51804540u, 0x390059A0u, 0x20804120u, 0x248028A0u, 0x3CE134C1u, 0x18211840u, 0x00001001u,
    0x00000174u, 0x01280385u, 0x00140009u, 0xFFFFFFFFu, 0xFFFFFFFFu, 0xFFFFFFFFu, 0xFFFFFFFFu, 0xFFFFFFFFu,
    0xFFFFFFFFu, 0x333116A8u, 0xFFFF8B21u, 0xFFFFFFFFu, 0xFFFFFFFFu, 0x33331AFFu, 0x33333333u, 0xFFFFFFB1u,
    0xFFFFFFFFu, 0x331AFFFFu, 0x33333333u, 0xB3333333u, 0xFFFFFFFFu, 0x6FFFFFFFu, 0x33333333u, 0x33333333u,
    0xFFF13334u, 0xFFFFFFFFu, 0x933332FFu, 0xDDDDDDDDu, 0x333ADDDDu, 0xFFFFFF13u, 0x33BFFFFFu, 0xDDDDC333u,
    0xDDDDDDDDu, 0xF233336Du, 0xFFFFFFFFu, 0xC333333Fu, 0x344ADDDDu, 0x335DDDDDu, 0xFFFFA333u, 0x333BFFFFu,
    0xDDDDC333u, 0xDDDD6629u, 0x2333336Du, 0xFFFFFFFFu, 0xC3333331u, 0xDDDDDDDDu, 0x3338EDDDu, 0xFFFF3333u,
    0x3331FFFFu, 0xDDDDC333u, 0xDDDD999Du, 0x3333332Du, 0xFFFFFFFFu, 0xC3333336u, 0x444ADDDDu, 0x335DDDDDu,
    0xFFFF1333u, 0x3338FFFFu, 0xDDDDC333u, 0xDDDD2218u, 0xA333335Du, 0xFFFFFFFFu, 0xC333336Fu, 0xDDDDDDDDu,
    0x331DDDDDu, 0xFFFFF133u, 0x31FFFFFFu, 0x9997A333u, 0x89999999u, 0xF8333331u, 0xFFFFFFFFu, 0x43331FFFu,
    0x44444444u, 0x33334444u, 0xFFFFFF81u, 0xFFFFFFFFu, 0x3333333Bu, 0x33333333u, 0xFFFF2333u, 0xFFFFFFFFu,
    0x36FFFFFFu, 0x33333333u, 0xF8233333u, 0xFFFFFFFFu, 0xFFFFFFFFu, 0x125AFFFFu, 0xA6213333u, 0xFFFFFFFFu,
    0xFFFFFFFFu, 0xFFFFFFFFu, 0xFFFFFFFFu, 0xFFFFFFFFu, 0xFFFFFFFFu, 0x00000010u, 0x00000008u, 0x0000002Cu,
    0x01D703C0u, 0x00010010u, 0x14037FFFu, 0x14051C06u, 0x200C2009u, 0x200F1409u, 0x2013180Eu, 0x24161C11u,
    0x24181810u, 0x00002419u, 0x0000014Cu, 0x01000386u, 0x00140008u, 0xFFFFFFFFu, 0xFFFFFFFFu, 0xFFFFFFFFu,
    0xFFFFFFFFu, 0xFFFFFFFFu, 0xDDBB74FFu, 0xFF57BDDDu, 0xFFFFFFFFu, 0x2FFFFFFFu, 0xDDDDDDB7u, 0x9BDDDDDDu,
    0xFFFFFFF4u, 0xD7FFFFFFu, 0xEEEEEEEDu, 0xEEEEEEEDu, 0xFFFFFF9Du, 0xDDBFFFFFu, 0xB99999BDu, 0xB999999Du,
    0xFFFF4BDDu, 0xEDDB2FFFu, 0x61111119u, 0x6111111Cu, 0xFFF4DDDDu, 0xDDDD9FFFu, 0x9311118Bu, 0x9611118Bu,
    0xFFFBDDDDu, 0xDDDDD4FFu, 0xE81113EEu, 0xEA1113DEu, 0xFF7DDDDDu, 0xDDDDDBFFu, 0xE81113DDu, 0xEC1113BDu,
    0xFFBDDDDDu, 0xDDDDDDFFu, 0xE81113DDu, 0xEC1113BDu, 0xFFDDDDDDu, 0xDDDDDDFFu, 0xE81113DDu, 0xEC1113BDu,
    0xFFDDDDDDu, 0xDDDDDBFFu, 0xE81113DDu, 0xEC1113BDu, 0xFFBDDDDDu, 0xDDDDD5FFu, 0xE81113EEu, 0xEA1113DEu,
    0xFF7DDDDDu, 0xEDDDBFFFu, 0x82111169u, 0x83111169u, 0xFF2DDDDDu, 0xEDDB4FFFu, 0x61111119u, 0x6111111Au,
    0xFFF5DDDDu, 0xDDB4FFFFu, 0xDBDDDBDEu, 0xDBDDDBDEu, 0xFFFF5DDDu, 0xD9FFFFFFu, 0xDDDDDDDDu, 0xDDDDDDDDu,
    0xFFFFF4BDu, 0x4FFFFFFFu, 0xDDDDDDDBu, 0xBDDDDDDDu, 0xFFFFFFF5u, 0xFFFFFFFFu, 0xDDBBA52Fu, 0xF479BDDDu,
    0xFFFFFFFFu, 0xFFFFFFFFu, 0xFFFFFFFFu, 0xFFFFFFFFu, 0xFFFFFFFFu, 0x00000010u, 0x00000008u, 0x0000002Cu,
    0x01D503C0u, 0x00010010u, 0x00007FFFu, 0x00001403u, 0x1C071405u, 0x200A1406u, 0x200C1809u, 0x2010200Fu,
    0x24162013u, 0x00002418u, 0x0000014Cu, 0x01140386u, 0x00140008u, 0x11111111u, 0x11111111u, 0x11111111u,
    0x11111111u, 0x11111111u, 0xEEDDA731u, 0x137BDEEEu, 0x11111111u, 0x31111111u, 0xEEEEEEDBu, 0xCDEEEEEEu,
    0x11111117u, 0xEA111111u, 0xEEEEEEEEu, 0xEEEEEEEEu, 0x111113CEu, 0xEED31111u, 0xCCDEEEEEu, 0xEEEEDCCCu,
    0x11117DEEu, 0xEEED3111u, 0x222CEEEEu, 0xEEEC2222u, 0x1117EEEEu, 0xEEEEC111u, 0x62ADEEEEu, 0xEEEEB466u,
    0x113DEEEEu, 0xEEEEE711u, 0x64EEEEEEu, 0xEEEEE866u, 0x11AEEEEEu, 0xEEEEED11u, 0x64EEEEEEu, 0xEEEEE866u,
    0x11DEEEEEu, 0xEEEEEE11u, 0x64EEEEEEu, 0xEEEEE866u, 0x11EEEEEEu, 0xEEEEEE11u, 0x64EEEEEEu, 0xEEEEE866u,
    0x11EEEEEEu, 0xEEEEED11u, 0x64EEEEEEu, 0xEEEEE866u, 0x11DEEEEEu, 0xEEEEE711u, 0x64EEEEEEu, 0xEEEEE866u,
    0x11BEEEEEu, 0xEEEED311u, 0x628CEEEEu, 0xEEED8266u, 0x115EEEEEu, 0xEEED7111u, 0x222CEEEEu, 0xEEED6222u,
    0x1119EEEEu, 0xEED71111u, 0xEDEEEEEEu, 0xEEEEEDEEu, 0x11119EEEu, 0xEC311111u, 0xEEEEEEEEu, 0xEEEEEEEEu,
    0x111117DEu, 0x71111111u, 0xEEEEEEEDu, 0xDEEEEEEEu, 0x11111119u, 0x11111111u, 0xEEDDB931u, 0x17ACDEEEu,
    0x11111111u, 0x11111111u, 0x11111111u, 0x11111111u, 0x11111111u, 0x00000010u, 0x00000008u, 0x0000002Cu,
    0x01D603C0u, 0x00010010u, 0x085B0000u, 0x08581074u, 0x34C11873u, 0x28C71076u, 0x28CA30C3u, 0x30C234E0u,
    0x208E20ADu, 0x1C9024CBu, 0x00000124u, 0x01680386u, 0x00140007u, 0x4C985000u, 0x87C44444u, 0x0000000Au,
    0x2EB00000u, 0xD99CF233u, 0x0BE4632Fu, 0x50000000u, 0xA57D232Cu, 0xD7BA5BB5u, 0x0005E232u, 0xB9234800u,
    0x4224FE85u, 0x329B5B9Fu, 0x328000B4u, 0x11349A84u, 0x46311111u, 0x054348A7u, 0x3DAB4345u, 0x11111111u,
    0x8AC61111u, 0x72695F34u, 0x1111169Au, 0x11111111u, 0x7627A921u, 0x134B5C6Cu, 0x11111111u, 0x5F311111u,
    0xA72C96F5u, 0x11111129u, 0x11111111u, 0x929A7211u, 0x1127A92Cu, 0x11111111u, 0x84311111u, 0xB46C96CAu,
    0x111113D5u, 0x11111111u, 0x9648AC61u, 0x348AC628u, 0x11111111u, 0xAB431111u, 0x23E0826Du, 0x111348AEu,
    0x31111111u, 0x0966CA8Fu, 0x55D63CA0u, 0x311332D7u, 0x6D557D43u, 0x9A000AE6u, 0x855BE232u, 0xB55879E7u,
    0x0007232Cu, 0x32CB0000u, 0x8BB88E46u, 0x5E2364D7u, 0x624F9500u, 0xD4262222u, 0x00000057u, 0x777775A0u,
    0x00000A58u, 0x00000010u, 0x00000008u, 0x0000002Cu, 0x01D803C0u, 0x00010010u, 0x36400000u, 0x35603600u,
    0x354035A0u, 0x362035E0u, 0x35203580u, 0x318035C0u, 0x31A03160u, 0x312031C0u, 0x00000174u, 0x01280385u,
    0x00140009u, 0xE6689000u, 0x0000000Fu, 0x63000000u, 0x00362A67u, 0x399422C0u, 0x00000826u, 0x822B0000u,
    0x82639839u, 0xB0000000u, 0x42239366u, 0x00082659u, 0x39822300u, 0x63982112u, 0x000000D2u, 0x22300000u,
    0x11112393u, 0x08265942u, 0x12893623u, 0x94211111u, 0x000082A5u, 0x93623000u, 0x11111128u, 0x26594711u,
    0x00000004u, 0x28000000u, 0x11128936u, 0x21111111u, 0x00426594u, 0x289362C0u, 0x11111111u, 0x99421111u,
    0x0000042Au, 0x362B0000u, 0x11111289u, 0x11111111u, 0x42699A71u, 0x80000000u, 0x11289362u, 0x11111111u,
    0x47111111u, 0x00042A59u, 0x89362300u, 0x77777726u, 0x77777777u, 0xA5942777u, 0x22900042u, 0x55555994u,
    0x55555555u, 0x55555555u, 0x03223995u, 0x33422D00u, 0x33333333u, 0x33333333u, 0x68333333u, 0x300009A7u,
    0x444444A4u, 0x44444444u, 0x44444444u, 0x0008A444u, 0x00000010u, 0x00000008u, 0x0000002Cu, 0x01D703C0u,
    0x00010010u, 0x0000413Fu, 0x40EA410Au, 0x45343D06u, 0x410D3D00u, 0x3CE7455Du, 0x453C4139u, 0x3D044538u,
    0x413240E1u, 0x0000014Cu, 0x01000386u, 0x00140008u, 0x11111111u, 0x11111111u, 0x11111111u, 0x11111111u,
    0x4D611111u, 0x44444444u, 0x44444444u, 0x111111EDu, 0x00A76111u, 0x1111EFB0u, 0x7C00CD11u, 0x22222222u,
    0x72222222u, 0x1119A085u, 0xE7780511u, 0x22222223u, 0xE3222222u, 0x116C0B27u, 0xAE6A0511u, 0xA0000000u,
    0x116C056Du, 0x846A0511u, 0x80000000u, 0x116C0562u, 0xB46A0511u, 0x80000000u, 0x116C0563u, 0xB46A0511u,
    0x80000000u, 0x116C0563u, 0xB46A0511u, 0x80000000u, 0x116C0563u, 0xB46A0511u, 0x80000000u, 0x116C0563u,
    0xB46A0511u, 0x80000000u, 0x116C0563u, 0xB46A0511u, 0x80000000u, 0x116C0563u, 0x846A0511u, 0x80000000u,
    0x116C0562u, 0xAE6A0511u, 0xB0000000u, 0x116C056Du, 0xE97B0511u, 0x77777777u, 0xD7777777u, 0x116C0B97u,
    0x2580AD11u, 0x99999999u, 0x34999999u, 0x1113B0B5u, 0x00BFE111u, 0x00000080u, 0x88000000u, 0x1111D588u,
    0x33E11111u, 0x33333333u, 0x33333333u, 0x111111D3u, 0x11111111u, 0x11111111u, 0x11111111u, 0x11111111u,
    0x00000010u, 0x00000008u, 0x0000002Cu, 0x01D503C0u, 0x00010010u, 0x51AB0000u, 0x45674D89u, 0x51AA4967u,
    0x35014968u, 0x518A4145u, 0x3D443922u, 0x39024566u, 0x28E04503u, 0x0000014Cu, 0x01140386u, 0x00140008u,
    0x3438D000u, 0x00000333u, 0x33300000u, 0x000D8343u, 0x2FF62A00u, 0x00031111u, 0x11113000u, 0x00A26FF2u,
    0xFFFF9300u, 0x0411115Cu, 0xC5111140u, 0x0039FFFFu, 0xFFF99400u, 0x411114FFu, 0xFF411114u, 0x00499FFFu,
    0xF6115400u, 0x1112FFFFu, 0xFFFF2111u, 0x0045116Fu, 0x11114000u, 0x154FFFFCu, 0xCFFFF451u, 0x00041111u,
    0x11140000u, 0x6FFFFF21u, 0x12FFFFF6u, 0x00004111u, 0x11400000u, 0xFFFF4111u, 0x1114FFFFu, 0x00000411u,
    0x11400000u, 0xFFFF4111u, 0x1114FFFFu, 0x00000411u, 0x11140000u, 0x6FFFFF21u, 0x12FFFFF6u, 0x00004111u,
    0x11114000u, 0x154FFFFCu, 0xCFFFF451u, 0x00041111u, 0xF6115400u, 0x1112FFFFu, 0xFFFF2111u, 0x0045116Fu,
    0xFFF99400u, 0x411114FFu, 0xFF411114u, 0x00499FFFu, 0xFFFF9300u, 0x0411115Cu, 0xC5111140u, 0x0039FFFFu,
    0x2FF62A00u, 0x00031111u, 0x11113000u, 0x00A26FF2u, 0x3438D000u, 0x00000333u, 0x33300000u, 0x000D8343u,
    0x00000010u, 0x00000008u, 0x0000002Cu, 0x00700200u, 0x00010010u, 0x08218000u, 0x0C627F95u, 0x0C201483u,
    0x20C57753u, 0x6F127FFFu, 0x2D275EAFu, 0x358A4A0Cu, 0x5ED64A51u, 0x0000380Cu, 0x00000200u, 0x00700040u,
    0x11110000u, 0x11111111u, 0x11111111u, 0x31111111u, 0x33333333u, 0x33333333u, 0x33333333u, 0x11131133u,
    0x11111111u, 0x00000011u, 0x11110000u, 0x11111111u, 0x11111111u, 0x33111111u, 0x33333333u, 0x33333333u,
    0x33333333u, 0x13333333u, 0x11111111u, 0x00011111u, 0x11000000u, 0x11111111u, 0x11111111u, 0x31111111u,
    0x33333333u, 0x33333333u, 0x33333333u, 0x33333333u, 0x11111333u, 0x01111111u, 0x03888887u, 0x10100000u,
    0x11111111u, 0x81111111u, 0x83178888u, 0x33338888u, 0x33333333u, 0x33333333u, 0x33333333u, 0x11333333u,
    0x11111111u, 0x00000111u, 0x00E8888Du, 0x11110000u, 0x11111111u, 0x83111111u, 0x8D118888u, 0x3333F888u,
    0x33333333u, 0x33333333u, 0x33333333u, 0x33333333u, 0x11111111u, 0x00011111u, 0x00D8888Fu, 0x11111000u,
    0x11111111u, 0x8D111111u, 0xFE11E888u, 0x3333DFFFu, 0x33333333u, 0x33333333u, 0x33333333u, 0x33333333u,
    0x11111113u, 0x11011111u, 0x30000000u, 0x00088888u, 0x77777770u, 0x40003777u, 0x77777777u, 0x11111177u,
    0x8F777777u, 0xDD417888u, 0xDD7337DDu, 0xDDDD77DDu, 0x7333333Du, 0xDD7DDDDDu, 0x333337DDu, 0x11113333u,
    0x11111111u, 0x00011111u, 0xD0000000u, 0x700E8888u, 0x88888888u, 0xF0008888u, 0x88888888u, 0x8D111E88u,
    0x88888888u, 0x88E11888u, 0x88E33F88u, 0x88888888u, 0x88733388u, 0x88888888u, 0x33333E88u, 0x11133333u,
    0x11111111u, 0x11111111u, 0x00000111u, 0xF0000000u, 0x800D8888u, 0x88888888u, 0x87008888u, 0x88888888u,
    0x88711888u, 0x88888888u, 0x88F33E88u, 0x88F33D88u, 0x88888888u, 0x88843788u, 0x88888888u, 0x33333388u,
    0x33333333u, 0x11111111u, 0x11111111u, 0x00001111u, 0x83000000u, 0x8D008888u, 0x8700E888u, 0x01008888u,
    0x88411010u, 0x88F11F88u, 0x88F11D88u, 0x88843788u, 0x88833388u, 0x88833488u, 0x888E3488u, 0x888E33E8u,
    0x333333E8u, 0x33333333u, 0x33333333u, 0x11111111u, 0x01111111u, 0x8D000000u, 0x8E00E888u, 0x8E007888u,
    0x8E01E888u, 0x88888888u, 0x88841D88u, 0x88831388u, 0x888D3388u, 0x888D33F8u, 0x888D33F8u, 0x88884488u,
    0x888834B8u, 0x33333378u, 0x33333333u, 0x33333333u, 0x11131333u, 0x11111111u, 0x00000111u, 0x8F000000u,
    0x8800D888u, 0x88000888u, 0x88E14888u, 0x88888888u, 0x888D1488u, 0x888D33F8u, 0x888F33E8u, 0x888F33D8u,
    0x888F33D8u, 0x8888D4E8u, 0x88887448u, 0x33333338u, 0x33333333u, 0x33333333u, 0x33333333u, 0x11111111u,
    0x00001111u, 0x88300000u, 0x88D00888u, 0x88700E88u, 0x88831888u, 0x88877D88u, 0x88881188u, 0x888F33D8u,
    0x88884378u, 0x88883338u, 0x88884348u, 0x8888E478u, 0x8888E44Eu, 0x3333333Du, 0x33333333u, 0x33333333u,
    0x33333333u, 0x33333333u, 0x00111111u, 0x88D00000u, 0x88E00E88u, 0x88E00788u, 0x888D1D88u, 0x888D11F8u,
    0x888841D8u, 0x88884338u, 0x8888D338u, 0x8888D33Fu, 0x8888D44Fu, 0x88888448u, 0x8888844Du, 0xEEEED334u,
    0xEEED3337u, 0xEED3337Eu, 0x333337EEu, 0x33333333u, 0x11111333u, 0x88F00000u, 0x88800D88u, 0x888D7788u,
    0x888F1488u, 0x888877E8u, 0x8888D148u, 0x8888FDD8u, 0x8888F33Eu, 0x8888F33Du, 0x8888F44Du, 0x88888D4Eu,
    0xF8888DDDu, 0x88888333u, 0x88883337u, 0x88834378u, 0x33333788u, 0x33333333u, 0x11113333u, 0x00000011u,
    0x88840000u, 0x88871088u, 0x88888888u, 0x888811E8u, 0x88888888u, 0x8888E338u, 0x88888888u, 0x88888737u,
    0x88888433u, 0x88888747u, 0x88888D47u, 0xD8888888u, 0x88888733u, 0x8888B444u, 0x888D4438u, 0x33333388u,
    0x33333333u, 0x13333333u, 0x00001113u, 0x888F0000u, 0x88F00088u, 0x88888888u, 0x888E113Eu, 0x8888F888u,
    0x8888733Fu, 0x88888888u, 0x88888F33u, 0x88888E43u, 0x88888F44u, 0x8888F777u, 0x78888888u, 0xE8888E44u,
    0x8888E444u, 0x888E444Eu, 0x444444E8u, 0x33333333u, 0x33333333u, 0x00111133u, 0x10000000u, 0x00111000u,
    0x10101011u, 0x11111111u, 0x31111111u, 0x33333333u, 0x33333333u, 0x33333333u, 0x44444443u, 0x77744444u,
    0x77777777u, 0x4F8888D7u, 0x44444444u, 0x44444444u, 0x44444444u, 0x44444444u, 0x44444444u, 0x33333334u,
    0x01113333u, 0x11000000u, 0x11111011u, 0x11111111u, 0x11111111u, 0x31111111u, 0x33333333u, 0x33333333u,
    0x33333333u, 0x44444443u, 0x77777744u, 0xEEEEF877u, 0x4D88888Eu, 0x44444444u, 0x44444444u, 0x44444444u,
    0x44444444u, 0x44444444u, 0x34444444u, 0x11133333u, 0x00000001u, 0x11011000u, 0x11111111u, 0x11111111u,
    0x11111111u, 0x33311111u, 0x33333333u, 0x33343333u, 0x33333333u, 0x44444444u, 0x77777774u, 0x888888D7u,
    0x47F88888u, 0x44777444u, 0x44444444u, 0x44444447u, 0x74447744u, 0x44444447u, 0x44444444u, 0x11333344u,
    0x00000001u, 0x11111000u, 0x11111111u, 0x11111111u, 0x11111111u, 0x33311111u, 0x33333333u, 0x34444433u,
    0x33333333u, 0x74444444u, 0x77777777u, 0x888888C7u, 0x777CF888u, 0x77447777u, 0x44774477u, 0x77747777u,
    0x77777744u, 0x77777777u, 0x44444444u, 0x13333444u, 0x00000111u, 0x11110000u, 0x11111111u, 0x11111111u,
    0x11111111u, 0x33333111u, 0x33333333u, 0x44444433u, 0x44444444u, 0x44444444u, 0x77777774u, 0x77777777u,
    0x77777BB7u, 0x74347777u, 0x777777BBu, 0x77777774u, 0x77777447u, 0x77777777u, 0x47777777u, 0x13333444u,
    0x00001111u, 0x11111000u, 0x11111111u, 0x11111111u, 0x11111111u, 0x33333133u, 0x44333333u, 0x44444444u,
    0x44444444u, 0x34444444u, 0x44777743u, 0x77777777u, 0x77777B77u, 0x30147777u, 0x44477774u, 0x44444344u,
    0x77777444u, 0x77777777u, 0x47777777u, 0x13334444u, 0x00011111u, 0x11111100u, 0x11111111u, 0x11111111u,
    0x11111111u, 0x33333333u, 0x44433333u, 0x44444444u, 0x44444444u, 0x34444444u, 0x47744311u, 0x74444444u,
    0x77777744u, 0x00147777u, 0x11333310u, 0x13110133u, 0x77777431u, 0xBBB77777u, 0x47777777u, 0x13333444u,
    0x00001111u, 0x11111100u, 0x11111111u, 0x11111111u, 0x11331111u, 0x33333333u, 0x44444333u, 0x74444444u,
    0x44477777u, 0x34444444u, 0x33331111u, 0x33333333u, 0x77744333u, 0x00144777u, 0x77777410u, 0xBBBBBBB7u,
    0x47777BBBu, 0x33333444u, 0x11111111u, 0x11111000u, 0x11111111u, 0x11111111u, 0x33333311u, 0x33333333u,
    0x44443333u, 0x77744444u, 0x77777777u, 0x34444447u, 0x31111111u, 0x33333315u, 0xBB743133u, 0x00147777u,
    0x77777410u, 0xB777BBBBu, 0x7777BBBBu, 0x33334444u, 0x11111133u, 0x00000001u, 0x11111101u, 0x11111111u,
    0x33311111u, 0x33333333u, 0x33333333u, 0x44444333u, 0x77777444u, 0x77777777u, 0x47744777u, 0x11111101u,
    0x33333111u, 0xBB731333u, 0x0034777Bu, 0xB7777430u, 0x44447777u, 0x77777777u, 0x44444477u, 0x15333333u,
    0x00000011u, 0x11111110u, 0x11111111u, 0x33333331u, 0x33333333u, 0x33333333u, 0x44444433u, 0x77777744u,
    0x77777777u, 0x47777777u, 0x11100003u, 0x11111111u, 0x44511555u, 0x00347777u, 0x00000001u, 0x77777730u,
    0x11155347u, 0x77774451u, 0x44477777u, 0x13444344u, 0x00000011u, 0x11111000u, 0x11111111u, 0x33333331u,
    0x33333333u, 0x33333333u, 0x44444444u, 0x77777774u, 0x77777777u, 0x47777777u, 0x00000003u, 0x13111100u,
    0x01115511u, 0x00544351u, 0x31100011u, 0x11111153u, 0x77777431u, 0x01111154u, 0x77774431u, 0x47777447u,
    0x34444444u, 0x00000001u, 0x11000000u, 0x11111111u, 0x33333311u, 0x33333333u, 0x43333333u, 0x44444444u,
    0x77777744u, 0x77777777u, 0x77777777u, 0x10000003u, 0x33553511u, 0x10115115u, 0x15474433u, 0x74511111u,
    0x55554777u, 0x44474435u, 0x51111115u, 0xB7777774u, 0x7774547Bu, 0x54774477u, 0x00000001u, 0x11000000u,
    0x33311111u, 0x33333333u, 0x43333333u, 0x44444444u, 0x77777444u, 0x77777777u, 0xBBB77777u, 0x11551114u,
    0x45343553u, 0x75011155u, 0x7BB77777u, 0x75551154u, 0x4557BBB7u, 0x55544444u, 0x41011111u, 0x44444777u,
    0x74457BB7u, 0x33444777u, 0x00000001u, 0x33111110u, 0x33333333u, 0x43333333u, 0x44444444u, 0x77777777u,
    0x77777777u, 0xBBB77777u, 0x54444477u, 0x54444345u, 0x74510115u, 0xB7444477u, 0x555114BBu, 0x55477745u,
    0x15555445u, 0x75001111u, 0x1110347Bu, 0x444BB743u, 0x13334444u, 0x00000001u, 0x31111000u, 0x33333333u,
    0x43333333u, 0x44444444u, 0x77777774u, 0x77777777u, 0x74777777u, 0x44477777u, 0x55435445u, 0x77310015u,
    0x31111347u, 0x11017BB4u, 0x11551001u, 0x51151111u, 0x73111115u, 0x1111037Bu, 0x47BB7111u, 0x01113344u,
    0x11100000u, 0x33333331u, 0x33333333u, 0x44444444u, 0x77777744u, 0x77777777u, 0x5553347Bu, 0x34477743u,
    0x55555555u, 0x77450015u, 0x01111014u, 0x1117BB30u, 0x35555551u, 0x00155555u, 0x74001151u, 0x11110147u,
    0x7BB40011u, 0x00000153u, 0x10000000u, 0x33333111u, 0x33333333u, 0x44444443u, 0x77777444u, 0x77B77777u,
    0x000017BBu, 0x55553351u, 0x11155115u, 0x77710111u, 0x11111113u, 0x7BBCB301u, 0xDDBBDDBBu, 0x17BBBBDDu,
    0xB4011000u, 0x1111014Bu, 0xBB301311u, 0x00000134u, 0x33331111u, 0x33333333u, 0x44444433u, 0x77774444u,
    0x7BB77777u, 0x1005BDB7u, 0x11111101u, 0x11111111u, 0x77410111u, 0x11111103u, 0xAAAB1011u, 0xAAAAAAAAu,
    0xCAAAAAAAu, 0xB500003Bu, 0x1111114Bu, 0xB4013111u, 0x0001133Bu, 0x33311110u, 0x33333333u, 0x44444333u,
    0x77744444u, 0xDB777777u, 0x004BDB7Bu, 0x11110010u, 0x01151111u, 0x47710010u, 0x11111101u, 0x2AD10111u,
    0x22222222u, 0x22222222u, 0x70014DC9u, 0x1111114Bu, 0x70131111u, 0x3333337Bu, 0x11110000u, 0x33331111u,
    0x44443333u, 0x77444444u, 0xB47BB744u, 0x17DDB7BDu, 0x11111100u, 0x01551111u, 0x4B700000u, 0x11111101u,
    0x9C301111u, 0x22222222u, 0x22222222u, 0x747CA222u, 0x1110007Bu, 0x31111111u, 0x44477477u, 0x00000134u,
    0x10000000u, 0x33111111u, 0x43333333u, 0x74444444u, 0x47BB7447u, 0xBCD77BD7u, 0x11111004u, 0x15555111u,
    0x7B710011u, 0x11111101u, 0xA7111111u, 0x22222222u, 0x22222222u, 0xCEF22222u, 0x000004DCu, 0x55111110u,
    0x77774443u, 0x00013447u, 0x11111000u, 0x33333333u, 0x44444443u, 0x7DB74477u, 0xCB77DD74u, 0x1111007Cu,
    0x55551111u, 0x77511155u, 0x11111003u, 0xC4551111u, 0x22222229u, 0x22222222u, 0x22222222u, 0x0147DEA9u,
    0x51000000u, 0x77451544u, 0x0334777Bu, 0x10000000u, 0x33333331u, 0x44444333u, 0xDB744744u, 0xB7BDD77Bu,
    0x11105BCCu, 0x55551111u, 0x74555555u, 0x11101013u, 0xC7450000u, 0x2222222Fu, 0x22222222u, 0x22222222u,
    0xBCAA2222u, 0x50001347u, 0x55115577u, 0x4777BBB7u, 0x00000003u, 0x33333111u, 0x44433333u, 0xB7347444u,
    0x7DCB77BDu, 0x1003DCC7u, 0x51111111u, 0x55555555u, 0x00111155u, 0xAC710000u, 0x22222229u, 0x22222222u,
    0x22222222u, 0x22222222u, 0x057BDCAAu, 0x15555474u, 0x7BBBB751u, 0x00000347u, 0x33311110u, 0x44333333u,
    0x44444444u, 0xCCB7BDDBu, 0x007CAD7Bu, 0x11111111u, 0x55555555u, 0x01155555u, 0xAC400000u, 0x22222222u,
    0x22222222u, 0x22222222u, 0x22222222u, 0x7CA92222u, 0x55555451u, 0xBBB75515u, 0x001347BBu, 0x31111000u,
    0x43333333u, 0x44444444u, 0xD77BDDB4u, 0x0BCCB7BCu, 0x11111510u, 0x55555511u, 0x15555555u, 0xB4001111u,
    0x2222229Au, 0x22222222u, 0x22222222u, 0x22222222u, 0x92222222u, 0x5555510Bu, 0xB4511555u, 0x1347BBBBu,
    0x11110000u, 0x33333331u, 0x44444444u, 0x77BDD743u, 0xBAC77CCDu, 0x11111005u, 0x55555111u, 0x55555555u,
    0x10155555u, 0x222ACDB4u, 0x22222222u, 0x22222222u, 0x22222222u, 0x82222222u, 0x555510B2u, 0x51155555u,
    0x47BDDDB4u, 0x00000133u, 0x11100000u, 0x33333311u, 0x44444333u, 0x7DDD7434u, 0xAD7BCCB7u, 0x1111007Cu,
    0x55551111u, 0x55555555u, 0x15555555u, 0xACB74500u, 0x22222229u, 0x22222222u, 0x22222222u, 0x22222222u,
    0x55500B92u, 0x55555111u, 0xBDDDB451u, 0x00013447u, 0x11000000u, 0x33331111u, 0x44443333u, 0xDCD74334u,
    0xB7DACB7Bu, 0x15100BAAu, 0x55111111u, 0x55555555u, 0x55555555u, 0x75101155u, 0x22229ACBu, 0x22222222u,
    0x22222222u, 0x22222222u, 0x5500B922u, 0x55100147u, 0xDD745555u, 0x01347BBDu, 0x10000000u, 0x33111111u,
    0x44333333u, 0xCB743344u, 0xBCAC77DCu, 0x5101BACBu, 0x51111111u, 0x55555555u, 0x55555555u, 0x45155555u,
    0x2AACB453u, 0x22222222u, 0x22222222u, 0x22222222u, 0x500B2822u, 0x00547DCBu, 0x43555551u, 0x377BBDDBu,
    0x00000001u, 0x31111110u, 0x44333333u, 0xB4334444u, 0xAAD7BDCCu, 0x105DACBDu, 0x11111155u, 0x55555511u,
    0x55555555u, 0xB5155555u, 0xBB7447DCu, 0x222222ACu, 0x22222222u, 0x22222222u, 0x01B28222u, 0x4BCA92C4u,
    0x55451115u, 0xBBDCDB45u, 0x00000137u, 0x11111000u, 0x43333333u, 0x43444444u, 0xCB7DCCCBu, 0x15BCBBCAu,
    0x11155555u, 0x55551111u, 0x55555555u, 0x40555555u, 0x7BDCA96Cu, 0x229ACBB7u, 0x22222222u, 0x22222222u,
    0x0B222222u, 0xA92222B0u, 0x451014BDu, 0xDCD73155u, 0x000137BBu, 0x11110000u, 0x43333331u, 0x44444444u,
    0x47DCCD74u, 0x17BBCAACu, 0x15555551u, 0x11111111u, 0x55555555u, 0x01555555u, 0xA92222A7u, 0xACBBBBDCu,
    0x22222229u, 0x22222222u, 0xB2222222u, 0x22222A40u, 0x1004DA92u, 0xB7301545u, 0x0157BBDDu, 0x11000000u,
    0x33333311u, 0x44444444u, 0x7CCCD744u, 0x17BC9AB4u, 0x55555550u, 0x11115115u, 0x11551111u, 0x05555555u,
    0x222229B0u, 0xCDCCA922u, 0x22229ACCu, 0x22222222u, 0x22222222u, 0x22222C5Bu, 0x04DA2222u, 0x51154510u,
    0x57BBDDB7u, 0x00000001u, 0x10000000u, 0x33333111u, 0x44444443u, 0xCACB7444u, 0x7CA9CB7Bu, 0x55555101u,
    0x15111555u, 0x11111111u, 0x55555551u, 0x22229C10u, 0xA9222222u, 0x29AACCAAu, 0x22222222u, 0x22222222u,
    0x2222ABD2u, 0xDA222222u, 0x15451017u, 0xBBCB7451u, 0x00000057u, 0x33311110u, 0x44444433u, 0xACB44444u,
    0xA9AB7BCAu, 0x5555511Bu, 0x15555555u, 0x11111111u, 0x55555111u, 0x6666A701u, 0x22222266u, 0x9AAA9962u,
    0x22222222u, 0x22222222u, 0x2222AA22u, 0x22222222u, 0x555017CAu, 0xCB731115u, 0x000014BBu, 0x33111000u,
    0x44443333u, 0xC7444444u, 0x6C74BAAAu, 0x5555107Au, 0x55555555u, 0x11111115u, 0x55555111u, 0x6669B105u,
    0x66666666u, 0x99662222u, 0x22222226u, 0x22222222u, 0x22269222u, 0x22222222u, 0x5007CA22u, 0x75015555u,
    0x0014BCBBu, 0x11100000u, 0x44433333u, 0x74444444u, 0xC77CAACDu, 0x555104C9u, 0x55555555u, 0x55555555u,
    0x55551111u, 0x666A7015u, 0x66666666u, 0x62226666u, 0x66666666u, 0x22222226u, 0x22222222u, 0x22222222u,
    0x04DA2222u, 0x01555510u, 0x04BCCB45u, 0x10000000u, 0x44333311u, 0x44444774u, 0x7DAAACD7u, 0x55115BCBu,
    0x55555555u, 0x55555555u, 0x55551115u, 0x669D5015u, 0x66666666u, 0x66666666u, 0x66666666u, 0x22222266u,
    0x22222222u, 0x22222222u, 0xDA222222u, 0x55550017u, 0xBBCB7101u, 0x00000005u, 0x33333111u, 0x44447444u,
    0xCAAACD77u, 0x51157BBBu, 0x55555555u, 0x55555555u, 0x55555555u, 0x66A70155u, 0x66666666u, 0x66666666u,
    0x66666666u, 0x22226666u, 0x22222222u, 0x22222222u, 0x22222222u, 0x510057CAu, 0xBB410155u, 0x0000157Bu,
    0x33311100u, 0x44474443u, 0xAACCD744u, 0x55554BDAu, 0x55555555u, 0x55555555u, 0x55555555u, 0x69B10555u,
    0x66666666u, 0x66666666u, 0x66666666u, 0x22666666u, 0x22222222u, 0x22222222u, 0x22222222u, 0x014BC922u,
    0x41015551u, 0x00057BB7u, 0x33111000u, 0x74744433u, 0xACDD7447u, 0x5105BA99u, 0x55555555u, 0x55555555u,
    0x55555555u, 0x6A701555u, 0x66666966u, 0x66666666u, 0x66666666u, 0x66666666u, 0x22222222u, 0x22222222u,
    0x22222222u, 0x7BA22222u, 0x11555005u, 0x054BB751u, 0x31000000u, 0x44443333u, 0xCD744477u, 0x104CA9AAu,
    0x55555555u, 0x55555555u, 0x55555555u, 0x9B105555u, 0x66666662u, 0x66666666u, 0x66666666u, 0x66666666u,
    0x22222666u, 0x22222222u, 0x22222222u, 0xA2222222u, 0x551005BCu, 0x47745115u, 0x00000005u, 0x10000000u,
    0x44333311u, 0xB7444744u, 0x04C99ACBu, 0x55555551u, 0x55555555u, 0x55555555u, 0xA4055555u, 0x66666626u,
    0x66666666u, 0x66666666u, 0x66666666u, 0x62666666u, 0x22222222u, 0x22222222u, 0x22222222u, 0x1014BC92u,
    0x74511555u, 0x00000147u, 0x33331110u, 0x74774443u, 0x5C99AC74u, 0x55555510u, 0x55555555u, 0x55555555u,
    0xB0055555u, 0x66666629u, 0x66666666u, 0x66666662u, 0x66666666u, 0x22266666u, 0x22222222u, 0x22222222u,
    0x22222222u, 0x57BA9222u, 0x51555500u, 0x00005444u, 0x31100000u, 0x77733333u, 0xB99CB444u, 0x55555501u,
    0x55555555u, 0x55555555u, 0x50555555u, 0x6666622Cu, 0x26666666u, 0x22222222u, 0x22222222u, 0x22222222u,
    0x22222222u, 0x22222222u, 0x22226996u, 0xCA222222u, 0x55510017u, 0x00144511u, 0x10000000u, 0x74501111u,
    0xA9C73477u, 0x55555107u, 0x55555555u, 0x55555555u, 0x01555555u, 0x6666629Bu, 0x96266666u, 0x22222229u,
    0x22222222u, 0x62222222u, 0x99999999u, 0x22222222u, 0x229AA962u, 0x22222222u, 0x510057C9u, 0x15445155u,
    0x50000000u, 0xAB434774u, 0x5555104Cu, 0x55555555u, 0x55555555u, 0x05555555u, 0x666626C1u, 0xA6266666u,
    0x226222ACu, 0x22222222u, 0xAAAA9622u, 0xCDDCCCCCu, 0x2229AACCu, 0x9ACA9222u, 0x22222222u, 0x004BC922u,
    0x44511551u, 0x00000005u, 0x74477750u, 0x555115BBu, 0x55555555u, 0x55555555u, 0x15555555u, 0x66666A70u,
    0x92666666u, 0x22222ABCu, 0x22222222u, 0xBBBBCA22u, 0x4477777Bu, 0x9CDB7744u, 0xDCA22222u, 0x2222222Au,
    0x4BA92222u, 0x55555101u, 0x00000544u, 0x44774100u, 0x55111474u, 0x55555555u, 0x55555555u, 0x55555555u,
    0x66669D10u, 0x22666666u, 0x2229CBBAu, 0x22222222u, 0x4447C922u, 0x44447744u, 0xC7451113u, 0xDA29922Au,
    0x222229CBu, 0xA2222222u, 0x5550057Du, 0x00005455u, 0x77750000u, 0x51155444u, 0x55555555u, 0x55555555u,
    0x55555555u, 0x6662A701u, 0x26666666u, 0xAACBBDA6u, 0x66666699u, 0xBBBCA266u, 0x44777747u, 0x77353344u,
    0xA9AA9AADu, 0x22222ACCu, 0x22222222u, 0x50057CA2u, 0x00544515u, 0x74100000u, 0x55544477u, 0x55551115u,
    0x55555555u, 0x55555555u, 0x6669B115u, 0x66666666u, 0xCCCCA922u, 0x9AAAAACCu, 0xCAA99A99u, 0x347B77BCu,
    0xB4534433u, 0xAAAACDBBu, 0x662269AAu, 0x22222222u, 0x017C9222u, 0x14751110u, 0x50000000u, 0x44777774u,
    0x55511155u, 0x55555555u, 0x55555555u, 0x962A4015u, 0x66666666u, 0xAA962266u, 0xAAAAAAAAu, 0xCAAAAAAAu,
    0xB7BBBBCCu, 0x77777447u, 0xAAACCDCDu, 0x999999AAu, 0x29999999u, 0xBC922266u, 0x47500003u, 0x00000001u,
    0x77777410u, 0x11155444u, 0x55555551u, 0x55555555u, 0x629B0055u, 0x66666669u, 0x62266666u, 0xAAAAA999u,
    0xAAACCAAAu, 0xCCCDCACAu, 0xCCCCCCCAu, 0xAAAAA9ACu, 0xAAAAAACCu, 0x99999999u, 0x92222696u, 0x410057BAu,
    0x00000057u, 0x77775000u, 0x15544777u, 0x55555511u, 0x55555555u, 0x66C30155u, 0x66666666u, 0x99999966u,
    0xAAAA9999u, 0xAAAAAAAAu, 0xAAACAA99u, 0x22999966u, 0x99622269u, 0xAACCAAAAu, 0x9926999Au, 0x22226922u,
    0x005BCA62u, 0x00000475u, 0x77500000u, 0x44777777u, 0x55551115u, 0x55555555u, 0x69B01555u, 0xA9999996u,
    0x99A9999Au, 0xAAA99999u, 0x699AAAAAu, 0x29CCCA96u, 0x22222222u, 0x22222222u, 0xAAAA9962u, 0x626999AAu,
    0x22222226u, 0x4BC92222u, 0x00014410u, 0x41000000u, 0x77777777u, 0x55111547u, 0x55555555u, 0x9C505555u,
    0xAAAA9999u, 0x9999A9AAu, 0xAAAA9999u, 0x22669AAAu, 0x26CBBC62u, 0x22222222u, 0x22222222u, 0xA9922222u,
    0x229AAAAAu, 0x22662296u, 0xA9222222u, 0x0054414Bu, 0x77777741u, 0x15554477u, 0x55555551u, 0xA7015555u,
    0xAAA99AA9u, 0x99666999u, 0xAAA9AAA9u, 0x6662669Au, 0x29B5BA22u, 0x22222262u, 0x22222222u, 0x22222222u,
    0x9AAAAA96u, 0x69922622u, 0x22222222u, 0x15447DA6u, 0x00000015u, 0x77774100u, 0x54477777u, 0x55551115u,
    0xC5155555u, 0x99999999u, 0x9A999666u, 0x999AAAA9u, 0x66666666u, 0x9B17C626u, 0x22662622u, 0x22222222u,
    0x22222222u, 0xCAA99222u, 0x6622229Cu, 0x22222266u, 0x47BCA222u, 0x00001555u, 0x77450000u, 0x77777777u,
    0x51111534u, 0x71155555u, 0x6666662Au, 0xAAAAA999u, 0x66699A99u, 0x66666666u, 0xD34C9266u, 0x22222229u,
    0x22226262u, 0x22222222u, 0xCA222222u, 0x222229CDu, 0x22222222u, 0xBC922222u, 0x00154457u, 0x45000000u,
    0x77777774u, 0x11554477u, 0x50555511u, 0x9999926Bu, 0x9AAAAAAAu, 0x66666669u, 0x66666666u, 0xBBC92666u,
    0x266699ACu, 0x22626622u, 0x22222222u, 0xA9222222u, 0x22226ACAu, 0x22222222u, 0x92222222u, 0x153444BAu,
    0x77777431u, 0x53477777u, 0x01511111u, 0xAAAA96A4u, 0x6999AAAAu, 0x66666666u, 0x66666666u, 0xAA926666u,
    0x99AAAAACu, 0x26666226u, 0x22222222u, 0xA9222222u, 0x2222229Au, 0x22222222u, 0x22222222u, 0x55454BA2u,
    0x00000001u, 0x77745100u, 0x47777744u, 0x11115534u, 0xAAAA9AB0u, 0x6666999Au, 0x66666699u, 0x66666666u,
    0x66666666u, 0xAAAAA996u, 0x66666669u, 0x22222266u, 0x92222222u, 0x22222226u, 0x22222222u, 0x22222222u,
    0x5555B922u, 0x00000001u, 0x74100000u, 0x77774477u, 0x11544777u, 0x99999C50u, 0x99966699u, 0x66666699u,
    0x66666666u, 0x66666666u, 0x99966666u, 0x66666699u, 0x22226666u, 0x22222222u, 0x22222222u, 0x22222222u,
    0x22222222u, 0x115C6222u, 0x00000001u, 0x10000000u, 0x74447744u, 0x34477777u, 0x269AC715u, 0x99999666u,
    0x66666999u, 0x66666666u, 0x66666666u, 0x66666666u, 0x66666666u, 0x26666666u, 0x22222222u, 0x22222222u,
    0x22222222u, 0x22222222u, 0x04C62222u, 0x47744510u, 0x77777744u, 0xACDB4544u, 0x66666669u, 0x66669999u,
    0x66666666u, 0x66666666u, 0x66666666u, 0x66666666u, 0x66666666u, 0x22222226u, 0x22222222u, 0x22222222u,
    0x22222222u, 0x4C222222u, 0x74350000u, 0x77744447u, 0x74434477u, 0x6699ACCBu, 0x99999666u, 0x66666666u,
    0x66666666u, 0x66666666u, 0x66666666u, 0x66666666u, 0x22222666u, 0x22222222u, 0x22222222u, 0x22222222u,
    0xA2222222u, 0x00000007u, 0x51000000u, 0x74474444u, 0x34447777u, 0xACCB7433u, 0x96666669u, 0x66666699u,
    0x66666666u, 0x66666666u, 0x66666666u, 0x66666666u, 0x22666666u, 0x22222222u, 0x22222222u, 0x22222222u,
    0x22222222u, 0x0000007Au, 0x44744550u, 0x47777444u, 0x74333344u, 0x66699ACBu, 0x66666666u, 0x66666666u,
    0x66666666u, 0x66666666u, 0x66666666u, 0x26666666u, 0x22222222u, 0x22222222u, 0x22222222u, 0x22222222u,
    0x000007A2u, 0x44350000u, 0x74444444u, 0x13344777u, 0xAACDB435u, 0x66666669u, 0x66666666u, 0x66666666u,
    0x66666666u, 0x66666666u, 0x66666666u, 0x22222226u, 0x22222222u, 0x22222222u, 0x22222222u, 0x00007A22u,
    0x51000000u, 0x44444443u, 0x47777444u, 0xB7451334u, 0x6669AACBu, 0x66666666u, 0x66666666u, 0x66666666u,
    0x66666666u, 0x66666666u, 0x22226666u, 0x22222222u, 0x22222222u, 0x22222222u, 0x0004A226u, 0x44443510u,
    0x74444444u, 0x33334477u, 0x9ACDB745u, 0x66666669u, 0x66666666u, 0x66666666u, 0x66666666u, 0x66666666u,
    0x22266666u, 0x22222222u, 0x22222222u, 0x62222222u, 0x005C6266u, 0x44510000u, 0x44444444u, 0x74444444u,
    0xB7744334u, 0x6669AACDu, 0x99666666u, 0x66666999u, 0x66666666u, 0x66666666u, 0x66666666u, 0x22222222u,
    0x22222222u, 0x66222222u, 0x007A2666u, 0x10000000u, 0x44444435u, 0x44444444u, 0x44444444u, 0xACCBB744u,
    0x66666999u, 0x99999666u, 0x66699999u, 0x66666666u, 0x66666666u, 0x22222266u, 0x22222222u, 0x66222222u,
    0x05C96666u, 0x43335100u, 0x44444444u, 0x44444444u, 0x74333344u, 0x999ACCDBu, 0x66666666u, 0x99999999u,
    0x66669999u, 0x66666666u, 0x22226666u, 0x22222222u, 0x66222222u, 0x04C99666u, 0x10000000u, 0x44444445u,
    0x44444434u, 0x15333444u, 0xCDB77451u, 0x66699AACu, 0x99966666u, 0x99999999u, 0x66666666u, 0x26666666u,
    0x22222222u, 0x66622222u, 0x07A99966u, 0x43335110u, 0x33443334u, 0x44444433u, 0x33153533u, 0xAACDBB74u,
    0x6699999Au, 0x99999666u, 0x66669999u, 0x66666666u, 0x22666666u, 0x66666622u, 0x0BA99996u, 0x11100000u,
    0x34443355u, 0x43333333u, 0x15343344u, 0x77335511u, 0xAAACCDBBu, 0x6666669Au, 0x96969666u, 0x66666999u,
    0x66666666u, 0x96666666u, 0x5BCA9999u, 0x55555100u, 0x33333333u, 0x33333333u, 0x11033333u, 0xBB744355u,
    0x9AAAACCBu, 0x66669999u, 0x99999966u, 0x99999999u, 0x99999999u, 0x5BCAA999u, 0x33335510u, 0x33333333u,
    0x33333333u, 0x31151133u, 0xBBB77455u, 0xAAAACCCDu, 0x99999999u, 0x99999999u, 0x99999999u, 0x57BCCAAAu,
    0x55111000u, 0x33115555u, 0x33333333u, 0x31333333u, 0x11000013u, 0xBBB77435u, 0xAACCCCCDu, 0xAAAAAAAAu,
    0xCCAAAAAAu, 0x54BDDCCCu, 0x33555510u, 0x43333335u, 0x53344444u, 0x55311111u, 0x77774443u, 0xDBBBBBBBu,
    0x7BBBBBBBu, 0x5447B777u, 0x51000000u, 0x35551555u, 0x44474444u, 0x53355553u, 0x10011155u, 0x33555555u,
    0x55555334u, 0x03444311u, 0x11000100u, 0x13333115u, 0x11111101u, 0x00111111u, 0x00011110u, 0x00000110u,
    0x00131000u, 0x00000020u, 0x00000030u, 0x001100ABu, 0x00000031u, 0x00090003u, 0x00000032u, 0x0011000Fu,
    0x00000033u, 0x00110023u, 0x00000034u, 0x00110036u, 0x00000035u, 0x0012004Au, 0x00000036u, 0x0011005Eu,
    0x00000037u, 0x00100071u, 0x00000038u, 0x00110083u, 0x00000039u, 0x00110097u, 0x000C0061u, 0x000F001Bu,
    0x000C0062u, 0x000F002Cu, 0x000C0063u, 0x000D003Fu, 0x000C0064u, 0x0010004Eu, 0x000C0065u, 0x000F0061u,
    0x000C0066u, 0x000D0074u, 0x000C0067u, 0x00100083u, 0x000C0068u, 0x000F0096u, 0x000C0069u, 0x000900A8u,
    0x001A006Au, 0x00100002u, 0x001A006Bu, 0x000E0015u, 0x001A006Cu, 0x00090026u, 0x001A006Du, 0x000C0031u,
    0x001A006Eu, 0x000F0049u, 0x001A006Fu, 0x000F005Cu, 0x001A0070u, 0x0011006Cu, 0x001A0071u, 0x000F0080u,
    0x001A0072u, 0x000C0092u, 0x001A0073u, 0x000E00A0u, 0x001A0074u, 0x000B00B1u, 0x00280075u, 0x000F0002u,
    0x00280076u, 0x000D0014u, 0x00280077u, 0x00140023u, 0x00280078u, 0x00100038u, 0x00280079u, 0x0011004Au,
    0x0028007Au, 0x000F005Du, 0x0000003Au, 0x000900BDu, 0x000C003Bu, 0x00080002u, 0x000C0023u, 0x000C000Cu,
    0x000C0025u, 0x001200B3u, 0x00430040u, 0x000F00B6u, 0x0051002Eu, 0x000800B2u, 0x03020100u, 0x07060504u,
    0x03040908u, 0x00000102u, 0x05F4003Eu, 0x00500000u, 0x00D500A5u, 0x020104FDu, 0x00000001u, 0x0C000432u,
    0x008C0028u, 0x00000131u, 0x01400308u, 0x00000001u, 0x05F4033Cu, 0x008C000Au, 0x000000FFu, 0x03C00500u,
    0x10000228u, 0x00000001u, 0x03000436u, 0x008C0028u, 0x00000131u, 0x05000C20u, 0x00000001u, 0x0400033Cu,
    0x008C000Au, 0x000000FFu, 0x03C00500u, 0x03000438u, 0x008C0028u, 0x00000131u, 0x05000C20u, 0x00000001u,
    0x0400033Cu, 0x008C000Au, 0x000000FFu, 0x03C00500u, 0x10000135u, 0x020000F0u, 0x00000200u, 0x0960053Cu,
    0x02000078u, 0x00000200u, 0x0898063Cu, 0x02000078u, 0x00000200u, 0x0800083Cu, 0x02000028u, 0x00000200u,
    0x0800093Cu, 0x02000010u, 0x00000200u, 0x02000A3Cu, 0x02000008u, 0x00000200u, 0x0BB80C3Cu, 0x0200003Cu,
    0x00000200u, 0x07080D3Cu, 0x0200003Cu, 0x00000200u, 0x02580E36u, 0x0200003Cu, 0x00000200u, 0x0960103Cu,
    0x0200001Eu, 0x00000200u, 0x09600F3Cu, 0x0200003Cu, 0x00000200u, 0x1E00133Cu, 0x00000078u, 0x2000143Cu,
    0x00000078u, 0x1E00173Cu, 0x00000078u, 0x1E00183Cu, 0x00000078u, 0x1E00193Cu, 0x00000078u, 0x1400103Cu,
    0x00F00078u, 0x1400163Cu, 0x01E00078u, 0x1400083Cu, 0x01E00078u, 0x00010000u, 0x1400123Cu, 0x01E00078u,
    0x00FF0000u, 0x14000F3Cu, 0x00F00078u, 0x14001A3Cu, 0x00000078u, 0x14001C3Cu, 0x0000003Cu, 0x1E001D3Cu,
    0x0078003Cu, 0x1E00153Cu, 0x0078003Cu, 0x1400093Cu, 0x00000078u, 0x14000C3Cu, 0x00000078u, 0x1400113Cu,
    0x00000078u, 0x14000D3Cu, 0x00000078u, 0x14000E3Cu, 0x00000078u, 0x14000A3Cu, 0x00000078u, 0x14000B3Cu,
    0x00000078u, 0x1400073Cu, 0x00000078u, 0x1400013Cu, 0x00000078u, 0x1400023Cu, 0x00000078u, 0x1400063Cu,
    0x00000078u, 0x1400033Cu, 0x00000078u, 0x1400043Cu, 0x00000078u, 0x1400053Cu, 0x00000078u, 0x1400003Cu,
    0x00000078u, 0x10000436u, 0x008C0028u, 0x00000131u, 0x05000C20u, 0x1000033Cu, 0x008C000Au, 0x000000FFu,
    0x03C00500u, 0x10000438u, 0x008C0028u, 0x00000131u, 0x05000C20u, 0x1000033Cu, 0x008C000Au, 0x000000FFu,
    0x03C00500u, 0x1F801814u, 0x1F801814u, 0x00000002u, 0x00000001u, 0x00000002u, 0x00000003u, 0x00000006u,
    0x00000018u, 0x00000003u, 0x000007D0u, 0x000007D0u, 0x00000200u, 0x0000000Au, 0x00000007u, 0x00001B58u,
    0x000005DCu, 0x00000046u, 0x00000014u, 0x05760521u, 0x00000E1Fu, 0x10410EA5u, 0x000007ACu, 0x0BF406A8u,
    0x0BF40000u, 0x00000948u, 0x04E00A38u, 0x0000007Cu, 0x0000005Au, 0x0000007Fu, 0x0549ED52u, 0x00000929u,
    0x10410EA5u, 0x000007ACu, 0x05FA0354u, 0x05FA0000u, 0x000004A4u, 0x0270051Cu, 0x0000003Eu, 0x0000002Du,
    0x00000040u, 0x2CE820E8u, 0x2C601060u, 0x2C2020FFu, 0x2C101060u, 0x2C20E8E8u, 0x2C106060u, 0x2C303030u,
    0x2C201010u, 0x001E0000u, 0x07D00000u, 0x001E0000u, 0x001E0000u, 0x00C80000u, 0x00200000u, 0x01900000u,
    0x001A0000u, 0x001E0000u, 0x001E0000u, 0x001E0000u, 0x00C80000u, 0x00200000u, 0x01900000u, 0x001A0000u,
    0x001E0000u, 0x001E0000u, 0x001E0000u, 0x00C80000u, 0x00200000u, 0x01900000u, 0x001A0000u, 0x001E0000u,
    0x001E0000u, 0x001E0000u, 0x00C80000u, 0x00200000u, 0x01900000u, 0x001A0000u, 0x001E0000u, 0x001E0000u,
    0x001E0000u, 0x00C80000u, 0x00200000u, 0x01900000u, 0x001A0000u, 0x001E0000u, 0x00000001u, 0x00320000u,
    0x00D20000u, 0x00320000u, 0x01A60000u, 0x00320000u, 0x027A0000u, 0x00320000u, 0x00000001u, 0x00320000u,
    0x00D20000u, 0x00320000u, 0x01A60000u, 0x00320000u, 0x027A0000u, 0x00320000u, 0x00000001u, 0x00320000u,
    0x00D20000u, 0x00320000u, 0x01A60000u, 0x00320000u, 0x027A0000u, 0x00320000u, 0x00000001u, 0x00320000u,
    0x00D20000u, 0x00320000u, 0x01A60000u, 0x00320000u, 0x027A0000u, 0x00320000u, 0x00000001u, 0x00320000u,
    0x00D20000u, 0x00320000u, 0x01A60000u, 0x00320000u, 0x027A0000u, 0x00320000u, 0x00320000u, 0x00320000u,
    0x00820000u, 0x00320000u, 0x01040000u, 0x00320000u, 0x00320000u, 0x00320000u, 0x00820000u, 0x00320000u,
    0x01040000u, 0x00320000u, 0x00320000u, 0x00320000u, 0x00820000u, 0x00320000u, 0x01040000u, 0x00320000u,
    0x00320000u, 0x00320000u, 0x00820000u, 0x00320000u, 0x01040000u, 0x00320000u, 0x00320000u, 0x00320000u,
    0x00820000u, 0x00320000u, 0x01040000u, 0x00320000u, 0x00320000u, 0x00320000u, 0x00F00000u, 0x00320000u,
    0x01E00000u, 0x00320000u, 0x02D00000u, 0x00320000u, 0x00320000u, 0x00320000u, 0x00F00000u, 0x00320000u,
    0x01E00000u, 0x00320000u, 0x02D00000u, 0x00320000u, 0x00320000u, 0x00320000u, 0x00F00000u, 0x00320000u,
    0x01E00000u, 0x00320000u, 0x02D00000u, 0x00320000u, 0x00320000u, 0x00320000u, 0x00F00000u, 0x00320000u,
    0x01E00000u, 0x00320000u, 0x02D00000u, 0x00320000u, 0x00320000u, 0x00320000u, 0x00F00000u, 0x00320000u,
    0x01E00000u, 0x00320000u, 0x02D00000u, 0x00320000u, 0x00320000u, 0x00320000u, 0x01040000u, 0x00320000u,
    0x02080000u, 0x00320000u, 0x030C0000u, 0x00320000u, 0x00320000u, 0x00320000u, 0x01040000u, 0x00320000u,
    0x02080000u, 0x00320000u, 0x030C0000u, 0x00320000u, 0x00320000u, 0x00320000u, 0x01040000u, 0x00320000u,
    0x02080000u, 0x00320000u, 0x030C0000u, 0x00320000u, 0x00320000u, 0x00320000u, 0x01040000u, 0x00320000u,
    0x02080000u, 0x00320000u, 0x030C0000u, 0x00320000u, 0x00320000u, 0x00320000u, 0x01040000u, 0x00320000u,
    0x02080000u, 0x00320000u, 0x030C0000u, 0x00320000u, 0x00000001u, 0x00320000u, 0x00FA0000u, 0x00320000u,
    0x01F40000u, 0x00320000u, 0x02EE0000u, 0x00320000u, 0x00000001u, 0x00320000u, 0x00FA0000u, 0x00320000u,
    0x01F40000u, 0x00320000u, 0x02EE0000u, 0x00320000u, 0x00000001u, 0x00320000u, 0x00FA0000u, 0x00320000u,
    0x01F40000u, 0x00320000u, 0x02EE0000u, 0x00320000u, 0x00000001u, 0x00320000u, 0x00FA0000u, 0x00320000u,
    0x01F40000u, 0x00320000u, 0x02EE0000u, 0x00320000u, 0x00000001u, 0x00320000u, 0x00FA0000u, 0x00320000u,
    0x01F40000u, 0x00320000u, 0x02EE0000u, 0x00320000u, 0x00000001u, 0x00320000u, 0x00F50000u, 0x00320000u,
    0x01EA0000u, 0x00320000u, 0x02DF0000u, 0x00320000u, 0x00000001u, 0x00320000u, 0x00F50000u, 0x00320000u,
    0x01EA0000u, 0x00320000u, 0x02DF0000u, 0x00320000u, 0x00000001u, 0x00320000u, 0x00F50000u, 0x00320000u,
    0x01EA0000u, 0x00320000u, 0x02DF0000u, 0x00320000u, 0x00000001u, 0x00320000u, 0x00F50000u, 0x00320000u,
    0x01EA0000u, 0x00320000u, 0x02DF0000u, 0x00320000u, 0x00000001u, 0x00320000u, 0x00F50000u, 0x00320000u,
    0x01EA0000u, 0x00320000u, 0x02DF0000u, 0x00320000u, 0x00030001u, 0x00030005u, 0x00030000u, 0x00030001u,
    0x8009171Cu, 0x00030000u, 0x00030005u, 0x00030000u, 0x00040001u, 0x800918ACu, 0x00030002u, 0x00030005u,
    0x00030000u, 0x00040001u, 0x800917E4u, 0x00030003u, 0x00030005u, 0x00030000u, 0x00040001u, 0x80091654u,
    0x00030004u, 0x00030005u, 0x00030000u, 0x00040001u, 0x80091974u, 0x00030005u, 0x00030005u, 0x00030000u,
    0x00040001u, 0x80091A3Cu, 0x00030001u, 0x00030005u, 0x00030001u, 0x00030002u, 0x80091744u, 0x00030000u,
    0x00030005u, 0x00030001u, 0x00040002u, 0x800918D4u, 0x00030002u, 0x00030005u, 0x00030001u, 0x00040002u,
    0x8009180Cu, 0x00030003u, 0x00030005u, 0x00030001u, 0x00040002u, 0x8009167Cu, 0x00030004u, 0x00030005u,
    0x00030001u, 0x00040002u, 0x8009199Cu, 0x00030005u, 0x00030005u, 0x00030001u, 0x00040002u, 0x80091A64u,
    0x00030001u, 0x00030005u, 0x00030002u, 0x00030000u, 0x8009176Cu, 0x00030000u, 0x00030005u, 0x00030002u,
    0x00040000u, 0x800918FCu, 0x00030002u, 0x00030005u, 0x00030002u, 0x00040000u, 0x80091834u, 0x00030003u,
    0x00030005u, 0x00030002u, 0x00040000u, 0x800916A4u, 0x00030004u, 0x00030005u, 0x00030002u, 0x00040000u,
    0x800919C4u, 0x00030005u, 0x00030005u, 0x00030002u, 0x00040000u, 0x80091A8Cu, 0x00030001u, 0x00030005u,
    0x00030001u, 0x00030001u, 0x80091744u, 0x00030000u, 0x00030005u, 0x00030001u, 0x00040001u, 0x800918D4u,
    0x00030002u, 0x00030005u, 0x00030001u, 0x00040001u, 0x8009180Cu, 0x00030003u, 0x00030005u, 0x00030001u,
    0x00040001u, 0x8009167Cu, 0x00030004u, 0x00030005u, 0x00030001u, 0x00040001u, 0x8009199Cu, 0x00030005u,
    0x00030005u, 0x00030001u, 0x00040001u, 0x80091A64u, 0x00030001u, 0x00030005u, 0x00030002u, 0x00030002u,
    0x8009176Cu, 0x00030000u, 0x00030005u, 0x00030002u, 0x00040002u, 0x800918FCu, 0x00030002u, 0x00030005u,
    0x00030002u, 0x00040002u, 0x80091834u, 0x00030003u, 0x00030005u, 0x00030002u, 0x00040002u, 0x800916A4u,
    0x00030004u, 0x00030005u, 0x00030002u, 0x00040002u, 0x800919C4u, 0x00030005u, 0x00030005u, 0x00030002u,
    0x00040002u, 0x80091A8Cu, 0x00030001u, 0x00030005u, 0x00030003u, 0x00030000u, 0x80091794u, 0x00030000u,
    0x00030005u, 0x00030003u, 0x00040000u, 0x80091924u, 0x00030002u, 0x00030005u, 0x00030003u, 0x00040000u,
    0x8009185Cu, 0x00030003u, 0x00030005u, 0x00030003u, 0x00040000u, 0x800916CCu, 0x00030004u, 0x00030005u,
    0x00030003u, 0x00040000u, 0x800919ECu, 0x00030005u, 0x00030005u, 0x00030003u, 0x00040000u, 0x80091AB4u,
    0x00030001u, 0x00030005u, 0x00030002u, 0x00030001u, 0x8009176Cu, 0x00030000u, 0x00030005u, 0x00030002u,
    0x00040001u, 0x800918FCu, 0x00030002u, 0x00030005u, 0x00030002u, 0x00040001u, 0x80091834u, 0x00030003u,
    0x00030005u, 0x00030002u, 0x00040001u, 0x800916A4u, 0x00030004u, 0x00030005u, 0x00030002u, 0x00040001u,
    0x800919C4u, 0x00030005u, 0x00030005u, 0x00030002u, 0x00040001u, 0x80091A8Cu, 0x00030001u, 0x00030005u,
    0x00030003u, 0x00030002u, 0x80091794u, 0x00030000u, 0x00030005u, 0x00030003u, 0x00040002u, 0x80091924u,
    0x00030002u, 0x00030005u, 0x00030003u, 0x00040002u, 0x8009185Cu, 0x00030003u, 0x00030005u, 0x00030003u,
    0x00040002u, 0x800916CCu, 0x00030004u, 0x00030005u, 0x00030003u, 0x00040002u, 0x800919ECu, 0x00030005u,
    0x00030005u, 0x00030003u, 0x00040002u, 0x80091AB4u, 0x00030001u, 0x00030005u, 0x00030004u, 0x00030000u,
    0x800917BCu, 0x00030000u, 0x00030005u, 0x00030004u, 0x00040000u, 0x8009194Cu, 0x00030002u, 0x00030005u,
    0x00030004u, 0x00040000u, 0x80091884u, 0x00030003u, 0x00030005u, 0x00030004u, 0x00040000u, 0x800916F4u,
    0x00030004u, 0x00030005u, 0x00030004u, 0x00040000u, 0x80091A14u, 0x00030005u, 0x00030005u, 0x00030004u,
    0x00040000u, 0x80091ADCu, 0x00030006u, 0x00030005u, 0x00030002u, 0x00030001u, 0x800915DCu, 0x00030006u,
    0x00030005u, 0x00030003u, 0x00030001u, 0x80091604u, 0x00030006u, 0x00030005u, 0x00030002u, 0x00030002u,
    0x800915DCu, 0x00030006u, 0x00030005u, 0x00030003u, 0x00030002u, 0x80091604u, 0x00030004u, 0x00030005u,
    0x00030002u, 0x00040001u, 0x800919C4u, 0x00030002u, 0x00030005u, 0x00030003u, 0x00030001u, 0x80091794u,
    0x00030001u, 0x00030005u, 0x00030002u, 0x00040002u, 0x80091834u, 0x00260026u, 0x001D0018u, 0x000E0009u,
    0x00280028u, 0x0022001Eu, 0x00180010u, 0x000A0006u, 0x00260026u, 0x001D0018u, 0x000E0009u, 0x00280028u,
    0x0022001Eu, 0x00180010u, 0x000A0006u, 0x80091FC8u, 0x80091FC8u, 0x80091FD8u, 0x80091FECu, 0x80091FECu,
    0x80091FFCu, 0x03F80004u, 0x000A0001u, 0x0000004Au, 0xFF811B7Du, 0x0000EE89u, 0xFD89003Cu, 0x018C0002u,
    0x00C80001u, 0x000000B2u, 0xFF3801BCu, 0x0000B08Fu, 0x0199003Cu, 0x03AF0002u, 0x01900001u, 0x0000003Eu,
    0xFF60ED08u, 0x0000FFB0u, 0x04F00000u, 0x033F0003u, 0x00C80001u, 0x000000B6u, 0xFEFE0D04u, 0x0000D05Cu,
    0xFA8E00A0u, 0x03DA0004u, 0x010E0001u, 0x0000003Eu, 0xFF609F6Bu, 0x0000F4F2u, 0x06A90000u, 0x03DC0003u,
    0x008C0001u, 0x000000B6u, 0x0975BCFBu, 0x00003B8Au, 0xF8FF008Cu, 0x02520002u, 0x00010001u, 0x000000C8u,
    0xFF6E1C1Du, 0x0000EE8Eu, 0xFDD00078u, 0x03F80004u, 0x02580001u, 0x0000004Au, 0xFF42E661u, 0x0000EED6u,
    0xE2490078u, 0x018C0002u, 0x00200001u, 0x000000CEu, 0xFF60FE4Au, 0x0000B08Fu, 0xEE510014u, 0x03B10003u,
    0x01900001u, 0x00000082u, 0xFF38124Cu, 0x000001EDu, 0xFBCE003Cu, 0x03410003u, 0x033E0001u, 0x000000AAu,
    0xFF47F51Au, 0x0000D1E5u, 0x05A20000u, 0x03DB0004u, 0x010E0001u, 0x0000004Au, 0xFF246064u, 0x0000F636u,
    0x09D00000u, 0x03DB0003u, 0x008C0001u, 0x000000BAu, 0x094D4457u, 0x00003A36u, 0xF728008Cu, 0x02520002u,
    0x00010001u, 0x000001F4u, 0xFF6E1C1Du, 0x0000EE8Eu, 0xFDD00078u, 0x01B801A4u, 0x0000000Bu, 0x01D801D1u,
    0x0000000Bu, 0x02450217u, 0x0000000Bu, 0x028C0266u, 0x0000000Bu, 0x038802C1u, 0x0000000Bu, 0x00AA009Au,
    0x0000000Bu, 0x00D600CBu, 0x0000000Bu, 0x01290118u, 0x0000000Bu, 0x026C01E3u, 0x0000000Bu, 0x001F0009u,
    0x0000000Bu, 0x008D005Au, 0x0000000Bu, 0x010D00F5u, 0x0000000Bu, 0x0233022Bu, 0x0000000Bu, 0x0249023Fu,
    0x0000000Bu, 0x02860267u, 0x0000000Bu, 0x02E302AAu, 0x0000000Bu, 0x02FD02F2u, 0x0000000Bu, 0x02600232u,
    0x0000000Bu, 0x02880268u, 0x0000000Bu, 0x02C802C1u, 0x0000000Bu, 0x03540321u, 0x0000000Bu, 0x010D00D6u,
    0x0000000Bu, 0x019C017Eu, 0x0000000Bu, 0x01EB01C6u, 0x0000000Bu, 0x02350218u, 0x0000000Bu, 0x02FA02E2u,
    0x0000000Bu, 0x03C803B1u, 0x0000000Bu, 0x01FE0300u, 0x3F100010u, 0x3F3F003Fu, 0x00000001u, 0x01FF0300u,
    0x003F0000u, 0x3F3F3F00u, 0x01FE0300u, 0x00103F10u, 0x003F3F3Fu, 0x00000001u, 0x01FF0300u, 0x003F0000u,
    0x3F3F003Fu, 0x01FC0300u, 0x3F100010u, 0x3F3F003Fu, 0x00000001u, 0x01FF0300u, 0x003F0000u, 0x3F3F3F00u,
    0x01FC0300u, 0x00103F10u, 0x003F3F3Fu, 0x00000001u, 0x01FF0300u, 0x003F0000u, 0x3F3F003Fu, 0x01FD0300u,
    0x3F100010u, 0x3F3F003Fu, 0x00000001u, 0x01FF0300u, 0x003F0000u, 0x3F3F3F00u, 0x01FD0300u, 0x00103F10u,
    0x003F3F3Fu, 0x00000001u, 0x01FF0300u, 0x003F0000u, 0x3F3F003Fu, 0x01FB0300u, 0x3F100010u, 0x3F3F003Fu,
    0x00000001u, 0x01FF0300u, 0x003F0000u, 0x3F3F3F00u, 0x01FB0300u, 0x00103F10u, 0x003F3F3Fu, 0x00000001u,
    0x01FF0300u, 0x003F0000u, 0x3F3F003Fu, 0x01FA0300u, 0x3F100010u, 0x3F3F003Fu, 0x00000001u, 0x01FF0300u,
    0x003F0000u, 0x3F3F3F00u, 0x01FA0300u, 0x00103F10u, 0x003F3F3Fu, 0x00000001u, 0x01FF0300u, 0x003F0000u,
    0x3F3F003Fu, 0x01F90300u, 0x3F100010u, 0x3F3F003Fu, 0x00000001u, 0x01FF0300u, 0x003F0000u, 0x3F3F3F00u,
    0x01F90300u, 0x00103F10u, 0x003F3F3Fu, 0x00000001u, 0x01FE0300u, 0x3F100010u, 0x3F3F003Fu, 0x00000001u,
    0x01FF0300u, 0x003F0000u, 0x3F3F3F00u, 0x01FE0300u, 0x00103F10u, 0x003F3F3Fu, 0x00000001u, 0x01FF0300u,
    0x003F0000u, 0x3F3F003Fu, 0x01FC0300u, 0x3F100010u, 0x3F3F003Fu, 0x00000001u, 0x01FF0300u, 0x003F0000u,
    0x3F3F3F00u, 0x01FC0300u, 0x00103F10u, 0x003F3F3Fu, 0x00000001u, 0x01FF0300u, 0x003F0000u, 0x3F3F3F00u,
    0x01FB0300u, 0x3F100010u, 0x3F3F003Fu, 0x00000001u, 0x01FF0300u, 0x003F0000u, 0x3F3F003Fu, 0x01FB0300u,
    0x00103F10u, 0x003F3F3Fu, 0x00000001u, 0x01FF0300u, 0x003F0000u, 0x3F3F3F00u, 0x01F90300u, 0x3F100010u,
    0x3F3F003Fu, 0x00000001u, 0x01FF0300u, 0x003F0000u, 0x3F3F3F00u, 0x01F90300u, 0x00103F10u, 0x003F3F3Fu,
    0x00000001u, 0x01F40300u, 0x3F100010u, 0x3F3F003Fu, 0x00000001u, 0x01FE0300u, 0x003F0000u, 0x3F3F3F00u,
    0x01F50300u, 0x3F100010u, 0x3F3F003Fu, 0x00000001u, 0x01FF0300u, 0x003F0000u, 0x3F3F3F00u, 0x01F60300u,
    0x3F100010u, 0x3F3F003Fu, 0x00000001u, 0x01FD0300u, 0x003F0000u, 0x3F3F3F00u, 0x01F40300u, 0x00103F10u,
    0x003F3F3Fu, 0x00000001u, 0x01FE0300u, 0x003F0000u, 0x3F3F3F00u, 0x01F50300u, 0x00103F10u, 0x003F3F3Fu,
    0x00000001u, 0x01FF0300u, 0x003F0000u, 0x3F3F3F00u, 0x01F60300u, 0x00103F10u, 0x003F3F3Fu, 0x00000001u,
    0x01FE0300u, 0x3F100010u, 0x3F3F003Fu, 0x00000001u, 0x01FF0300u, 0x003F0000u, 0x3F3F3F00u, 0x01FE0300u,
    0x00103F10u, 0x003F3F3Fu, 0x00000001u, 0x01FF0300u, 0x003F0000u, 0x3F3F3F00u, 0x01F40300u, 0x3F100010u,
    0x3F3F003Fu, 0x00000001u, 0x01FF0300u, 0x003F0000u, 0x3F3F3F00u, 0x01F40300u, 0x00103F10u, 0x003F3F3Fu,
    0x00000001u, 0x01FF0300u, 0x003F0000u, 0x3F3F3F00u, 0x01F50300u, 0x3F100010u, 0x3F3F003Fu, 0x00000001u,
    0x01FF0300u, 0x003F0000u, 0x3F3F3F00u, 0x01F50300u, 0x00103F10u, 0x003F3F3Fu, 0x00000001u, 0x01FF0300u,
    0x003F0000u, 0x3F3F3F00u, 0x01F60300u, 0x3F100010u, 0x3F3F003Fu, 0x00000001u, 0x01FF0300u, 0x003F0000u,
    0x3F3F3F00u, 0x01F60300u, 0x00103F10u, 0x003F3F3Fu, 0x00000001u, 0x01FF0300u, 0x003F0000u, 0x3F3F3F00u,
    0x00C50200u, 0x00001F00u, 0x00271F27u, 0x00000001u, 0x00C70200u, 0x003F0000u, 0x3F3F3F00u, 0x00C30200u,
    0x00001F00u, 0x00271F27u, 0x00000001u, 0x00C70200u, 0x003F0000u, 0x3F3F3F00u, 0x00BE0200u, 0x00001F00u,
    0x00271F27u, 0x00000001u, 0x00C70200u, 0x003F0000u, 0x3F3F3F00u, 0x00C60200u, 0x00001F00u, 0x00271F27u,
    0x00000001u, 0x01FD0200u, 0x003F0000u, 0x3F3F003Fu, 0x00C10200u, 0x00001F00u, 0x00271F27u, 0x00000001u,
    0x01FD0200u, 0x003F0000u, 0x3F3F003Fu, 0x00C10200u, 0x1F000000u, 0x1F270027u, 0x00000001u, 0x00C70200u,
    0x003F0000u, 0x3F3F3F00u, 0x00C10200u, 0x00271F27u, 0x00001F00u, 0x00000001u, 0x01FF0200u, 0x003F0000u,
    0x3F3F3F00u, 0x00C10200u, 0x1F270027u, 0x1F000000u, 0x00000001u, 0x01FD0200u, 0x003F0000u, 0x3F3F003Fu,
    0x00C40200u, 0x1F270027u, 0x1F000000u, 0x00000001u, 0x01FF0200u, 0x003F0000u, 0x3F3F3F00u, 0x00C40200u,
    0x00271F27u, 0x00001F00u, 0x00000001u, 0x01FD0200u, 0x003F0000u, 0x3F3F003Fu, 0x00BF0200u, 0x2030203Fu,
    0x3F303F3Fu, 0x00000001u, 0x01FF0200u, 0x003F0000u, 0x3F3F3F00u, 0x00BF0200u, 0x203F2030u, 0x3F3F3F30u,
    0x00000001u, 0x01FD0200u, 0x003F0000u, 0x3F3F003Fu, 0x00C00200u, 0x00281F28u, 0x002F1F2Fu, 0x00000001u,
    0x01FD0200u, 0x003F0000u, 0x3F3F003Fu, 0x00C00200u, 0x00281F28u, 0x002F1F2Fu, 0x00000001u, 0x00C70200u,
    0x003F0000u, 0x3F3F3F00u, 0x00C20200u, 0x1F300030u, 0x1F3F003Fu, 0x00000001u, 0x01FD0200u, 0x003F0000u,
    0x3F3F003Fu, 0x00C20200u, 0x00301F30u, 0x003F1F3Fu, 0x00000001u, 0x01FD0200u, 0x003F0000u, 0x3F3F003Fu,
    0x01EF0300u, 0x3F100010u, 0x3F3F003Fu, 0x00000001u, 0x01FF0300u, 0x003F0000u, 0x3F3F3F00u, 0x01EF0300u,
    0x00103F10u, 0x003F3F3Fu, 0x00000001u, 0x01FE0300u, 0x003F0000u, 0x3F3F003Fu, 0x01EE0300u, 0x3F100010u,
    0x3F3F003Fu, 0x00000001u, 0x01FD0300u, 0x003F0000u, 0x3F3F3F00u, 0x01EE0300u, 0x00103F10u, 0x003F3F3Fu,
    0x00000001u, 0x01FC0300u, 0x003F0000u, 0x3F3F3F00u, 0x01ED0300u, 0x3F100010u, 0x3F3F003Fu, 0x00000001u,
    0x01FB0300u, 0x003F0000u, 0x3F3F003Fu, 0x01ED0300u, 0x00103F10u, 0x003F3F3Fu, 0x00000001u, 0x01FA0300u,
    0x003F0000u, 0x3F3F3F00u, 0x01EC0300u, 0x3F100010u, 0x3F3F003Fu, 0x00000001u, 0x01F90300u, 0x003F0000u,
    0x3F3F3F00u, 0x01EC0300u, 0x00103F10u, 0x003F3F3Fu, 0x00000001u, 0x01F80300u, 0x003F0000u, 0x3F3F003Fu,
    0x01EB0300u, 0x3F100010u, 0x3F3F003Fu, 0x00000001u, 0x01F70300u, 0x003F0000u, 0x3F3F3F00u, 0x01EB0300u,
    0x00103F10u, 0x003F3F3Fu, 0x00000001u, 0x01F60300u, 0x003F0000u, 0x3F3F3F00u, 0x01EA0300u, 0x3F100010u,
    0x3F3F003Fu, 0x00000001u, 0x01F50300u, 0x003F0000u, 0x3F3F003Fu, 0x01EA0300u, 0x00103F10u, 0x003F3F3Fu,
    0x00000001u, 0x01F40300u, 0x003F0000u, 0x3F3F3F00u, 0x01E90300u, 0x3F100010u, 0x3F3F003Fu, 0x00000001u,
    0x01F30300u, 0x003F0000u, 0x3F3F3F00u, 0x01E90300u, 0x00103F10u, 0x003F3F3Fu, 0x00000001u, 0x01F20300u,
    0x003F0000u, 0x3F3F003Fu, 0x01E80300u, 0x3F100010u, 0x3F3F003Fu, 0x00000001u, 0x01F10300u, 0x003F0000u,
    0x3F3F3F00u, 0x01E80300u, 0x00103F10u, 0x003F3F3Fu, 0x00000001u, 0x01F00300u, 0x003F0000u, 0x3F3F3F00u,
    0x283E0000u, 0x383E0000u, 0x383E0000u, 0x283B1A1Au, 0x38170303u, 0x38170303u, 0x28281400u, 0x38281400u,
    0x38281400u, 0x281C1003u, 0x38440B0Bu, 0x38140404u, 0x28000065u, 0x38000065u, 0x38400000u, 0x2840588Fu,
    0x38A77A61u, 0x38A77A61u, 0x283868A0u, 0x38C5E2FFu, 0x38BA7D42u, 0x00000001u, 0x28DC8C50u, 0x38DC8C50u,
    0x38DC8C50u, 0x28404000u, 0x38D6A040u, 0x38622A00u, 0x00000001u, 0x280046E3u, 0x38F87450u, 0x38F87450u,
    0x283E0000u, 0x383E0000u, 0x383E0000u, 0x28200000u, 0x38200000u, 0x38200000u, 0x28FFFFFFu, 0x38FFFFFFu,
    0x38FFFFFFu, 0x28F8D8D0u, 0x38F87868u, 0x38F87868u, 0x28F0B060u, 0x38F0B060u, 0x38F0B060u, 0x283E0000u,
    0x383E0000u, 0x383E0000u, 0x00000001u, 0x02010000u, 0x0320F830u, 0x09C405DCu, 0x00400000u, 0x2840588Fu,
    0x38A77A61u, 0x38A77A68u, 0x00030003u, 0x00000005u, 0x800DE0E0u, 0x800921C8u, 0x80092040u, 0x02010000u,
    0x0064FED4u, 0x000005DCu, 0x00800000u, 0x28F8D8D0u, 0x38FF7B6Bu, 0x38FF7B6Bu, 0x00030003u, 0x00000001u,
    0x800DE0E0u, 0x800B3FB0u, 0x8009205Cu, 0x03000101u, 0x025801F4u, 0x01000000u, 0x28806048u, 0x38806048u,
    0x38804030u, 0x00030003u, 0x01000101u, 0x0000FF38u, 0x09C405DCu, 0x01000352u, 0x283868A0u, 0x38C5E2FFu,
    0x38BA7D42u, 0x00030003u, 0x00000004u, 0x800DE0E0u, 0x800921F0u, 0x80092078u, 0x01010101u, 0x01F4FC7Cu,
    0x09C40898u, 0x004002BCu, 0x28000808u, 0x38B89868u, 0x38985038u, 0x00030003u, 0x00000004u, 0x800DE0E0u,
    0x80092250u, 0x800920B0u, 0x00010000u, 0x0578FF06u, 0x09C40000u, 0x01000000u, 0x28281400u, 0x38281400u,
    0x38281400u, 0x00030003u, 0x00000008u, 0x800DE0E0u, 0x80092210u, 0x80092094u, 0x02010000u, 0x07D0F448u,
    0x000009C4u, 0x00400000u, 0x28FFEAC0u, 0x38FF7148u, 0x38FF7148u, 0x00030003u, 0x0000000Au, 0x800DE0E0u,
    0x80092270u, 0x800920CCu, 0x00010100u, 0x07D0F63Cu, 0x0FA00000u, 0x01000000u, 0x28B89868u, 0x38B89868u,
    0x38985038u, 0x00030003u, 0x00000001u, 0x800DE0E0u, 0x800B3FB8u, 0x800920E8u, 0x00010100u, 0x03E8FED4u,
    0x0BB80000u, 0x01000000u, 0x281D0027u, 0x381D0027u, 0x38210005u, 0x00030003u, 0x800DE0E0u, 0x0C0A0A0Au,
    0x0C0C0C0Cu, 0x0A0A0C0Cu, 0x00000A0Au, 0x04040404u, 0x04040404u, 0x04040404u, 0x00000606u, 0x01000408u,
    0x01010101u, 0x0A060201u, 0x00000A0Au, 0x00141000u, 0x0210140Cu, 0x14020014u, 0x00140800u, 0x00001400u,
    0x00100000u, 0x00000210u, 0x0C000008u, 0x00020800u, 0x1000020Cu, 0x00000002u, 0x02020210u, 0x02080202u,
    0x02020C02u, 0x07070303u, 0x06050202u, 0x03070300u, 0x06050201u, 0x06050201u, 0x080B0804u, 0x02050201u,
    0x00030300u, 0x040B0B04u, 0x0A0A0909u, 0x0B040804u, 0x0A090A09u, 0x04050400u, 0x04040302u, 0x03010302u,
    0x02030201u, 0x01010302u, 0x04050400u, 0x00A00390u, 0x00200008u, 0x00A00398u, 0x00200008u, 0x00A003A0u,
    0x00200008u, 0x00A003A8u, 0x00200008u, 0x00C00390u, 0x00200008u, 0x00C00398u, 0x00200008u, 0x00C003A0u,
    0x00200008u, 0x00C003A8u, 0x00200008u, 0x800931B4u, 0x000003B0u, 0x00000008u, 0x00000005u, 0x00410220u,
    0x00010010u, 0x00420220u, 0x00010010u, 0x00430220u, 0x00010010u, 0x00440220u, 0x00010010u, 0x00450220u,
    0x00010010u, 0x00460220u, 0x00010010u, 0x00470220u, 0x00010010u, 0x00480220u, 0x00010010u, 0x00490220u,
    0x00010010u, 0x004A0220u, 0x00010010u, 0x004B0220u, 0x00010010u, 0x004C0220u, 0x00010010u, 0x004D0220u,
    0x00010010u, 0x004E0220u, 0x00010010u, 0x004F0220u, 0x00010010u, 0x00500220u, 0x00010010u, 0x8009320Cu,
    0x00400220u, 0x00000010u, 0x00000001u, 0x01E20320u, 0x00010010u, 0x01E30320u, 0x00010010u, 0x01E40320u,
    0x00010010u, 0x01E50320u, 0x00010010u, 0x01E50320u, 0x00010010u, 0x01E40320u, 0x00010010u, 0x01E30320u,
    0x00010010u, 0x800932A4u, 0x01E10320u, 0x00000007u, 0x00000004u, 0x00610210u, 0x00010010u, 0x00620210u,
    0x00010010u, 0x00630210u, 0x00010010u, 0x00640210u, 0x00010010u, 0x00650210u, 0x00010010u, 0x00660210u,
    0x00010010u, 0x00670210u, 0x00010010u, 0x800932F4u, 0x00600210u, 0x00000007u, 0x00000002u, 0x00810230u,
    0x00010010u, 0x00820230u, 0x00010010u, 0x00830230u, 0x00010010u, 0x00840230u, 0x00010010u, 0x00850230u,
    0x00010010u, 0x80093344u, 0x00800230u, 0x00000005u, 0x00000002u, 0x00810200u, 0x00010010u, 0x00820200u,
    0x00010010u, 0x00830200u, 0x00010010u, 0x00840200u, 0x00010010u, 0x80093384u, 0x00800200u, 0x00000004u,
    0x00000006u, 0x00810210u, 0x00010010u, 0x00820210u, 0x00010010u, 0x00830210u, 0x00010010u, 0x00840210u,
    0x00010010u, 0x800933BCu, 0x00800210u, 0x00000004u, 0x00000006u, 0x00810220u, 0x00010010u, 0x00820220u,
    0x00010010u, 0x00830220u, 0x00010010u, 0x00840220u, 0x00010010u, 0x800933F4u, 0x00800220u, 0x00000004u,
    0x00000006u, 0x00400220u, 0x00010010u, 0x00410220u, 0x00010010u, 0x8009342Cu, 0x00330230u, 0x00000002u,
    0x0000000Au, 0x00420220u, 0x00010010u, 0x00430220u, 0x00010010u, 0x00440220u, 0x00010010u, 0x00450220u,
    0x00010010u, 0x00460220u, 0x00010010u, 0x80093454u, 0x00340210u, 0x00000005u, 0x00000005u, 0x00470220u,
    0x00010010u, 0x00480220u, 0x00010010u, 0x80093494u, 0x003D0210u, 0x00000002u, 0x00000014u, 0x00490220u,
    0x00010010u, 0x004A0220u, 0x00010010u, 0x800934BCu, 0x00250230u, 0x00000002u, 0x00000014u, 0x004B0220u,
    0x00010010u, 0x004C0220u, 0x00010010u, 0x800934E4u, 0x00300230u, 0x00000002u, 0x0000000Au, 0x004D0220u,
    0x00010010u, 0x004E0220u, 0x00010010u, 0x8009350Cu, 0x002C0230u, 0x00000002u, 0x00000014u, 0x00C8F000u,
    0xFE7000C8u, 0x10001000u, 0x10000000u, 0x00001000u, 0x10001000u, 0x00000020u, 0x00000020u, 0x00000020u,
    0x30A46000u, 0x0029601Fu, 0xFFFF7F00u, 0xFFFF7F1Fu, 0x00000002u, 0x00000001u, 0x00000001u, 0x00000004u,
    0x00000003u, 0x00000003u, 0x00000005u, 0x00000005u, 0x00000005u, 0x00000020u, 0x00000008u, 0x0000000Cu,
    0x00000010u, 0x00000020u, 0x00000014u, 0x00000028u, 0x00000190u, 0x00000258u, 0x00000320u, 0x000003E8u,
    0x000004B0u, 0x00000578u, 0xFFFFFFECu, 0x00000113u, 0xFFFFFFF1u, 0xFFFFFF88u, 0xFFFFFFF1u, 0xFFFFFF88u,
    0xFFFFFFF1u, 0xFFFFFF88u, 0xFFFFFFF1u, 0xFFFFFF88u, 0xFFFFFFE7u, 0x000000E1u, 0xFFFFFFF1u, 0xFFFFFF88u,
    0x00010000u, 0x00040002u, 0x00060005u, 0x00080007u, 0xFFFF0009u, 0xFFFF000Au, 0xFFFF000Bu, 0x00140013u,
    0x00160015u, 0x00180017u, 0x001A0019u, 0x00250024u, 0x0000FFFFu, 0x80093618u, 0x8009362Cu, 0x80093630u,
    0x80093634u, 0x01C8002Cu, 0x0153037Eu, 0x00090002u, 0x01A80340u, 0x00200000u, 0x037D01C2u, 0x00030146u,
    0x0340000Du, 0x000001A8u, 0x01B20015u, 0x0100037Cu, 0x00120004u, 0x01A80340u, 0x00100000u, 0x036D01AAu,
    0x00040160u, 0x03400012u, 0x0000019Du, 0x01CF003Fu, 0x0153037Cu, 0x000B0002u, 0x01A00340u, 0x00360000u,
    0x037A01D1u, 0x0002014Eu, 0x0340000Eu, 0x000001A0u, 0x01D4002Au, 0x013F037Au, 0x000F0003u, 0x01A00340u,
    0x001F0000u, 0x037D01D2u, 0x00030137u, 0x0340000Fu, 0x000001A0u, 0x01C50011u, 0x0112037Cu, 0x00130004u,
    0x01A00340u, 0x00100000u, 0x037101AAu, 0x000F018Du, 0x0340003Au, 0x000101AFu, 0x002F0106u, 0x01C70371u,
    0x0021000Au, 0x01AE0340u, 0x00200001u, 0x036D0034u, 0x000C0168u, 0x0340001Bu, 0x0001019Fu, 0x019D0351u,
    0x004A0020u, 0x01AA0340u, 0x03C00000u, 0x00390169u, 0x0340001Fu, 0x000001ABu, 0x01000340u, 0x009D002Du,
    0x01AC0340u, 0x03400000u, 0x002D0100u, 0x0340009Du, 0x000001ACu, 0x01AC012Fu, 0x013F036Du, 0x0029000Du,
    0x01A40340u, 0x012C0001u, 0x03690000u, 0x001601E8u, 0x0340000Cu, 0x000001A5u, 0x01A5012Cu, 0x0100036Du,
    0x003F000Fu, 0x01A60340u, 0x00460001u, 0x02C0005Au, 0x0017014Bu, 0x02F00023u, 0x000201C6u, 0x008C0046u,
    0x01B702C8u, 0x00230016u, 0x01DB02C0u, 0x00460002u, 0x02DE00BEu, 0x002201B8u, 0x02C00023u, 0x000201DBu,
    0x00F00046u, 0x012802C0u, 0x00230023u, 0x01DB02C0u, 0x00460002u, 0x02C00122u, 0x001F0196u, 0x02C00021u,
    0x000201DBu, 0x01540046u, 0x010002E9u, 0x0028000Du, 0x01DB02C0u, 0x00D20002u, 0x02DF00C3u, 0x001F019Bu,
    0x02C0001Du, 0x000201DBu, 0x00F500D6u, 0x019B02DFu, 0x001D001Fu, 0x01DB02C0u, 0x007E0002u, 0x02D70156u,
    0x000B014Bu, 0x02D00023u, 0x000301DBu, 0x0156007Eu, 0x01E003C0u, 0x001E0009u, 0x01DB02D0u, 0x00AA0003u,
    0x02C0008Cu, 0x0022016Eu, 0x02C00028u, 0x000201DBu, 0x008C00AAu, 0x012802E3u, 0x0023001Bu, 0x01DB02C0u,
    0x00AA0000u, 0x02E2008Cu, 0x001D014Bu, 0x02C00028u, 0x000001DBu, 0x008C00AAu, 0x010002C0u, 0x00280029u,
    0x01DB02C0u, 0x00AA0000u, 0x02E2008Cu, 0x001C0173u, 0x02C00028u, 0x000001DBu, 0x008C00AAu, 0x01DB03DCu,
    0x00230018u, 0x01DB02C0u, 0x00AA0000u, 0x03C9008Cu, 0x001301DBu, 0x02C00023u, 0x000001DBu, 0x00CC00F0u,
    0x019B03D0u, 0x000B0014u, 0x01A603D0u, 0x00F40002u, 0x03D000FEu, 0x0014019Bu, 0x03D0000Bu, 0x000201A6u,
    0x0000FFFFu, 0x005A0046u, 0x014B02C0u, 0x00230017u, 0x01DB02D0u, 0x00460002u, 0x02C8008Cu, 0x001601B7u,
    0x02C00023u, 0x000201DBu, 0x00BE0046u, 0x01B802DEu, 0x00230022u, 0x01DB02C0u, 0x00460002u, 0x02C000F0u,
    0x00230128u, 0x02C00023u, 0x000201DBu, 0x01220046u, 0x019602C0u, 0x0021001Fu, 0x01DB02C0u, 0x00460002u,
    0x02E90154u, 0x000D0100u, 0x02C00028u, 0x000201DBu, 0x00C300D8u, 0x019B02DFu, 0x001D001Fu, 0x01DB02C0u,
    0x00DC0002u, 0x02DF00F5u, 0x001F019Bu, 0x02C0001Du, 0x000201DBu, 0x01560084u, 0x014B02D7u, 0x0023000Bu,
    0x01DB02D0u, 0x00840003u, 0x03C00156u, 0x000901E0u, 0x02D0001Eu, 0x000301DBu, 0x008C00A8u, 0x016E02C0u,
    0x00280022u, 0x01DB02C0u, 0x00A80002u, 0x02E3008Cu, 0x001B0128u, 0x02C00023u, 0x000201DBu, 0x008C00A8u,
    0x014B02E2u, 0x0028001Du, 0x01DB02C0u, 0x00A80002u, 0x02C0008Cu, 0x00290100u, 0x02C00028u, 0x000201DBu,
    0x008C00A8u, 0x017302E2u, 0x0028001Cu, 0x01DB02C0u, 0x00A80002u, 0x03DC008Cu, 0x001801DBu, 0x02C00023u,
    0x000201DBu, 0x008C00A8u, 0x01DB03C9u, 0x00230013u, 0x01DB02C0u, 0x00F60002u, 0x03D000CCu, 0x0014019Bu,
    0x03D0000Bu, 0x000201A6u, 0x00FE00FAu, 0x019B03D0u, 0x000B0014u, 0x01A603D0u, 0xFFFF0002u, 0x005A002Du,
    0x01BE02E4u, 0x0023001Cu, 0x01C502C0u, 0x002D0002u, 0x03E8008Cu, 0x001801B3u, 0x02C00028u, 0x000201DBu,
    0x00BE002Du, 0x014B02D5u, 0x0028002Bu, 0x01DB02C0u, 0x002D0002u, 0x02DC00F0u, 0x001F019Bu, 0x02C00023u,
    0x000201DBu, 0x0122002Du, 0x01DB03E3u, 0x0024001Du, 0x01DB02C0u, 0x002D0002u, 0x02C20154u, 0x00150174u,
    0x02C00028u, 0x000201DBu, 0x00C300E3u, 0x01E203C0u, 0x001D001Fu, 0x01DB02C0u, 0x00B30002u, 0x03C000F5u,
    0x001F01E2u, 0x02C0001Du, 0x000201DBu, 0x01560097u, 0x012802DBu, 0x0023000Au, 0x01C502C0u, 0x00970003u,
    0x02D70159u, 0x000C01C4u, 0x02C0001Eu, 0x000301C5u, 0x008C0097u, 0x010002C0u, 0x00280022u, 0x01DB02C0u,
    0x00970002u, 0x02E5008Cu, 0x001B0128u, 0x02C00023u, 0x000201DBu, 0x008C0097u, 0x010002E3u, 0x0028001Du,
    0x01DB02C0u, 0x00970002u, 0x02D7008Cu, 0x00290173u, 0x02C00028u, 0x000201DBu, 0x008C0097u, 0x019C02C0u,
    0x0028001Cu, 0x01DB02C0u, 0x00970002u, 0x02C0008Cu, 0x00180128u, 0x02C00023u, 0x000201DBu, 0x008C0097u,
    0x015102C0u, 0x00230013u, 0x01DB02C0u, 0x01010002u, 0x03D000CCu, 0x0014019Bu, 0x03D0000Bu, 0x000201A6u,
    0x00FE00D1u, 0x019B03D0u, 0x000B0014u, 0x01A603D0u, 0xFFFF0002u, 0x005A0023u, 0x01C102C0u, 0x00230012u,
    0x017202C0u, 0x00230002u, 0x03D0008Cu, 0x00240178u, 0x02C00023u, 0x0002016Eu, 0x00BE0023u, 0x017502C0u,
    0x0024002Au, 0x016E02C0u, 0x00230002u, 0x02C000F0u, 0x002B0100u, 0x02C00024u, 0x0002016Eu, 0x01220023u,
    0x014C02C0u, 0x00210024u, 0x016E02C0u, 0x00230002u, 0x02EA0154u, 0x000D0174u, 0x02C00028u, 0x0002016Eu,
    0x00C300D5u, 0x01BF03E1u, 0x001D001Fu, 0x016E02C0u, 0x00D90002u, 0x03E100F5u, 0x001F01BFu, 0x02C0001Du,
    0x0002016Eu, 0x01560061u, 0x017402F7u, 0x00280008u, 0x017202C0u, 0x00610003u, 0x02E90156u, 0x000D019Cu,
    0x02C00023u, 0x00030172u, 0x008C00BDu, 0x012402C0u, 0x00280022u, 0x016E02C0u, 0x00BD0002u, 0x03E5008Cu,
    0x001B01DCu, 0x02C00023u, 0x0002016Eu, 0x008C00BDu, 0x012402E2u, 0x0028001Du, 0x016E02C0u, 0x00BD0002u,
    0x02C0008Cu, 0x00290199u, 0x02C00028u, 0x0002016Eu, 0x008C00BDu, 0x014C02E4u, 0x0028001Cu, 0x016E02C0u,
    0x00BD0002u, 0x03CD008Cu, 0x001801DCu, 0x02C00023u, 0x0002016Eu, 0x008C00BDu, 0x01C102D7u, 0x00230013u,
    0x016E02C0u, 0x00F30002u, 0x03D000CCu, 0x0014019Bu, 0x03D0000Bu, 0x000201A6u, 0x00FE00F7u, 0x019B03D0u,
    0x000B0014u, 0x01A603D0u, 0xFFFF0002u, 0x005A002Du, 0x017302C0u, 0x00230016u, 0x01E202C0u, 0x002D0002u,
    0x03D0008Cu, 0x002801B5u, 0x02C00028u, 0x000201E7u, 0x00BE002Du, 0x019B02D8u, 0x00240027u, 0x01E702C0u,
    0x002D0002u, 0x02C000F0u, 0x00260100u, 0x02C00023u, 0x000201E7u, 0x0122002Du, 0x01DD03C0u, 0x00230028u,
    0x01E702C0u, 0x002D0002u, 0x02C10154u, 0x000E01B9u, 0x02C00023u, 0x000201E7u, 0x00C300D3u, 0x01BF02E0u,
    0x001D001Fu, 0x01E702C0u, 0x00CF0002u, 0x02E000F5u, 0x001F01BFu, 0x02C0001Du, 0x000201E7u, 0x0156006Fu,
    0x014B02C0u, 0x00240008u, 0x01E202C0u, 0x006F0003u, 0x02CF0156u, 0x000901B9u, 0x02C0001Eu, 0x000301E2u,
    0x008C00D7u, 0x012302C0u, 0x00280022u, 0x01E702C0u, 0x00D70002u, 0x02C8008Cu, 0x001B014Bu, 0x02C00023u,
    0x000201E7u, 0x008C00D7u, 0x012302E3u, 0x0028001Du, 0x01E702C0u, 0x00D70002u, 0x02D6008Cu, 0x00290173u,
    0x02C00028u, 0x000201E7u, 0x008C00D7u, 0x014B02E3u, 0x0028001Cu, 0x01E702C0u, 0x00D70002u, 0x02E8008Cu,
    0x00180100u, 0x02C00023u, 0x000201E7u, 0x008C00D7u, 0x019602C0u, 0x00230013u, 0x01E702C0u, 0x00F10002u,
    0x03D000CCu, 0x0014019Bu, 0x03D0000Bu, 0x000201A6u, 0x00FE00EDu, 0x019B03D0u, 0x000B0014u, 0x01A603D0u,
    0xFFFF0002u, 0x005A002Du, 0x017302C0u, 0x00230016u, 0x01CC02C0u, 0x002D0002u, 0x02EB008Cu, 0x001501BEu,
    0x02C00023u, 0x000201CDu, 0x00BE002Du, 0x014B02DCu, 0x00230024u, 0x01CD02C0u, 0x002D0002u, 0x02C000F0u,
    0x00220100u, 0x02C00023u, 0x000201CDu, 0x0122002Du, 0x01D803C0u, 0x00280020u, 0x01CD02C0u, 0x002D0002u,
    0x02C00154u, 0x000D0196u, 0x02C00023u, 0x000201CDu, 0x00C300C7u, 0x01D703E1u, 0x001D001Fu, 0x01CD02C0u,
    0x00BF0002u, 0x03E100F5u, 0x001F01D7u, 0x02C0001Du, 0x000201CDu, 0x0154006Bu, 0x019602CDu, 0x00230007u,
    0x01CC02C0u, 0x006B0003u, 0x02E20158u, 0x000901BEu, 0x02C0001Eu, 0x000301CCu, 0x008C008Bu, 0x012302C0u,
    0x00280022u, 0x01CD02C0u, 0x008B0002u, 0x02E5008Cu, 0x001B0128u, 0x02C00023u, 0x000201CDu, 0x008C008Bu,
    0x010002E3u, 0x0028001Du, 0x01CD02C0u, 0x008B0002u, 0x02D7008Cu, 0x00290173u, 0x02C00028u, 0x000201CDu,
    0x008C008Bu, 0x014B02C0u, 0x0028001Cu, 0x01CD02C0u, 0x008B0002u, 0x02D4008Cu, 0x0018019Bu, 0x02C00023u,
    0x000201CDu, 0x008C008Bu, 0x019B02EDu, 0x00230013u, 0x01CD02C0u, 0x00E50002u, 0x03D000CCu, 0x0014019Bu,
    0x03D0000Bu, 0x000201A6u, 0x00FE00DDu, 0x019B03D0u, 0x000B0014u, 0x01A603D0u, 0xFFFF0002u, 0x00020000u,
    0x00220010u, 0x00020010u, 0x00220018u, 0x00020028u, 0x00220018u, 0x00020040u, 0x00220018u, 0x00020058u,
    0x00220018u, 0x00270000u, 0x00220018u, 0x00270018u, 0x00220018u, 0x00270030u, 0x00220018u, 0x0027004Cu,
    0x00220018u, 0x00270068u, 0x00220018u, 0x00020074u, 0x0022000Cu, 0x00010001u, 0x001D000Cu, 0x0001000Fu,
    0x001D0015u, 0x00010025u, 0x001D0014u, 0x0001003Cu, 0x001D0014u, 0x00010052u, 0x001D0015u, 0x00010069u,
    0x001D0015u, 0x0001007Fu, 0x001D0013u, 0x00010093u, 0x001D0015u, 0x000100A9u, 0x001D0014u, 0x000100BFu,
    0x001D0015u, 0x000100D5u, 0x001D000Bu, 0x0013000Au, 0x0000000Cu, 0x00130010u, 0x0000001Cu, 0x00130010u,
    0x0000002Cu, 0x00130010u, 0x0000003Cu, 0x00130010u, 0x0000004Cu, 0x00130010u, 0x0000005Cu, 0x00130010u,
    0x0000006Cu, 0x00130010u, 0x0000007Cu, 0x00130010u, 0x0000008Cu, 0x00130010u, 0x0000009Cu, 0x00130008u,
    0x00140000u, 0x00160008u, 0x00130008u, 0x0013000Cu, 0x00130014u, 0x0013000Eu, 0x00130024u, 0x0013000Fu,
    0x00130034u, 0x0013000Cu, 0x00130040u, 0x00130010u, 0x00130050u, 0x0013000Fu, 0x00130060u, 0x0013000Du,
    0x00130070u, 0x00180010u, 0x00130080u, 0x00130010u, 0x00130090u, 0x0013000Bu, 0x0013009Cu, 0x0017000Eu,
    0x002A0000u, 0x0013000Fu, 0x002A0010u, 0x0013000Au, 0x002A001Cu, 0x00130014u, 0x002A0030u, 0x0013000Fu,
    0x002A0040u, 0x0013000Fu, 0x002A0050u, 0x00170010u, 0x002A0060u, 0x0017000Fu, 0x002A0070u, 0x0013000Cu,
    0x002A007Cu, 0x0013000Eu, 0x002A008Cu, 0x0013000Cu, 0x00410000u, 0x0013000Fu, 0x00410010u, 0x0013000Du,
    0x00410020u, 0x00130012u, 0x00410034u, 0x00130010u, 0x00410044u, 0x00170010u, 0x00410054u, 0x0013000Fu,
    0x008700A0u, 0x00130010u, 0x00400020u, 0x0002000Eu, 0x00870084u, 0x0013000Au, 0x00870090u, 0x00130008u,
    0x0067004Cu, 0x0100036Au, 0x00070003u, 0x01070370u, 0x00370000u, 0x03660066u, 0x00040100u, 0x0370000Au,
    0x00000107u, 0x005D0024u, 0x01000360u, 0x000D0006u, 0x01070370u, 0x001E0000u, 0x03560056u, 0x0006010Bu,
    0x0370000Du, 0x0000010Bu, 0x0068004Du, 0x019D0366u, 0x000B0002u, 0x01C102F0u, 0x00440000u, 0x03640069u,
    0x0002019Du, 0x02F0000Eu, 0x000001C1u, 0x006B0038u, 0x0122036Du, 0x000F0003u, 0x01C102F0u, 0x002D0000u,
    0x036D006Au, 0x00030113u, 0x02F0000Fu, 0x000001C1u, 0x0063001Fu, 0x0100036Du, 0x00130004u, 0x01C102F0u,
    0x001E0000u, 0x03520056u, 0x001201B0u, 0x0370001Du, 0x0001010Au, 0x00130021u, 0x010E0360u, 0x000E000Bu,
    0x01110370u, 0x00210001u, 0x035B0024u, 0x000D01A3u, 0x0370000Cu, 0x00010147u, 0x011C0340u, 0x0028002Cu,
    0x010C0370u, 0x03400000u, 0x00200100u, 0x0370001Cu, 0x0000010Du, 0x01440340u, 0x005F0030u, 0x010E0370u,
    0x03400000u, 0x00300144u, 0x0370005Fu, 0x0000010Eu, 0x005A01B2u, 0x01180370u, 0x00130010u, 0x01050370u,
    0x012C0001u, 0x03690000u, 0x001601E8u, 0x0000000Cu, 0x005601B0u, 0x01B00340u, 0x001D0012u, 0x01040370u,
    0x00780001u, 0x035B0014u, 0x001201CDu, 0x03700012u, 0x00020110u, 0x00230078u, 0x01EB036Eu, 0x00120011u,
    0x014B0370u, 0x00780002u, 0x03400032u, 0x001B01CAu, 0x03700012u, 0x0002014Bu, 0x00410078u, 0x01B80340u,
    0x0012001Bu, 0x014B0370u, 0x00780002u, 0x03400050u, 0x001801DCu, 0x03700011u, 0x0002014Bu, 0x005F0078u,
    0x01B8035Bu, 0x00140009u, 0x014B0370u, 0x01060002u, 0x0370003Au, 0x000E013Fu, 0x03700004u, 0x0002014Au,
    0x00490106u, 0x013F0370u, 0x0004000Eu, 0x014A0370u, 0x00000002u, 0x03770000u, 0x000C012Bu, 0x03700023u,
    0x0000014Bu, 0x012B0370u, 0x00100007u, 0x014B0370u, 0x00E60000u, 0x03600023u, 0x001C0188u, 0x03700014u,
    0x0002014Bu, 0x002300E6u, 0x01DF0358u, 0x00120015u, 0x014B0370u, 0x00E60000u, 0x03680023u, 0x001701B9u,
    0x03700014u, 0x0000014Bu, 0x002300E6u, 0x01980340u, 0x00140016u, 0x014B0370u, 0x00E60000u, 0x035F0023u,
    0x002001A5u, 0x03700014u, 0x0000014Bu, 0x002300E6u, 0x01ED0340u, 0x00120012u, 0x014B0370u, 0x00E60000u,
    0x03400023u, 0x00190187u, 0x03700011u, 0x0000014Bu, 0x003400FAu, 0x01F20356u, 0x000C0014u, 0x014B0370u,
    0x00FA0002u, 0x03560043u, 0x001401F2u, 0x0370000Cu, 0x0002014Bu, 0x0000FFFFu, 0x0032005Au, 0x01C702C0u,
    0x00120020u, 0x011202F0u, 0x005A0002u, 0x02C0004Au, 0x001E0113u, 0x02F00012u, 0x00020110u, 0x0062005Au,
    0x014102C0u, 0x0012002Fu, 0x011002F0u, 0x005A0002u, 0x02C0007Au, 0x00300153u, 0x02F00012u, 0x00020110u,
    0x0092005Au, 0x016502C0u, 0x0011002Bu, 0x011002F0u, 0x005A0002u, 0x02EF00AAu, 0x00110165u, 0x02F00015u,
    0x00020110u, 0x0069013Bu, 0x01A30340u, 0x00050010u, 0x010F0370u, 0x013B0002u, 0x03400081u, 0x001001A3u,
    0x03700005u, 0x0002010Fu, 0x00AA00A0u, 0x01B202E8u, 0x00120010u, 0x011202F0u, 0x00A00003u, 0x02EA00AAu,
    0x000C01A0u, 0x02F0000Fu, 0x00030112u, 0x004A00E1u, 0x01D902C0u, 0x0015002Fu, 0x011002F0u, 0x00E10002u,
    0x02C0004Au, 0x002601A0u, 0x02F00012u, 0x00020110u, 0x004A00E1u, 0x01B202C0u, 0x00150028u, 0x011002F0u,
    0x00E10002u, 0x02C0004Au, 0x0038018Bu, 0x02F00015u, 0x00020110u, 0x004A00E1u, 0x017602C0u, 0x00150026u,
    0x011002F0u, 0x00E10002u, 0x02C0004Au, 0x00210100u, 0x02F00012u, 0x00020110u, 0x004A00E1u, 0x01C702E0u,
    0x0012001Au, 0x011002F0u, 0x01220002u, 0x02CC0064u, 0x001D012Bu, 0x02F0000Fu, 0x00020110u, 0x007C0122u,
    0x012B02CCu, 0x000F001Du, 0x011002F0u, 0xFFFF0002u, 0x0032005Au, 0x01C702C0u, 0x00120026u, 0x010202F0u,
    0x005A0002u, 0x02DD004Au, 0x00200117u, 0x02F00015u, 0x00020104u, 0x0062005Au, 0x013A02C0u, 0x0015003Cu,
    0x010402F0u, 0x005A0002u, 0x02C0007Au, 0x002B0162u, 0x02F00012u, 0x00020104u, 0x0092005Au, 0x014F02C0u,
    0x00130028u, 0x010402F0u, 0x005A0002u, 0x02C000AAu, 0x001D0125u, 0x02F00015u, 0x00020104u, 0x00690172u,
    0x01A30340u, 0x00050010u, 0x010F0370u, 0x014A0002u, 0x03400081u, 0x001001A3u, 0x03700005u, 0x0002010Fu,
    0x00AA00A0u, 0x01B502EEu, 0x0012000Eu, 0x010202F0u, 0x00A00003u, 0x02E600AAu, 0x00100189u, 0x02F0000Fu,
    0x00030102u, 0x004A00E1u, 0x01D902C0u, 0x0015002Fu, 0x010402F0u, 0x00E10002u, 0x02C0004Au, 0x002601A0u,
    0x02F00012u, 0x00020104u, 0x004A00E1u, 0x01B202C0u, 0x00150028u, 0x010402F0u, 0x00E10002u, 0x02C0004Au,
    0x00380174u, 0x02F00015u, 0x00020104u, 0x004A00E1u, 0x018902C0u, 0x00150026u, 0x010402F0u, 0x00E10002u,
    0x02C0004Au, 0x00210100u, 0x02F00012u, 0x00020104u, 0x004A00E1u, 0x01C702E6u, 0x0012001Au, 0x010402F0u,
    0x01590002u, 0x02DF0064u, 0x001D012Cu, 0x02F0000Fu, 0x00020104u, 0x007C0131u, 0x012C02DFu, 0x000F001Du,
    0x010402F0u, 0xFFFF0002u, 0x00320028u, 0x01C702C0u, 0x00120018u, 0x010202F0u, 0x00280002u, 0x02C0004Au,
    0x00320113u, 0x02F00012u, 0x00020104u, 0x00620028u, 0x013F02C0u, 0x0013003Bu, 0x010402F0u, 0x00280002u,
    0x02C0007Au, 0x003C0163u, 0x02F00013u, 0x00020104u, 0x00920028u, 0x015202C0u, 0x00110039u, 0x010402F0u,
    0x00280002u, 0x02C000AAu, 0x00110125u, 0x02F00015u, 0x00020104u, 0x0069013Cu, 0x01A30340u, 0x00050010u,
    0x010F0370u, 0x01400002u, 0x03400081u, 0x001001A3u, 0x03700005u, 0x0002010Fu, 0x00AA007Bu, 0x01B202ECu,
    0x0015000Bu, 0x010202F0u, 0x007B0003u, 0x02E600AAu, 0x0012018Bu, 0x02F00012u, 0x00030102u, 0x004A00FFu,
    0x01D902C0u, 0x0015002Fu, 0x010402F0u, 0x00FF0002u, 0x02C0004Au, 0x002601A0u, 0x02F00012u, 0x00020104u,
    0x004A00FFu, 0x01B202C0u, 0x00150028u, 0x010402F0u, 0x00FF0002u, 0x02C0004Au, 0x00380176u, 0x02F00015u,
    0x00020104u, 0x004A00FFu, 0x018B02C0u, 0x00150026u, 0x010402F0u, 0x00FF0002u, 0x02C0004Au, 0x00210100u,
    0x02F00012u, 0x00020104u, 0x004A00FFu, 0x01C702E0u, 0x0012001Au, 0x010402F0u, 0x01230002u, 0x02D10064u,
    0x001D012Bu, 0x02F0000Fu, 0x00020104u, 0x007C0127u, 0x012B02D1u, 0x000F001Du, 0x010402F0u, 0xFFFF0002u,
    0x0032005Au, 0x01C702C0u, 0x00120020u, 0x010202F0u, 0x005A0002u, 0x02C0004Au, 0x00370114u, 0x02F00015u,
    0x00020104u, 0x0062005Au, 0x013F02C0u, 0x00130036u, 0x010402F0u, 0x005A0002u, 0x02C0007Au, 0x00350164u,
    0x02F00012u, 0x00020104u, 0x0092005Au, 0x015202C0u, 0x00120038u, 0x010402F0u, 0x005A0002u, 0x02E700AAu,
    0x0013019Au, 0x02F00012u, 0x00020104u, 0x0069015Au, 0x01A30340u, 0x00050010u, 0x010F0370u, 0x01560002u,
    0x03400081u, 0x001001A3u, 0x03700005u, 0x0002010Fu, 0x00AA0145u, 0x01D902EFu, 0x0013000Au, 0x010202F0u,
    0x01450003u, 0x02EE00AAu, 0x000C018Bu, 0x02F0000Fu, 0x00030102u, 0x004A0145u, 0x01D902C0u, 0x0015002Fu,
    0x010402F0u, 0x01450002u, 0x02C0004Au, 0x002601A0u, 0x02F00012u, 0x00020104u, 0x004A0145u, 0x01B202C0u,
    0x00150028u, 0x010402F0u, 0x01450002u, 0x02C0004Au, 0x00380176u, 0x02F00015u, 0x00020104u, 0x004A0145u,
    0x018B02C0u, 0x00150026u, 0x010402F0u, 0x01450002u, 0x02C0004Au, 0x00210100u, 0x02F00012u, 0x00020104u,
    0x004A0145u, 0x01C702E0u, 0x0012001Au, 0x010402F0u, 0x01410002u, 0x02CC0064u, 0x001D012Bu, 0x02F0000Fu,
    0x00020104u, 0x007C013Du, 0x012B02CCu, 0x000F001Du, 0x010402F0u, 0xFFFF0002u, 0x0032005Au, 0x01C702C0u,
    0x00120020u, 0x010202F0u, 0x005A0002u, 0x02C0004Au, 0x001E0113u, 0x02F00012u, 0x00020104u, 0x0062005Au,
    0x013D02C0u, 0x00120032u, 0x010402F0u, 0x005A0002u, 0x02C0007Au, 0x00300164u, 0x02F00012u, 0x00020104u,
    0x0092005Au, 0x014F02C0u, 0x0015002Cu, 0x010402F0u, 0x005A0002u, 0x02EF00AAu, 0x0011014Fu, 0x02F00012u,
    0x00020104u, 0x0069014Au, 0x01A30340u, 0x00050010u, 0x010F0370u, 0x01420002u, 0x03400081u, 0x001001A3u,
    0x03700005u, 0x0002010Fu, 0x00AA00ADu, 0x01B202E8u, 0x0012000Au, 0x010202F0u, 0x00AD0003u, 0x02EC00AAu,
    0x000C018Bu, 0x02F0000Fu, 0x00030102u, 0x004A00E1u, 0x01D902C0u, 0x0015002Fu, 0x010402F0u, 0x00E10002u,
    0x02C0004Au, 0x002601A0u, 0x02F00012u, 0x00020104u, 0x004A00E1u, 0x01B202C0u, 0x00150028u, 0x010402F0u,
    0x00E10002u, 0x02C0004Au, 0x00380176u, 0x02F00015u, 0x00020104u, 0x004A00E1u, 0x018B02C0u, 0x00150026u,
    0x010402F0u, 0x00E10002u, 0x02C0004Au, 0x00210100u, 0x02F00012u, 0x00020104u, 0x004A00E1u, 0x01C702E0u,
    0x0012001Au, 0x010402F0u, 0x01310002u, 0x02CC0064u, 0x001D012Bu, 0x02F0000Fu, 0x00020104u, 0x007C0129u,
    0x012B02CCu, 0x000F001Du, 0x010402F0u, 0xFFFF0002u, 0x00CF0048u, 0x0100036Au, 0x00070003u, 0x01070370u,
    0x00330000u, 0x036600CEu, 0x00040100u, 0x0370000Au, 0x00000107u, 0x00C50020u, 0x01000360u, 0x000D0006u,
    0x01070370u, 0x001E0000u, 0x03560056u, 0x0006010Bu, 0x0370000Du, 0x0000010Bu, 0x0068004Du, 0x019D0366u,
    0x000B0002u, 0x01C102F0u, 0x00440000u, 0x03640069u, 0x0002019Du, 0x02F0000Eu, 0x000001C1u, 0x006B0038u,
    0x0122036Du, 0x000F0003u, 0x01C102F0u, 0x002D0000u, 0x036D006Au, 0x00030113u, 0x02F0000Fu, 0x000001C1u,
    0x0063001Fu, 0x0100036Du, 0x00130004u, 0x01C102F0u, 0x001A0000u, 0x035200BEu, 0x001201B0u, 0x0370001Du,
    0x0001010Au, 0x0013001Au, 0x010E0360u, 0x000E000Bu, 0x01110370u, 0x001A0001u, 0x035B0022u, 0x000D01A3u,
    0x0370000Cu, 0x00010147u, 0x011C0340u, 0x0028002Cu, 0x010C0370u, 0x03400000u, 0x00200100u, 0x0370001Cu,
    0x0000010Du, 0x01440340u, 0x005F0030u, 0x010E0370u, 0x03400000u, 0x00300144u, 0x0370005Fu, 0x0000010Eu,
    0x00C200B1u, 0x01180370u, 0x00130010u, 0x01050370u, 0x012C0001u, 0x03690000u, 0x001601E8u, 0x0000000Cu,
    0x00BE00AFu, 0x01B00340u, 0x001D0012u, 0x01040370u, 0x00280001u, 0x035B003Cu, 0x001201CDu, 0x03700012u,
    0x00020110u, 0x00500028u, 0x01EB036Eu, 0x00120011u, 0x014B0370u, 0x00280002u, 0x03400064u, 0x001B01CAu,
    0x03700012u, 0x0002014Bu, 0x00780028u, 0x01B80340u, 0x0012001Bu, 0x014B0370u, 0x00280002u, 0x0340008Cu,
    0x001801DCu, 0x03700011u, 0x0002014Bu, 0x00A00028u, 0x01B8035Bu, 0x00140009u, 0x014B0370u, 0x01180002u,
    0x0356003Cu, 0x001401F2u, 0x0370000Cu, 0x0002014Bu, 0x004B0118u, 0x01F20356u, 0x000C0014u, 0x014B0370u,
    0x00000002u, 0x03770000u, 0x000C012Bu, 0x03700023u, 0x0000014Bu, 0x012B0370u, 0x00100007u, 0x014B0370u,
    0x00780000u, 0x03600050u, 0x001C0188u, 0x03700014u, 0x0002014Bu, 0x00500078u, 0x01DF0358u, 0x00120015u,
    0x014B0370u, 0x00780000u, 0x03680050u, 0x001701B9u, 0x03700014u, 0x0000014Bu, 0x00500078u, 0x01980340u,
    0x00140016u, 0x014B0370u, 0x00780000u, 0x035F0050u, 0x002001A5u, 0x03700014u, 0x0000014Bu, 0x00500078u,
    0x01ED0340u, 0x00120012u, 0x014B0370u, 0x00780000u, 0x03400050u, 0x00190187u, 0x03700011u, 0x0000014Bu,
    0x003F011Bu, 0x013F0370u, 0x0004000Eu, 0x014A0370u, 0x011B0002u, 0x0370004Eu, 0x000E013Fu, 0x03700004u,
    0x0002014Au, 0x0000FFFFu, 0x0032005Au, 0x01C702C0u, 0x00120020u, 0x011202F0u, 0x005A0002u, 0x02C0004Au,
    0x001E0113u, 0x02F00012u, 0x00020110u, 0x0062005Au, 0x014102C0u, 0x0012002Fu, 0x011002F0u, 0x005A0002u,
    0x02C0007Au, 0x00300153u, 0x02F00012u, 0x00020110u, 0x0092005Au, 0x016502C0u, 0x0011002Bu, 0x011002F0u,
    0x005A0002u, 0x02EF00AAu, 0x00110165u, 0x02F00015u, 0x00020110u, 0x0069013Bu, 0x01A30340u, 0x00050010u,
    0x010F0370u, 0x013B0002u, 0x03400081u, 0x001001A3u, 0x03700005u, 0x0002010Fu, 0x00AA00A0u, 0x01B202E8u,
    0x00120010u, 0x011202F0u, 0x00A00003u, 0x02EA00AAu, 0x000C01A0u, 0x02F0000Fu, 0x00030112u, 0x004A00E1u,
    0x01D902C0u, 0x0015002Fu, 0x011002F0u, 0x00E10002u, 0x02C0004Au, 0x002601A0u, 0x02F00012u, 0x00020110u,
    0x004A00E1u, 0x01B202C0u, 0x00150028u, 0x011002F0u, 0x00E10002u, 0x02C0004Au, 0x0038018Bu, 0x02F00015u,
    0x00020110u, 0x004A00E1u, 0x017602C0u, 0x00150026u, 0x011002F0u, 0x00E10002u, 0x02C0004Au, 0x00210100u,
    0x02F00012u, 0x00020110u, 0x004A00E1u, 0x01C702E0u, 0x0012001Au, 0x011002F0u, 0x01220002u, 0x02CC0064u,
    0x001D012Bu, 0x02F0000Fu, 0x00020110u, 0x007C0122u, 0x012B02CCu, 0x000F001Du, 0x011002F0u, 0xFFFF0002u,
    0x0032005Au, 0x01C702C0u, 0x00120026u, 0x010202F0u, 0x005A0002u, 0x02DD004Au, 0x00200117u, 0x02F00015u,
    0x00020104u, 0x0062005Au, 0x013A02C0u, 0x0015003Cu, 0x010402F0u, 0x005A0002u, 0x02C0007Au, 0x002B0162u,
    0x02F00012u, 0x00020104u, 0x0092005Au, 0x014F02C0u, 0x00130028u, 0x010402F0u, 0x005A0002u, 0x02C000AAu,
    0x001D0125u, 0x02F00015u, 0x00020104u, 0x00690172u, 0x01A30340u, 0x00050010u, 0x010F0370u, 0x014A0002u,
    0x03400081u, 0x001001A3u, 0x03700005u, 0x0002010Fu, 0x00AA00A0u, 0x01B502EEu, 0x0012000Eu, 0x010202F0u,
    0x00A00003u, 0x02E600AAu, 0x00100189u, 0x02F0000Fu, 0x00030102u, 0x004A00E1u, 0x01D902C0u, 0x0015002Fu,
    0x010402F0u, 0x00E10002u, 0x02C0004Au, 0x002601A0u, 0x02F00012u, 0x00020104u, 0x004A00E1u, 0x01B202C0u,
    0x00150028u, 0x010402F0u, 0x00E10002u, 0x02C0004Au, 0x00380174u, 0x02F00015u, 0x00020104u, 0x004A00E1u,
    0x018902C0u, 0x00150026u, 0x010402F0u, 0x00E10002u, 0x02C0004Au, 0x00210100u, 0x02F00012u, 0x00020104u,
    0x004A00E1u, 0x01C702E6u, 0x0012001Au, 0x010402F0u, 0x01590002u, 0x02DF0064u, 0x001D012Cu, 0x02F0000Fu,
    0x00020104u, 0x007C0131u, 0x012C02DFu, 0x000F001Du, 0x010402F0u, 0xFFFF0002u, 0x0032005Au, 0x01C702C0u,
    0x00120018u, 0x010202F0u, 0x005A0002u, 0x02C0004Au, 0x00320113u, 0x02F00012u, 0x00020104u, 0x0062005Au,
    0x013F02C0u, 0x0013003Bu, 0x010402F0u, 0x005A0002u, 0x02C0007Au, 0x003C0163u, 0x02F00013u, 0x00020104u,
    0x0092005Au, 0x015202C0u, 0x00110039u, 0x010402F0u, 0x005A0002u, 0x02C000AAu, 0x00110125u, 0x02F00015u,
    0x00020104u, 0x0069016Eu, 0x01A30340u, 0x00050010u, 0x010F0370u, 0x01720002u, 0x03400081u, 0x001001A3u,
    0x03700005u, 0x0002010Fu, 0x00AA00ADu, 0x01B202ECu, 0x0015000Bu, 0x010202F0u, 0x00AD0003u, 0x02E600AAu,
    0x0012018Bu, 0x02F00012u, 0x00030102u, 0x004A0131u, 0x01D902C0u, 0x0015002Fu, 0x010402F0u, 0x01310002u,
    0x02C0004Au, 0x002601A0u, 0x02F00012u, 0x00020104u, 0x004A0131u, 0x01B202C0u, 0x00150028u, 0x010402F0u,
    0x01310002u, 0x02C0004Au, 0x00380176u, 0x02F00015u, 0x00020104u, 0x004A0131u, 0x018B02C0u, 0x00150026u,
    0x010402F0u, 0x01310002u, 0x02C0004Au, 0x00210100u, 0x02F00012u, 0x00020104u, 0x004A0131u, 0x01C702E0u,
    0x0012001Au, 0x010402F0u, 0x01550002u, 0x02D10064u, 0x001D012Bu, 0x02F0000Fu, 0x00020104u, 0x007C0159u,
    0x012B02D1u, 0x000F001Du, 0x010402F0u, 0xFFFF0002u, 0x0032005Au, 0x01C702C0u, 0x00120020u, 0x010202F0u,
    0x005A0002u, 0x02C0004Au, 0x00370114u, 0x02F00015u, 0x00020104u, 0x0062005Au, 0x013F02C0u, 0x00130036u,
    0x010402F0u, 0x005A0002u, 0x02C0007Au, 0x00350164u, 0x02F00012u, 0x00020104u, 0x0092005Au, 0x015202C0u,
    0x00120038u, 0x010402F0u, 0x005A0002u, 0x02E700AAu, 0x0013019Au, 0x02F00012u, 0x00020104u, 0x0069015Au,
    0x01A30340u, 0x00050010u, 0x010F0370u, 0x01560002u, 0x03400081u, 0x001001A3u, 0x03700005u, 0x0002010Fu,
    0x00AA0145u, 0x01D902EFu, 0x0013000Au, 0x010202F0u, 0x01450003u, 0x02EE00AAu, 0x000C018Bu, 0x02F0000Fu,
    0x00030102u, 0x004A0145u, 0x01D902C0u, 0x0015002Fu, 0x010402F0u, 0x01450002u, 0x02C0004Au, 0x002601A0u,
    0x02F00012u, 0x00020104u, 0x004A0145u, 0x01B202C0u, 0x00150028u, 0x010402F0u, 0x01450002u, 0x02C0004Au,
    0x00380176u, 0x02F00015u, 0x00020104u, 0x004A0145u, 0x018B02C0u, 0x00150026u, 0x010402F0u, 0x01450002u,
    0x02C0004Au, 0x00210100u, 0x02F00012u, 0x00020104u, 0x004A0145u, 0x01C702E0u, 0x0012001Au, 0x010402F0u,
    0x01410002u, 0x02CC0064u, 0x001D012Bu, 0x02F0000Fu, 0x00020104u, 0x007C013Du, 0x012B02CCu, 0x000F001Du,
    0x010402F0u, 0xFFFF0002u, 0x0032005Au, 0x01C702C0u, 0x00120020u, 0x010202F0u, 0x005A0002u, 0x02C0004Au,
    0x001E0113u, 0x02F00012u, 0x00020104u, 0x0062005Au, 0x013D02C0u, 0x00120032u, 0x010402F0u, 0x005A0002u,
    0x02C0007Au, 0x00300164u, 0x02F00012u, 0x00020104u, 0x0092005Au, 0x014F02C0u, 0x0015002Cu, 0x010402F0u,
    0x005A0002u, 0x02EF00AAu, 0x0011014Fu, 0x02F00012u, 0x00020104u, 0x0069014Au, 0x01A30340u, 0x00050010u,
    0x010F0370u, 0x01420002u, 0x03400081u, 0x001001A3u, 0x03700005u, 0x0002010Fu, 0x00AA00ADu, 0x01B202E8u,
    0x0012000Au, 0x010202F0u, 0x00AD0003u, 0x02EC00AAu, 0x000C018Bu, 0x02F0000Fu, 0x00030102u, 0x004A00E1u,
    0x01D902C0u, 0x0015002Fu, 0x010402F0u, 0x00E10002u, 0x02C0004Au, 0x002601A0u, 0x02F00012u, 0x00020104u,
    0x004A00E1u, 0x01B202C0u, 0x00150028u, 0x010402F0u, 0x00E10002u, 0x02C0004Au, 0x00380176u, 0x02F00015u,
    0x00020104u, 0x004A00E1u, 0x018B02C0u, 0x00150026u, 0x010402F0u, 0x00E10002u, 0x02C0004Au, 0x00210100u,
    0x02F00012u, 0x00020104u, 0x004A00E1u, 0x01C702E0u, 0x0012001Au, 0x010402F0u, 0x01310002u, 0x02CC0064u,
    0x001D012Bu, 0x02F0000Fu, 0x00020104u, 0x007C0129u, 0x012B02CCu, 0x000F001Du, 0x010402F0u, 0xFFFF0002u,
    0x00010000u, 0x00120014u, 0x00010014u, 0x00120024u, 0x00010038u, 0x00120020u, 0x00010058u, 0x00120020u,
    0x00010078u, 0x00120020u, 0x00150000u, 0x00120020u, 0x00150020u, 0x00120020u, 0x00150040u, 0x00120024u,
    0x00150064u, 0x00120020u, 0x00150084u, 0x00120024u, 0x00010098u, 0x00120010u, 0x00010001u, 0x001D000Cu,
    0x0001000Fu, 0x001D0015u, 0x00010025u, 0x001D0014u, 0x0001003Cu, 0x001D0014u, 0x00010052u, 0x001D0015u,
    0x00010069u, 0x001D0015u, 0x0001007Fu, 0x001D0013u, 0x00010093u, 0x001D0015u, 0x000100A9u, 0x001D0014u,
    0x000100BFu, 0x001D0015u, 0x000100D5u, 0x001D000Bu, 0x00010000u, 0x000B000Cu, 0x0001000Cu, 0x000B0012u,
    0x00010020u, 0x000B0012u, 0x00010034u, 0x000B0012u, 0x00010048u, 0x000B0012u, 0x0001005Cu, 0x000B0013u,
    0x000100ACu, 0x000B0011u, 0x00010070u, 0x000B0012u, 0x00010084u, 0x000B0012u, 0x00010098u, 0x000B0013u,
    0x001B00B0u, 0x000B000Au, 0x000D0000u, 0x000D000Au, 0x000D000Cu, 0x000B000Cu, 0x000D0018u, 0x000B0010u,
    0x000D0028u, 0x000B0010u, 0x000D0038u, 0x000B0010u, 0x000D0048u, 0x000B0010u, 0x000D0058u, 0x000B0010u,
    0x000D006Au, 0x000B000Fu, 0x000D0078u, 0x000E0010u, 0x000D0088u, 0x000B0010u, 0x000D0098u, 0x000B000Cu,
    0x001B0000u, 0x000E0010u, 0x001B0010u, 0x000B000Fu, 0x001B0020u, 0x000B000Bu, 0x001B002Cu, 0x000B0016u,
    0x001B0044u, 0x000B0010u, 0x001B0054u, 0x000B0010u, 0x001B0064u, 0x000E0010u, 0x001B0074u, 0x000E0010u,
    0x001B0084u, 0x000B000Fu, 0x001B0094u, 0x000B000Fu, 0x001B00A4u, 0x000B000Cu, 0x00290000u, 0x000B0010u,
    0x00290010u, 0x000B0010u, 0x00290020u, 0x000B0014u, 0x00290034u, 0x000B0010u, 0x00290044u, 0x000E0010u,
    0x00290054u, 0x000B0010u, 0x005200B0u, 0x000B0010u, 0x001B0088u, 0x0002000Du, 0x0052007Cu, 0x000B000Bu,
    0x00520088u, 0x000B000Au, 0x4B434142u, 0x3130465Cu, 0x4D49542Eu, 0x4B434142u, 0x3230465Cu, 0x4D49542Eu,
    0x4B434142u, 0x3330465Cu, 0x4D49542Eu, 0x4B434142u, 0x3430465Cu, 0x4D49542Eu, 0x4B434142u, 0x3530465Cu,
    0x4D49542Eu, 0x4B434142u, 0x3630465Cu, 0x4D49542Eu, 0x4B434142u, 0x3730465Cu, 0x4D49542Eu, 0x4B434142u,
    0x3830465Cu, 0x4D49542Eu, 0x4B434142u, 0x3130465Cu, 0x4D49542Eu, 0x4B434142u, 0x3230465Cu, 0x4D49542Eu,
    0x4B434142u, 0x3330465Cu, 0x4D49542Eu, 0x4B434142u, 0x3430465Cu, 0x4D49542Eu, 0x4B434142u, 0x3530465Cu,
    0x4D49542Eu, 0x4B434142u, 0x3630465Cu, 0x4D49542Eu, 0x4B434142u, 0x3730465Cu, 0x4D49542Eu, 0x4B434142u,
    0x3830465Cu, 0x4D49542Eu, 0x4B434142u, 0x4341425Cu, 0x542E414Bu, 0x00004D49u, 0x4B434142u, 0x4341425Cu,
    0x542E424Bu, 0x00004D49u, 0x4B434142u, 0x4341425Cu, 0x542E434Bu, 0x00004D49u, 0x4B434142u, 0x4341425Cu,
    0x542E444Bu, 0x00004D49u, 0x49534F50u, 0x4E4F4954u, 0x534F505Cu, 0x542E3130u, 0x00004D49u, 0x4B434142u,
    0x5243535Cu, 0x534E4545u, 0x4543535Cu, 0x2E413145u, 0x004D4954u, 0x4B434142u, 0x5243535Cu, 0x534E4545u,
    0x4543535Cu, 0x2E423145u, 0x004D4954u, 0x4B434142u, 0x5243535Cu, 0x534E4545u, 0x4543535Cu, 0x2E433145u,
    0x004D4954u, 0x4B434142u, 0x5243535Cu, 0x534E4545u, 0x4543535Cu, 0x2E443145u, 0x004D4954u, 0x4B434142u,
    0x5243535Cu, 0x534E4545u, 0x5449545Cu, 0x4131454Cu, 0x4D49542Eu, 0x4B434142u, 0x5243535Cu, 0x534E4545u,
    0x5449545Cu, 0x4231454Cu, 0x4D49542Eu, 0x4B434142u, 0x5243535Cu, 0x534E4545u, 0x5449545Cu, 0x4331454Cu,
    0x4D49542Eu, 0x4B434142u, 0x5243535Cu, 0x534E4545u, 0x5449545Cu, 0x4431454Cu, 0x4D49542Eu, 0x45524353u,
    0x5C534E45u, 0x494E4946u, 0x2E314853u, 0x004D4954u, 0x45524353u, 0x5C534E45u, 0x43454843u, 0x49542E4Bu,
    0x0000004Du, 0x45524353u, 0x5C534E45u, 0x424F4F54u, 0x2E314441u, 0x004D4954u, 0x45524353u, 0x5C534E45u,
    0x454D4954u, 0x2E54554Fu, 0x004D4954u, 0x45524353u, 0x5C534E45u, 0x54414544u, 0x49542E48u, 0x0000004Du,
    0x45524353u, 0x5C534E45u, 0x48363532u, 0x5C484749u, 0x4D414843u, 0x2E503250u, 0x004D4954u, 0x45524353u,
    0x5C534E45u, 0x48363532u, 0x5C484749u, 0x474E4953u, 0x5032454Cu, 0x4D49542Eu, 0x45524353u, 0x5C534E45u,
    0x4F52424Eu, 0x2E455A4Eu, 0x004D4954u, 0x45524353u, 0x5C534E45u, 0x4C49534Eu, 0x2E524556u, 0x004D4954u,
    0x45524353u, 0x5C534E45u, 0x4C4F474Eu, 0x49542E44u, 0x0000004Du, 0x45524353u, 0x5C534E45u, 0x48363532u,
    0x5C484749u, 0x474E4F43u, 0x53544152u, 0x4E4F435Cu, 0x32545247u, 0x49542E43u, 0x0000004Du, 0x43530000u,
    0x4E454552u, 0x35325C53u, 0x47494836u, 0x4F435C48u, 0x4152474Eu, 0x435C5354u, 0x52474E4Fu, 0x2E4D3154u,
    0x004D4954u, 0x45524353u, 0x5C534E45u, 0x48363532u, 0x5C484749u, 0x474E4F43u, 0x53544152u, 0x4E4F435Cu,
    0x33545247u, 0x49542E41u, 0x0000004Du, 0x43530000u, 0x4E454552u, 0x35325C53u, 0x47494836u, 0x4F435C48u,
    0x4152474Eu, 0x435C5354u, 0x52474E4Fu, 0x2E573554u, 0x004D4954u, 0x45524353u, 0x5C534E45u, 0x48363532u,
    0x5C484749u, 0x474E4F43u, 0x53544152u, 0x4E4F435Cu, 0x34545247u, 0x49542E4Au, 0x0000004Du, 0x43530000u,
    0x4E454552u, 0x35325C53u, 0x47494836u, 0x4F435C48u, 0x4152474Eu, 0x435C5354u, 0x52474E4Fu, 0x2E4C3654u,
    0x004D4954u, 0x45524353u, 0x5C534E45u, 0x48363532u, 0x5C484749u, 0x474E4F43u, 0x53544152u, 0x4E4F435Cu,
    0x37545247u, 0x49542E46u, 0x0000004Du, 0x43530000u, 0x4E454552u, 0x35325C53u, 0x47494836u, 0x4F435C48u,
    0x4152474Eu, 0x435C5354u, 0x52474E4Fu, 0x542E3854u, 0x00004D49u, 0x5350414Du, 0x41494D5Cu, 0x315F494Du,
    0x4D49542Eu, 0x414D0000u, 0x4D5C5350u, 0x494D4149u, 0x542E325Fu, 0x00004D49u, 0x5350414Du, 0x4E41435Cu,
    0x5F4E4F59u, 0x49542E31u, 0x0000004Du, 0x414D0000u, 0x435C5350u, 0x4F594E41u, 0x2E325F4Eu, 0x004D4954u,
    0x5350414Du, 0x414C415Cu, 0x5F414B53u, 0x49542E31u, 0x0000004Du, 0x414D0000u, 0x415C5350u, 0x4B53414Cu,
    0x2E325F41u, 0x004D4954u, 0x5350414Du, 0x4C49575Cu, 0x2E315F44u, 0x004D4954u, 0x414D0000u, 0x575C5350u,
    0x5F444C49u, 0x49542E32u, 0x0000004Du, 0x5350414Du, 0x4548545Cu, 0x54534F4Cu, 0x49542E31u, 0x0000004Du,
    0x414D0000u, 0x545C5350u, 0x4F4C4548u, 0x2E325453u, 0x004D4954u, 0x5350414Du, 0x56414C5Cu, 0x2E345F41u,
    0x004D4954u, 0x414D0000u, 0x4C5C5350u, 0x5F415641u, 0x49542E33u, 0x0000004Du, 0x5350414Du, 0x41494D5Cu,
    0x345F494Du, 0x4D49542Eu, 0x414D0000u, 0x4D5C5350u, 0x494D4149u, 0x542E335Fu, 0x00004D49u, 0x5350414Du,
    0x4E41435Cu, 0x5F4E4F59u, 0x49542E34u, 0x0000004Du, 0x414D0000u, 0x435C5350u, 0x4F594E41u, 0x2E335F4Eu,
    0x004D4954u, 0x5350414Du, 0x414C415Cu, 0x5F414B53u, 0x49542E34u, 0x0000004Du, 0x414D0000u, 0x415C5350u,
    0x4B53414Cu, 0x2E335F41u, 0x004D4954u, 0x5350414Du, 0x4C49575Cu, 0x2E345F44u, 0x004D4954u, 0x414D0000u,
    0x575C5350u, 0x5F444C49u, 0x49542E33u, 0x0000004Du, 0x5350414Du, 0x4548545Cu, 0x54534F4Cu, 0x49542E34u,
    0x0000004Du, 0x414D0000u, 0x545C5350u, 0x4F4C4548u, 0x2E335453u, 0x004D4954u, 0x5350414Du, 0x56414C5Cu,
    0x2E315F41u, 0x004D4954u, 0x414D0000u, 0x4C5C5350u, 0x5F415641u, 0x49542E32u, 0x0000004Du, 0x52475055u,
    0x53454441u, 0x474E455Cu, 0x474E455Cu, 0x2E41315Fu, 0x004D4954u, 0x50550000u, 0x44415247u, 0x455C5345u,
    0x455C474Eu, 0x315F474Eu, 0x49542E42u, 0x0000004Du, 0x52475055u, 0x53454441u, 0x474E455Cu, 0x474E455Cu,
    0x2E41325Fu, 0x004D4954u, 0x50550000u, 0x44415247u, 0x455C5345u, 0x455C474Eu, 0x325F474Eu, 0x49542E42u,
    0x0000004Du, 0x52475055u, 0x53454441u, 0x474E455Cu, 0x474E455Cu, 0x2E41335Fu, 0x004D4954u, 0x50550000u,
    0x44415247u, 0x455C5345u, 0x455C474Eu, 0x335F474Eu, 0x49542E42u, 0x0000004Du, 0x52475055u, 0x53454441u,
    0x474E455Cu, 0x474E455Cu, 0x2E41345Fu, 0x004D4954u, 0x50550000u, 0x44415247u, 0x455C5345u, 0x455C474Eu,
    0x345F474Eu, 0x49542E42u, 0x0000004Du, 0x52475055u, 0x53454441u, 0x474E455Cu, 0x474E455Cu, 0x2E41355Fu,
    0x004D4954u, 0x50550000u, 0x44415247u, 0x455C5345u, 0x455C474Eu, 0x355F474Eu, 0x49542E42u, 0x0000004Du,
    0x52475055u, 0x53454441u, 0x4F52505Cu, 0x52505C50u, 0x315F504Fu, 0x49542E41u, 0x0000004Du, 0x50550000u,
    0x44415247u, 0x505C5345u, 0x5C504F52u, 0x504F5250u, 0x2E42315Fu, 0x004D4954u, 0x52475055u, 0x53454441u,
    0x4F52505Cu, 0x52505C50u, 0x325F504Fu, 0x49542E41u, 0x0000004Du, 0x50550000u, 0x44415247u, 0x505C5345u,
    0x5C504F52u, 0x504F5250u, 0x2E42325Fu, 0x004D4954u, 0x52475055u, 0x53454441u, 0x4F52505Cu, 0x52505C50u,
    0x335F504Fu, 0x49542E41u, 0x0000004Du, 0x50550000u, 0x44415247u, 0x505C5345u, 0x5C504F52u, 0x504F5250u,
    0x2E42335Fu, 0x004D4954u, 0x52475055u, 0x53454441u, 0x4F52505Cu, 0x52505C50u, 0x345F504Fu, 0x49542E41u,
    0x0000004Du, 0x50550000u, 0x44415247u, 0x505C5345u, 0x5C504F52u, 0x504F5250u, 0x2E42345Fu, 0x004D4954u,
    0x52475055u, 0x53454441u, 0x4F52505Cu, 0x52505C50u, 0x355F504Fu, 0x49542E41u, 0x0000004Du, 0x50550000u,
    0x44415247u, 0x505C5345u, 0x5C504F52u, 0x504F5250u, 0x2E42355Fu, 0x004D4954u, 0x52475055u, 0x53454441u,
    0x4E49465Cu, 0x4E49465Cu, 0x2E41315Fu, 0x004D4954u, 0x50550000u, 0x44415247u, 0x465C5345u, 0x465C4E49u,
    0x315F4E49u, 0x49542E42u, 0x0000004Du, 0x52475055u, 0x53454441u, 0x4E49465Cu, 0x4E49465Cu, 0x2E41325Fu,
    0x004D4954u, 0x50550000u, 0x44415247u, 0x465C5345u, 0x465C4E49u, 0x325F4E49u, 0x49542E42u, 0x0000004Du,
    0x52475055u, 0x53454441u, 0x4E49465Cu, 0x4E49465Cu, 0x2E41335Fu, 0x004D4954u, 0x50550000u, 0x44415247u,
    0x465C5345u, 0x465C4E49u, 0x335F4E49u, 0x49542E42u, 0x0000004Du, 0x52475055u, 0x53454441u, 0x4E49465Cu,
    0x4E49465Cu, 0x2E41345Fu, 0x004D4954u, 0x50550000u, 0x44415247u, 0x465C5345u, 0x465C4E49u, 0x345F4E49u,
    0x49542E42u, 0x0000004Du, 0x52475055u, 0x53454441u, 0x4E49465Cu, 0x4E49465Cu, 0x2E41355Fu, 0x004D4954u,
    0x50550000u, 0x44415247u, 0x465C5345u, 0x465C4E49u, 0x355F4E49u, 0x49542E42u, 0x0000004Du, 0x54414F42u,
    0x5F545C53u, 0x5F303535u, 0x49542E31u, 0x0000004Du, 0x4F420000u, 0x5C535441u, 0x35355F54u, 0x2E325F30u,
    0x004D4954u, 0x54414F42u, 0x5F575C53u, 0x454D4148u, 0x542E3152u, 0x00004D49u, 0x4F420000u, 0x5C535441u,
    0x41485F57u, 0x3252454Du, 0x4D49542Eu, 0x54414F42u, 0x55485C53u, 0x43495252u, 0x542E315Fu, 0x00004D49u,
    0x4F420000u, 0x5C535441u, 0x52525548u, 0x325F4349u, 0x4D49542Eu, 0x54414F42u, 0x41575C53u, 0x57485254u,
    0x542E314Bu, 0x00004D49u, 0x4F420000u, 0x5C535441u, 0x52544157u, 0x324B5748u, 0x4D49542Eu, 0x54414F42u,
    0x49535C53u, 0x5F4E4552u, 0x49542E31u, 0x0000004Du, 0x4F420000u, 0x5C535441u, 0x45524953u, 0x2E325F4Eu,
    0x004D4954u, 0x54414F42u, 0x414D5C53u, 0x4E494C52u, 0x49542E31u, 0x0000004Du, 0x4F420000u, 0x5C535441u,
    0x4C52414Du, 0x2E324E49u, 0x004D4954u, 0x54414F42u, 0x41505C53u, 0x4548544Eu, 0x542E3152u, 0x00004D49u,
    0x4F420000u, 0x5C535441u, 0x544E4150u, 0x32524548u, 0x4D49542Eu, 0x54414F42u, 0x414D5C53u, 0x5F41544Eu,
    0x49542E31u, 0x0000004Du, 0x4F420000u, 0x5C535441u, 0x544E414Du, 0x2E325F41u, 0x004D4954u, 0x54414F42u,
    0x4C425C53u, 0x4449574Bu, 0x542E315Fu, 0x00004D49u, 0x4F420000u, 0x5C535441u, 0x574B4C42u, 0x315F4449u,
    0x4D49542Eu, 0x8008CC00u, 0x8008CD58u, 0x8008CF00u, 0x8008D080u, 0x8008D200u, 0x8008D358u, 0x8008D500u,
    0x8008D680u, 0x01000000u, 0x01000000u, 0x00780078u, 0x800818B0u, 0x8008189Cu, 0x80081890u, 0x80081880u,
    0x80081A5Cu, 0x80081A48u, 0x80081A3Cu, 0x80081A2Cu, 0x80081A9Cu, 0x80081A88u, 0x80081A7Cu, 0x80081A6Cu,
    0x0030824Fu, 0x00418260u, 0x00618281u, 0x81498140u, 0x81948168u, 0x81938190u, 0x81668195u, 0x816A8169u,
    0x817B8196u, 0x817C8143u, 0x815E8144u, 0x81478146u, 0x81818171u, 0x81488172u, 0x816D8197u, 0x816E818Fu,
    0x8151814Fu, 0x816F8165u, 0x81708162u, 0x00008150u, 0x800B6BFCu, 0x00000004u, 0x800B6B2Cu, 0x00000004u,
    0x800E0580u, 0x00001634u, 0x00880088u, 0x00880088u, 0x00000088u, 0x00F500F5u, 0x00F5011Du, 0x000000F5u,
    0x40001000u, 0x20008000u, 0x00400010u, 0x00200080u, 0x04000200u, 0x00080100u, 0x00040002u, 0x08000001u,
    0x00010004u, 0x00020008u, 0x01000800u, 0x00000001u, 0x00000001u, 0x00000001u, 0x00000001u, 0x00000001u,
    0x00000001u, 0x00000001u, 0x00000002u, 0x00000001u, 0x00000001u, 0x00000003u, 0x00000001u, 0x00000001u,
    0x00000004u, 0x00650001u, 0x00670001u, 0x00000068u, 0x00000065u, 0x00010067u, 0x00020065u, 0x00680067u,
    0x00650000u, 0x00670001u, 0x00650001u, 0x00670003u, 0x00000068u, 0x00020065u, 0x00010067u, 0x00040065u,
    0x00680067u, 0x00650000u, 0x00670003u, 0x00690068u, 0x00000068u, 0x00000001u, 0x00000001u, 0x00000001u,
    0x00000001u, 0x00000001u, 0x00000001u, 0x00000001u, 0x00000002u, 0x00000001u, 0x00000001u, 0x00000003u,
    0x00650001u, 0x00670001u, 0x00660005u, 0x00000003u, 0x00680067u, 0x00650000u, 0x00670000u, 0x00650001u,
    0x00670002u, 0x00660005u, 0x00000004u, 0x00680067u, 0x00650000u, 0x00670001u, 0x00650001u, 0x00670003u,
    0x00790005u, 0x00680067u, 0x00650000u, 0x00670002u, 0x007B0005u, 0x00680067u, 0x00680069u, 0x00650001u,
    0x00670003u, 0x00660005u, 0x00000003u, 0x00680067u, 0x00680068u, 0x00650000u, 0x00670000u, 0x007B0005u,
    0x00680067u, 0x00680069u, 0x00000001u, 0x00000001u, 0x00000001u, 0x00000001u, 0x00000001u, 0x00000001u,
    0x00000001u, 0x00000002u, 0x00000001u, 0x00000001u, 0x00000001u, 0x00000001u, 0x00000001u, 0x00000001u,
    0x00000001u, 0x00000002u, 0x00650001u, 0x00670001u, 0x00660005u, 0x00010018u, 0x00680067u, 0x00650000u,
    0x00670000u, 0x00650001u, 0x00670002u, 0x00660005u, 0x00000022u, 0x00680067u, 0x00650000u, 0x00670001u,
    0x007A0005u, 0x00680067u, 0x00040069u, 0x00010078u, 0x00670003u, 0x00000068u, 0x00650001u, 0x00670001u,
    0x00660005u, 0x00000018u, 0x00680067u, 0x00650000u, 0x00670000u, 0x00660005u, 0x00000022u, 0x00680067u,
    0x00040069u, 0x00010078u, 0x00670003u, 0x00000068u, 0x00040000u, 0x00010000u, 0x800E1B88u, 0x00010003u,
    0x00080004u, 0x00000009u, 0x00020000u, 0x00020000u, 0x800E1B86u, 0x00060005u, 0x00000007u, 0x00000004u,
    0x00000001u, 0x80096B28u, 0x00000004u, 0x00000001u, 0x00000002u, 0x80096B5Cu, 0x00650001u, 0x00670001u,
    0x006B0002u, 0x00030067u, 0x0067006Au, 0x00000068u, 0x00000065u, 0x00020067u, 0x0067006Bu, 0x006A0003u,
    0x00680067u, 0x00040069u, 0x00010078u, 0x00670000u, 0x00000068u, 0x00030000u, 0x00020000u, 0x800E0582u,
    0x000A0009u, 0x0020001Fu, 0x00010000u, 0x00010000u, 0x800E0598u, 0x000C000Bu, 0x00010000u, 0x00010000u,
    0x800E0599u, 0x000E000Du, 0x00010000u, 0x00010000u, 0x800E059Au, 0x0010000Fu, 0x00060000u, 0x00010000u,
    0x800E059Bu, 0x00120011u, 0x00140013u, 0x00160015u, 0x00000017u, 0x00060000u, 0x00010000u, 0x800E059Cu,
    0x00190018u, 0x001B001Au, 0x001D001Cu, 0x0000001Eu, 0x00000004u, 0x00000001u, 0x80096BF4u, 0x00000004u,
    0x00000001u, 0x00000001u, 0x80096C28u, 0x00000004u, 0x00000001u, 0x00000002u, 0x80096C5Cu, 0x00000004u,
    0x00000001u, 0x00000003u, 0x80096C90u, 0x00000004u, 0x00000001u, 0x00000004u, 0x80096CC4u, 0x00000004u,
    0x00000001u, 0x00000005u, 0x80096CF8u, 0x00650001u, 0x00670001u, 0x006B0002u, 0x00030067u, 0x0067006Au,
    0x00000068u, 0x00000065u, 0x00010067u, 0x00020065u, 0x00020067u, 0x0067006Bu, 0x006A0003u, 0x00680067u,
    0x00650000u, 0x00670001u, 0x00650001u, 0x00670003u, 0x006B0002u, 0x00030067u, 0x0067006Au, 0x00000068u,
    0x00020065u, 0x00010067u, 0x00040065u, 0x00020067u, 0x0067006Bu, 0x006A0003u, 0x00680067u, 0x00650000u,
    0x00670003u, 0x00650001u, 0x00670005u, 0x006B0002u, 0x00030067u, 0x0067006Au, 0x00000068u, 0x00040065u,
    0x00020067u, 0x0067006Bu, 0x006A0003u, 0x00680067u, 0x00040069u, 0x00010078u, 0x00670001u, 0x00660005u,
    0x00000019u, 0x00680067u, 0x00050003u, 0x00010003u, 0x800E058Eu, 0x00030002u, 0x00000004u, 0x00020000u,
    0x00020000u, 0x800E0584u, 0x00070006u, 0x00000008u, 0x00020000u, 0x00020000u, 0x800E1B84u, 0x000B000Au,
    0x0000000Cu, 0x00050003u, 0x00010003u, 0x800E058Eu, 0x00030002u, 0x00000004u, 0x00020000u, 0x00020000u,
    0x800E0584u, 0x00070006u, 0x00000008u, 0x00020000u, 0x00020000u, 0x800E1B84u, 0x000B000Au, 0x0000000Cu,
    0x00050003u, 0x00010003u, 0x800E058Eu, 0x00030002u, 0x00000004u, 0x00020000u, 0x00020000u, 0x800E0584u,
    0x00070006u, 0x00000008u, 0x00020000u, 0x00020000u, 0x800E1B84u, 0x000B000Au, 0x0000000Cu, 0x00000004u,
    0x00000001u, 0x00000005u, 0x80096E94u, 0x00000004u, 0x00000001u, 0x00000001u, 0x80096E60u, 0x00000004u,
    0x00000001u, 0x00000009u, 0x80096EC8u, 0x00000004u, 0x00000001u, 0x00000005u, 0x80096F30u, 0x00000004u,
    0x00000001u, 0x00000001u, 0x80096EFCu, 0x00000004u, 0x00000001u, 0x00000009u, 0x80096F64u, 0x00000004u,
    0x00000001u, 0x00000005u, 0x80096FCCu, 0x00000004u, 0x00000001u, 0x00000001u, 0x80096F98u, 0x00000004u,
    0x00000001u, 0x00000009u, 0x80097000u, 0x00650001u, 0x00670001u, 0x006B0002u, 0x00030067u, 0x0067006Au,
    0x00000068u, 0x00000065u, 0x00010067u, 0x00020065u, 0x00020067u, 0x0067006Bu, 0x006A0003u, 0x00680067u,
    0x00650000u, 0x00670001u, 0x006B0002u, 0x00030067u, 0x0067006Au, 0x00690068u, 0x00780004u, 0x00020001u,
    0x00050067u, 0x00230066u, 0x00670000u, 0x00000068u, 0x00650001u, 0x00670001u, 0x006B0002u, 0x00030067u,
    0x0067006Au, 0x00000068u, 0x00000065u, 0x00010067u, 0x00020065u, 0x00020067u, 0x0067006Bu, 0x006A0003u,
    0x00680067u, 0x00650000u, 0x00670001u, 0x006B0002u, 0x00030067u, 0x0067006Au, 0x00690068u, 0x00780004u,
    0x00020001u, 0x00050067u, 0x00190066u, 0x00670000u, 0x00000068u, 0x00650001u, 0x00670001u, 0x006B0002u,
    0x00030067u, 0x0067006Au, 0x00000068u, 0x00000065u, 0x00010067u, 0x00020065u, 0x00020067u, 0x0067006Bu,
    0x006A0003u, 0x00680067u, 0x00650000u, 0x00670001u, 0x006B0002u, 0x00030067u, 0x0067006Au, 0x00690068u,
    0x00780004u, 0x00020001u, 0x00050067u, 0x00250066u, 0x00670000u, 0x00000068u, 0x00020000u, 0x00020000u,
    0x800E0592u, 0x00030002u, 0x00000004u, 0x00000004u, 0x00000001u, 0x00000001u, 0x80097214u, 0x006B0002u,
    0x00030067u, 0x0067006Au, 0x00690068u, 0x00780004u, 0x0000001Au, 0x00050067u, 0x00190066u, 0x00670000u,
    0x00000068u, 0x00010000u, 0x00010000u, 0x800E0599u, 0x00030002u, 0x00010000u, 0x00010000u, 0x800E0598u,
    0x00060005u, 0x00010000u, 0x00010000u, 0x800E059Au, 0x00090008u, 0x00000004u, 0x00000001u, 0x00000001u,
    0x80097284u, 0x00000004u, 0x00000001u, 0x00000004u, 0x800972B8u, 0x00000004u, 0x00000001u, 0x00000007u,
    0x800972ECu, 0x00650001u, 0x00670001u, 0x006B0002u, 0x00030067u, 0x0067006Au, 0x00000068u, 0x00000065u,
    0x00010067u, 0x00020065u, 0x00020067u, 0x0067006Bu, 0x006A0003u, 0x00680067u, 0x00650000u, 0x00670001u,
    0x006B0002u, 0x00030067u, 0x0067006Au, 0x00690068u, 0x00780004u, 0x0000001Cu, 0x00050067u, 0x00190066u,
    0x00670000u, 0x00000068u, 0xFFF0FFF0u, 0x0000FFFFu, 0xFFF8FFF8u, 0x00000001u, 0x0000FFFFu, 0x00000001u,
    0x0000FFFFu, 0xFFF8FFF8u, 0x00000001u, 0x0000FFFFu, 0xFFF0FFF0u, 0x0000FFFFu, 0xFFE8FFE8u, 0x0000FFFFu,
    0xFFE8FFE8u, 0x0000FFFFu, 0xFFE0FFE0u, 0x0000FFFFu, 0x00000005u, 0x00000001u, 0x00000003u, 0x800973C0u,
    0x00000005u, 0x00000001u, 0x00000001u, 0x800973F0u, 0x00000005u, 0x00000001u, 0x80097420u, 0x00000005u,
    0x00000001u, 0x00000002u, 0x80097450u, 0x00000005u, 0x00000001u, 0x00000004u, 0x80097480u, 0x00000005u,
    0x00000001u, 0x00000006u, 0x800974B0u, 0x00000005u, 0x00000001u, 0x00000007u, 0x800974E0u, 0x00000005u,
    0x00000001u, 0x00000005u, 0x80097510u, 0x00680068u, 0x00680068u, 0x00680068u, 0x00680068u, 0x00020069u,
    0x0067006Du, 0x006C0003u, 0x00680067u, 0x00000001u, 0x00000001u, 0x00000001u, 0x00000001u, 0x00000001u,
    0x00000001u, 0x00000001u, 0x00000002u, 0x00000001u, 0x00000001u, 0x00000003u, 0x00000001u, 0x00000001u,
    0x00000004u, 0x00000001u, 0x00000001u, 0x00000005u, 0x006E0002u, 0x00670000u, 0x006F0003u, 0x00670001u,
    0x00020068u, 0x0000006Eu, 0x00030067u, 0x0002006Fu, 0x00680067u, 0x006E0002u, 0x00670001u, 0x006F0003u,
    0x00670003u, 0x00020068u, 0x0002006Eu, 0x00030067u, 0x0004006Fu, 0x00680067u, 0x006E0002u, 0x00670003u,
    0x006F0003u, 0x00670005u, 0x00020068u, 0x0004006Eu, 0x00030067u, 0x0000006Fu, 0x00680067u, 0x00040069u,
    0x00670077u, 0x00700001u, 0x00000067u, 0x00670071u, 0x00000068u, 0x00000001u, 0x00000001u, 0x00690068u,
    0x00780004u, 0x00000005u, 0x00680067u, 0x00000001u, 0x00000001u, 0x00690068u, 0x00780004u, 0x00000006u,
    0x00680067u, 0x00000001u, 0x00000001u, 0x00690068u, 0x00780004u, 0x00000006u, 0x00680067u, 0x00000001u,
    0x00000001u, 0x00690068u, 0x00000068u, 0x00000001u, 0x00000001u, 0x00690068u, 0x00750005u, 0x00680067u,
    0x00000001u, 0x00000001u, 0x00690068u, 0x00000068u, 0x00000001u, 0x00000001u, 0x00690068u, 0x00660005u,
    0x0000000Au, 0x00680067u, 0x00000001u, 0x00000001u, 0x00690068u, 0x00000068u, 0x00000001u, 0x00000001u,
    0x00690068u, 0x00000068u, 0x00000001u, 0x00000001u, 0x00690068u, 0x00660005u, 0x00000014u, 0x00680067u,
    0x00000001u, 0x00000001u, 0x00690068u, 0x00660005u, 0x0000000Au, 0x00680067u, 0x00000001u, 0x00000001u,
    0x00690068u, 0x00780004u, 0x0000000Au, 0x00050067u, 0x00160066u, 0x00670000u, 0x00000068u, 0x00000001u,
    0x00000001u, 0x00690068u, 0x00780004u, 0x00000015u, 0x00050067u, 0x000A0066u, 0x00670000u, 0x00000068u,
    0x00000001u, 0x00000001u, 0x00690068u, 0x00660005u, 0x00000003u, 0x00680067u, 0x00000001u, 0x00000001u,
    0x00000001u, 0x00000001u, 0x00000001u, 0x00000001u, 0x00000001u, 0x00000002u, 0x00650001u, 0x00670001u,
    0x00000068u, 0x00000065u, 0x00680067u, 0x00690068u, 0x00780004u, 0x00000002u, 0x00680067u, 0x00000001u,
    0x00000001u, 0x00000068u, 0x00000001u, 0x00000001u, 0x00690068u, 0x00790004u, 0x00050067u, 0x00190066u,
    0x00670000u, 0x00000068u, 0x00000001u, 0x00000001u, 0x00690068u, 0x00660004u, 0x00020001u, 0x00680067u,
    0x00000001u, 0x00000001u, 0x00690068u, 0x00660004u, 0x00020001u, 0x00680067u, 0x00000001u, 0x00000001u,
    0x00000068u, 0x00000001u, 0x00000001u, 0x00690068u, 0x00660005u, 0x00020001u, 0x00680067u, 0x00010000u,
    0x00020000u, 0x800E05D4u, 0x000A000Bu, 0x00020000u, 0x00020000u, 0x800E05D2u, 0x000E000Du, 0x0000000Fu,
    0x00020000u, 0x800E05CCu, 0x00000007u, 0x00020000u, 0x800E05CCu, 0x00000008u, 0x00000004u, 0x00000001u,
    0x00000009u, 0x80097A10u, 0x00000004u, 0x00000001u, 0x0000000Cu, 0x80097A44u, 0x00000004u, 0x00000001u,
    0x00000005u, 0x80097A78u, 0x00000004u, 0x00000001u, 0x00000006u, 0x80097AACu, 0x00650001u, 0x00670001u,
    0x006B0002u, 0x00030067u, 0x0067006Au, 0x00000068u, 0x00000065u, 0x00010067u, 0x00020065u, 0x00020067u,
    0x0067006Bu, 0x006A0003u, 0x00680067u, 0x00650000u, 0x00670001u, 0x00650001u, 0x00670003u, 0x00000068u,
    0x00020065u, 0x00680067u, 0x00040069u, 0x00020064u, 0x00680067u, 0x00000001u, 0x00000001u, 0x00690068u,
    0x00000068u, 0x00000001u, 0x00000001u, 0x00690068u, 0x00660005u, 0x00000014u, 0x00680067u, 0x00010000u,
    0x00010000u, 0x800E1B8Au, 0x00040003u, 0x00000001u, 0x00000001u, 0x00690068u, 0x00780004u, 0x00020002u,
    0x00680067u, 0x00000001u, 0x00000001u, 0x00690068u, 0x00000068u, 0x00000001u, 0x00000001u, 0x00690068u,
    0x00000068u, 0x00000001u, 0x00000001u, 0x00690068u, 0x00000068u, 0x00000001u, 0x00000001u, 0x00690068u,
    0x00000068u, 0x00000001u, 0x00000001u, 0x00690068u, 0x00000068u, 0x00000001u, 0x00000001u, 0x00690068u,
    0x00000068u, 0x00000001u, 0x00000001u, 0x00690068u, 0x00000068u, 0x00000001u, 0x00000001u, 0x00690068u,
    0x00000068u, 0x00000001u, 0x00000001u, 0x00690068u, 0x00640005u, 0x0067000Au, 0x00000068u, 0x00000001u,
    0x00000001u, 0x00690068u, 0x00640005u, 0x00670001u, 0x00000068u, 0x00000001u, 0x00000001u, 0x00690068u,
    0x00640005u, 0x0067000Au, 0x00000068u, 0x00000001u, 0x00000001u, 0x00690068u, 0x00640005u, 0x00670001u,
    0x00000068u, 0x00000005u, 0x8009689Cu, 0x80096900u, 0x00000004u, 0x80096950u, 0x800969A0u, 0x00000003u,
    0x80096A28u, 0x80096AA0u, 0x00000002u, 0x80096B90u, 0x80096BB8u, 0x00000006u, 0x80096D2Cu, 0x80096DA4u,
    0x00000008u, 0x80097540u, 0x800975E0u, 0x00000001u, 0x800976FCu, 0x80097710u, 0x00000001u, 0x80097744u,
    0x80097758u, 0x00000001u, 0x80097720u, 0x80097734u, 0x00000006u, 0x80097600u, 0x80097678u, 0x00000001u,
    0x80097768u, 0x8009777Cu, 0x00000001u, 0x800977A4u, 0x800977B8u, 0x00000001u, 0x800977C0u, 0x800977D4u,
    0x00000001u, 0x800977E4u, 0x800977F8u, 0x800977E4u, 0x800977F8u, 0x800977E4u, 0x800977F8u, 0x00000001u,
    0x80097784u, 0x80097798u, 0x00000001u, 0x80097800u, 0x80097814u, 0x00000001u, 0x8009781Cu, 0x80097830u,
    0x00000001u, 0x80097840u, 0x80097854u, 0x00000001u, 0x80097864u, 0x80097878u, 0x00000001u, 0x80097894u,
    0x800978A8u, 0x00000001u, 0x800978C4u, 0x800978D8u, 0x00000003u, 0x800978E8u, 0x80097924u, 0x00000001u,
    0x80097948u, 0x8009795Cu, 0x00000003u, 0x80097034u, 0x800970E8u, 0x00000003u, 0x80097070u, 0x8009714Cu,
    0x00000003u, 0x800970ACu, 0x800971B0u, 0x00000001u, 0x80097960u, 0x80097974u, 0x00000001u, 0x8009798Cu,
    0x800979A0u, 0x00000001u, 0x800979B0u, 0x800979C4u, 0x00000001u, 0x800979D4u, 0x800979E8u, 0x00000001u,
    0x800979ECu, 0x80097A00u, 0x00000004u, 0x80097AE0u, 0x80097B30u, 0x00000001u, 0x80097248u, 0x8009725Cu,
    0x00000002u, 0x00000003u, 0x80097320u, 0x8009735Cu, 0x00000001u, 0x80097B8Cu, 0x80097BA0u, 0x00000001u,
    0x80097C24u, 0x80097C38u, 0x00000001u, 0x80097C40u, 0x80097C54u, 0x00000001u, 0x80097C5Cu, 0x80097C70u,
    0x00000001u, 0x80097C78u, 0x80097C8Cu, 0x00000001u, 0x80097C00u, 0x80097C14u, 0x00000001u, 0x80097BA8u,
    0x80097BBCu, 0x00000001u, 0x80097C94u, 0x80097CA8u, 0x00000001u, 0x80097CB0u, 0x80097CC4u, 0x00000001u,
    0x80097CE8u, 0x80097CFCu, 0x00000001u, 0x80097D04u, 0x80097D18u, 0x00000001u, 0x80097D28u, 0x80097D3Cu,
    0x00000001u, 0x80097D70u, 0x80097D84u, 0x00000001u, 0x80097D4Cu, 0x80097D60u, 0x00000001u, 0x80097CCCu,
    0x80097CE0u, 0x00000004u, 0x00000002u, 0x00010000u, 0x005B00C4u, 0xFF9C0001u, 0x0000FF9Cu, 0xFF9CFF9Cu,
    0x00C80000u, 0x0001007Au, 0x003E00C4u, 0x00BA0001u, 0x0001005Bu, 0x007A00AEu, 0x00C80001u, 0x00010097u,
    0x005B00C4u, 0xFF9C0001u, 0x0000FF9Cu, 0xFF9CFF9Cu, 0x00C80000u, 0x0001007Au, 0x003E00C4u, 0x00BA0001u,
    0x0001005Bu, 0x007A00AEu, 0x00C80001u, 0x00010097u, 0x005B00C4u, 0xFF9C0001u, 0x0000FF9Cu, 0xFF9CFF9Cu,
    0x00C80000u, 0x0001007Au, 0x003E00C4u, 0x00C40001u, 0x0001005Bu, 0x007A00B8u, 0x00C80001u, 0x00010097u,
    0x005B00C4u, 0xFF9C0001u, 0x0000FF9Cu, 0xFF9CFF9Cu, 0x00C80000u, 0x0001007Au, 0x003E00C4u, 0x00C40001u,
    0x0001005Bu, 0x007A00B4u, 0x00C80001u, 0x00010097u, 0x005B00C4u, 0xFF9C0001u, 0x0000FF9Cu, 0xFF9CFF9Cu,
    0x00C80000u, 0x0001007Au, 0x003E00C4u, 0x00C40001u, 0x0001005Bu, 0x007A00B8u, 0x00C60001u, 0x00010097u,
    0x64616F6Cu, 0x00676E69u, 0x656D6167u, 0x75617020u, 0x2E646573u, 0x6E6F6320u, 0x6C6F7274u, 0x2072656Cu,
    0x6F6D6572u, 0x00646576u, 0x636F6967u, 0x6E69206Fu, 0x75617020u, 0x202E6173u, 0x746E6F63u, 0x6C6C6F72u,
    0x65207265u, 0x696D696Cu, 0x6F74616Eu, 0x6765756Au, 0x6564206Fu, 0x696E6574u, 0x70206F64u, 0x7571726Fu,
    0x65732065u, 0x20616820u, 0x74697571u, 0x206F6461u, 0x6D206C65u, 0x6F646E61u, 0x2075656Au, 0x706F7473u,
    0x6320E970u, 0x6D207261u, 0x74656E61u, 0x72206574u, 0x72697465u, 0x000065E9u, 0x65697073u, 0x6E75206Cu,
    0x62726574u, 0x68636F72u, 0x202E6E65u, 0x746E6F63u, 0x6C6C6F72u, 0x65207265u, 0x6566746Eu, 0x00746E72u,
    0x69747261u, 0x76207473u, 0x69737265u, 0x00006E6Fu, 0x61616161u, 0x61616161u, 0x61616161u, 0x61616161u,
    0x61616161u, 0x61616161u, 0x61616161u, 0x61616161u, 0x61616161u, 0x61616161u, 0x34333231u, 0x38373635u,
    0x613A3039u, 0x65646362u, 0x69686766u, 0x6D6C6B6Au, 0x71706F6Eu, 0x75747372u, 0x79787776u, 0x203B2E7Au,
    0xE2E1E023u, 0xE6E5E4E3u, 0xEAE9E8E7u, 0xEEEDECEBu, 0xF2F1F0EFu, 0xF6F5F4F3u, 0xFBFAF9F8u, 0xFEFDFCA9u,
    0x9CDEDFFFu, 0x402D2B95u, 0x34333231u, 0x38373635u, 0x3A3B3039u, 0x63626123u, 0x67666564u, 0x6B6A6968u,
    0x6F6E6D6Cu, 0x73727170u, 0x77767574u, 0x2F7A7978u, 0xE3E2E1E0u, 0xE7E6E5E4u, 0xEBEAE9E8u, 0xEFEEEDECu,
    0xF3F2F1F0u, 0xF8F6F5F4u, 0xA9FBFAF9u, 0xFFFEFDFCu, 0x959CDEDFu, 0x252E2D2Bu, 0x00000040u, 0x34333231u,
    0x38373635u, 0x3A3B3039u, 0x63626123u, 0x67666564u, 0x6B6A6968u, 0x6F6E6D6Cu, 0x73727170u, 0x77767574u,
    0x257A7978u, 0x2E2D2B26u, 0xE1E02A2Fu, 0xE5E4E3E2u, 0xE8E9E7E6u, 0xEDECEBEAu, 0xF1F0EFEEu, 0xF5F4F3F2u,
    0xFAF9F8F6u, 0xFDFCA9FBu, 0xDEDFFFFEu, 0x2D2B959Cu, 0x00000040u, 0x00100014u, 0x00000014u, 0x00100020u,
    0x00000034u, 0x00100020u, 0x00000054u, 0x00100020u, 0x00000074u, 0x00100020u, 0x00000094u, 0x00100020u,
    0x000000B4u, 0x0010001Cu, 0x00130000u, 0x00100020u, 0x00130020u, 0x00100020u, 0x00130040u, 0x00100020u,
    0x00130060u, 0x00100014u, 0x0013008Cu, 0x0010001Cu, 0x001300A8u, 0x0010001Cu, 0x001300C4u, 0x00100018u,
    0x00230000u, 0x00100020u, 0x00230020u, 0x0010001Cu, 0x0024003Cu, 0x0010001Cu, 0x00230058u, 0x00130020u,
    0x00230078u, 0x0010001Cu, 0x00230094u, 0x00100014u, 0x002300A8u, 0x0014001Cu, 0x002300C4u, 0x0010001Cu,
    0x00370000u, 0x00100014u, 0x00370014u, 0x00100024u, 0x00370038u, 0x0010001Cu, 0x00370054u, 0x0010001Cu,
    0x00370070u, 0x00130020u, 0x00370090u, 0x0013001Cu, 0x003700ACu, 0x00100018u, 0x003700C4u, 0x0010001Cu,
    0x00480000u, 0x00100018u, 0x00480018u, 0x00100020u, 0x00480038u, 0x00100018u, 0x00480050u, 0x00100024u,
    0x004800A8u, 0x0010001Cu, 0x004800E0u, 0x00130020u, 0x004800C4u, 0x0010001Cu, 0x00A700C8u, 0x0010000Cu,
    0x000000D0u, 0x00120010u, 0x004B0084u, 0x00100014u, 0x00130074u, 0x00100018u, 0x005C0000u, 0x0010001Cu,
    0x005C001Cu, 0x0010001Cu, 0x005C0038u, 0x0010001Cu, 0x005C0054u, 0x0010001Cu, 0x005C0070u, 0x0010001Cu,
    0x005C008Cu, 0x0010001Cu, 0x005C00A8u, 0x00100028u, 0x006D0000u, 0x00130018u, 0x006D0018u, 0x0010001Cu,
    0x006D0034u, 0x0010001Cu, 0x006D0050u, 0x0010001Cu, 0x006D006Cu, 0x0010001Cu, 0x006D0088u, 0x00100014u,
    0x006D009Cu, 0x00100014u, 0x006D00B0u, 0x00100014u, 0x006D00C4u, 0x00100014u, 0x00A70086u, 0x0010001Eu,
    0x00820000u, 0x0010001Cu, 0x0082001Cu, 0x0010001Cu, 0x00820038u, 0x0010001Cu, 0x00820054u, 0x0010001Cu,
    0x00820070u, 0x0010001Cu, 0x0082008Cu, 0x0010001Cu, 0x008200A8u, 0x00110020u, 0x00940000u, 0x0010001Cu,
    0x0094001Cu, 0x0010001Cu, 0x00940038u, 0x0010001Cu, 0x004B0084u, 0x00100014u, 0x00940054u, 0x0010001Cu,
    0x00940070u, 0x00130020u, 0x00940090u, 0x00130020u, 0x009400B0u, 0x00130020u, 0x00A70000u, 0x00100020u,
    0x00A70020u, 0x00100020u, 0x00A70040u, 0x00100028u, 0x00A70073u, 0x00100010u, 0x00010000u, 0x000B000Cu,
    0x0001000Cu, 0x000B0014u, 0x00010020u, 0x000B0014u, 0x00010034u, 0x000B0014u, 0x00010048u, 0x000B0014u,
    0x0001005Cu, 0x000B0014u, 0x000100ACu, 0x000B0014u, 0x00010070u, 0x000B0014u, 0x00010084u, 0x000B0014u,
    0x00010098u, 0x000B0014u, 0x000100A4u, 0x000B000Cu, 0x000D00A4u, 0x000B000Cu, 0x000D000Cu, 0x000B000Cu,
    0x000D0018u, 0x000B0010u, 0x000D0028u, 0x000B0010u, 0x000D0038u, 0x000B0010u, 0x000D0048u, 0x000B0010u,
    0x000D0058u, 0x000B0010u, 0x000D006Au, 0x000B0010u, 0x000D0078u, 0x000E0010u, 0x000D0088u, 0x000B0010u,
    0x000D0098u, 0x000B000Cu, 0x001B0000u, 0x000E0010u, 0x001B0010u, 0x000B0010u, 0x001B0020u, 0x000B000Cu,
    0x001B002Cu, 0x000B0018u, 0x001B0044u, 0x000B0010u, 0x001B0054u, 0x000B0010u, 0x001B0064u, 0x000E0010u,
    0x001B0074u, 0x000E0010u, 0x001B0084u, 0x000B0010u, 0x001B0094u, 0x000B0010u, 0x001B00A4u, 0x000B000Cu,
    0x00290000u, 0x000B0010u, 0x00290010u, 0x000B0010u, 0x00290020u, 0x000B0014u, 0x00290034u, 0x000B0010u,
    0x00290044u, 0x000E0010u, 0x00290054u, 0x000B0010u, 0x005200B2u, 0x000B0010u, 0x00290064u, 0x000B0010u,
    0x00290074u, 0x000B0010u, 0x00290084u, 0x000B0010u, 0x00290094u, 0x000B0010u, 0x002900A4u, 0x000B0010u,
    0x00370000u, 0x000B0010u, 0x00370010u, 0x000B0018u, 0x00370028u, 0x000E0010u, 0x00370038u, 0x000B0010u,
    0x00370048u, 0x000B0010u, 0x00370058u, 0x000B0010u, 0x00370068u, 0x000B0010u, 0x00370078u, 0x000B000Cu,
    0x00370084u, 0x000B000Cu, 0x00370090u, 0x000B000Cu, 0x0037009Cu, 0x000B000Cu, 0x003700A8u, 0x000B0010u,
    0x00450000u, 0x000B0010u, 0x00450010u, 0x000B0010u, 0x00450020u, 0x000B0010u, 0x00450030u, 0x000B0010u,
    0x00450040u, 0x000B0010u, 0x00450050u, 0x000B0010u, 0x00450060u, 0x000D0014u, 0x00450074u, 0x000B0010u,
    0x00450084u, 0x000B0010u, 0x00450094u, 0x000B0010u, 0x004500B4u, 0x000B0010u, 0x004500A4u, 0x000B0010u,
    0x00520000u, 0x000E0010u, 0x00520010u, 0x000E0010u, 0x00520020u, 0x000B0014u, 0x00520034u, 0x000B0014u,
    0x00520048u, 0x000B0014u, 0x0052005Cu, 0x000B0018u, 0x00520074u, 0x000B0008u, 0x0052007Cu, 0x000B000Cu,
    0x00520088u, 0x000B000Cu, 0x00520094u, 0x000B0008u, 0x000D00B4u, 0x000B0014u, 0x00080008u, 0x00000008u,
    0x00080010u, 0x00000018u, 0x00080010u, 0x00000028u, 0x00080010u, 0x00000038u, 0x00080010u, 0x00000048u,
    0x00080010u, 0x00000058u, 0x00080010u, 0x00000068u, 0x00080010u, 0x00000078u, 0x00080010u, 0x00000088u,
    0x00080010u, 0x00090000u, 0x00090008u, 0x00090080u, 0x00080008u, 0x00090008u, 0x0008000Cu, 0x00090014u,
    0x0008000Cu, 0x00090020u, 0x0008000Cu, 0x0009002Cu, 0x0008000Cu, 0x00090038u, 0x00080010u, 0x00090048u,
    0x0008000Cu, 0x00090054u, 0x0008000Cu, 0x00090060u, 0x000A000Cu, 0x0009006Cu, 0x0008000Cu, 0x00090078u,
    0x00080008u, 0x00130000u, 0x000A000Cu, 0x0013000Cu, 0x0008000Cu, 0x00130018u, 0x00080008u, 0x00130020u,
    0x00080010u, 0x00130030u, 0x0008000Cu, 0x0013003Cu, 0x0008000Cu, 0x00130048u, 0x000A000Cu, 0x00130054u,
    0x000A000Cu, 0x00130060u, 0x0008000Cu, 0x0013006Cu, 0x0008000Cu, 0x00130078u, 0x0008000Au, 0x001D0000u,
    0x0008000Cu, 0x001D000Cu, 0x0008000Cu, 0x001D0018u, 0x00080010u, 0x001D0028u, 0x0008000Cu, 0x001D0034u,
    0x000A000Cu, 0x001D0040u, 0x0008000Cu, 0x00090088u, 0x00080010u, 0x00130088u, 0x00080010u, 0x0039004Cu,
    0x00080008u, 0x00390054u, 0x00080007u, 0x0039005Cu, 0x00080004u, 0x00390060u, 0x0009000Cu, 0x00390054u,
    0x00080007u, 0x001D004Cu, 0x0008000Cu, 0x001D0058u, 0x0008000Cu, 0x001D0064u, 0x0008000Cu, 0x001D0070u,
    0x0008000Cu, 0x001D007Cu, 0x0008000Cu, 0x00270000u, 0x0008000Cu, 0x0027000Cu, 0x00080010u, 0x001D0088u,
    0x000A000Cu, 0x0027001Cu, 0x0008000Cu, 0x00270028u, 0x0008000Cu, 0x00270034u, 0x0008000Cu, 0x00270040u,
    0x0008000Cu, 0x0027004Cu, 0x00080008u, 0x00270054u, 0x00080008u, 0x0027005Cu, 0x00080008u, 0x00270064u,
    0x00080008u, 0x0027006Cu, 0x0008000Cu, 0x00300000u, 0x0008000Cu, 0x0030000Cu, 0x0008000Cu, 0x00300018u,
    0x0008000Cu, 0x00300024u, 0x0008000Cu, 0x00300030u, 0x0008000Cu, 0x0030003Cu, 0x0008000Cu, 0x00300048u,
    0x0009000Cu, 0x00300054u, 0x0008000Cu, 0x00300060u, 0x0008000Cu, 0x0030006Cu, 0x0008000Cu, 0x00300078u,
    0x0009000Cu, 0x00390000u, 0x0008000Cu, 0x0039000Cu, 0x000A000Cu, 0x00390018u, 0x000A000Cu, 0x00390024u,
    0x000A000Cu, 0x00390030u, 0x0008000Cu, 0x0039003Cu, 0x00080010u, 0x00080008u, 0x00000006u, 0x00030002u,
    0x00050004u, 0x00070006u, 0x00080008u, 0x00010003u, 0x00020000u, 0x00060004u, 0x00050007u, 0x00010000u,
    0x00020001u, 0x00030002u, 0x00040003u, 0x00050004u, 0x00060005u, 0x00070007u, 0x00080008u, 0x00090009u,
    0x00010000u, 0x00030002u, 0x00050004u, 0x00180017u, 0x001A0019u, 0x001C001Bu, 0xFFFE0000u, 0xFFFAFFFCu,
    0xFFF6FFF8u, 0x00130012u, 0x00000014u, 0x00050004u, 0x00070006u, 0x00090008u, 0x007D0055u, 0x00CD00ABu,
    0x014200FCu, 0x0053006Bu, 0x00410047u, 0x0038003Cu, 0x00880088u, 0x00880088u, 0x00000088u, 0x64636261u,
    0x68676665u, 0x6C6B6A69u, 0x706F6E6Du, 0x74737271u, 0x78777675u, 0x30207A79u, 0x34333231u, 0x38373635u,
    0x63626139u, 0x67666564u, 0x6B6A6968u, 0x6F6E6D6Cu, 0x73727170u, 0x77767574u, 0x207A7978u, 0x33323130u,
    0x37363534u, 0x00003938u, 0x0405070Au, 0x00010203u, 0x02010102u, 0x02020203u, 0x02020101u, 0x02030202u,
    0x02010201u, 0x02020302u, 0x04020202u, 0x04040405u, 0x04020202u, 0x04050404u, 0x04020202u, 0x04040504u,
    0x05040405u, 0x05050505u, 0x02000002u, 0x04050404u, 0x04050505u, 0x02020000u, 0x05050505u, 0x05050505u,
    0x00020001u, 0x00040003u, 0x00050001u, 0x00070006u, 0x00090008u, 0x000A0002u, 0x000C000Bu, 0x000E000Du,
    0x000F0003u, 0x00110010u, 0x00130012u, 0x00160017u, 0x00140015u, 0x001A001Bu, 0x00180019u, 0x00160017u,
    0x00140015u, 0x001A001Bu, 0x00180019u, 0x00190028u, 0x0013001Cu, 0x000C0014u, 0x00060008u, 0x00190033u,
    0x00130033u, 0x000C0033u, 0x00060033u, 0x00000033u, 0x001E0028u, 0x001E001Cu, 0x001E0014u, 0x001E0008u,
    0x001E0000u, 0x001E0033u, 0x001E0033u, 0x001E0033u, 0x001E0033u, 0x001E0033u, 0x000A000Fu, 0x0008000Cu,
    0x00050008u, 0x00020000u, 0x000A0018u, 0x00080018u, 0x00050018u, 0x00020018u, 0x00000018u, 0x000F000Fu,
    0x000F000Cu, 0x000F0008u, 0x000F0000u, 0x000F0000u, 0x000F0018u, 0x000F0018u, 0x000F0018u, 0x000F0018u,
    0x000F0018u, 0x00010000u, 0x00030002u, 0x00050004u, 0x00070006u, 0x00000008u, 0x800823E4u, 0x00000001u,
    0x00000140u, 0x01400000u, 0x000000F0u, 0x000001A2u, 0x0000007Fu, 0x800823FCu, 0x00000001u, 0x00000140u,
    0x01400000u, 0x000000F0u, 0x0000064Fu, 0x0000007Fu, 0x80082414u, 0x00000001u, 0x00000140u, 0x01400000u,
    0x000000F0u, 0x00000656u, 0x0000007Fu, 0x8008242Cu, 0x00000001u, 0x00000140u, 0x01400000u, 0x000000F0u,
    0x00000656u, 0x0000007Fu, 0x80082444u, 0x00000001u, 0x00000140u, 0x01400000u, 0x000000F0u, 0x000005AAu,
    0x0000007Fu, 0x8008245Cu, 0x00000001u, 0x00000200u, 0x02000000u, 0x000000F0u, 0x00000063u, 0x0000007Fu,
    0x80082474u, 0x00000001u, 0x00000200u, 0x02000000u, 0x000000F0u, 0x00000080u, 0x0000007Fu, 0x8008248Cu,
    0x00000001u, 0x00000200u, 0x02000000u, 0x000000F0u, 0x0000004Au, 0x0000007Fu, 0x800824A4u, 0x00000001u,
    0x00000200u, 0x02000000u, 0x000000F0u, 0x00000079u, 0x0000007Fu, 0x800824BCu, 0x00000001u, 0x00000200u,
    0x02000000u, 0x000000F0u, 0x0000007Eu, 0x0000007Fu, 0x800824D4u, 0x00000001u, 0x00000200u, 0x02000000u,
    0x000000F0u, 0x0000005Bu, 0x0000007Fu, 0x800824ECu, 0x00000001u, 0x00000200u, 0x02000000u, 0x000000F0u,
    0x00000064u, 0x0000007Fu, 0x80098F94u, 0x80098FB4u, 0x80098FD4u, 0x80098FF4u, 0x80099014u, 0x80099034u,
    0x80099054u, 0x80099074u, 0x80099094u, 0x800990B4u, 0x800990D4u, 0x800990F4u, 0x52544E49u, 0x49542E4Fu,
    0x0000004Du, 0x5254554Fu, 0x49542E4Fu, 0x0000004Du, 0x424E4144u, 0x41500000u, 0x00004C55u, 0x4C4C4957u,
    0x49520000u, 0x0000534Bu, 0x5A534557u, 0x494E0000u, 0x0000494Bu, 0x204D4153u, 0x414D0000u, 0x00004B52u,
    0x43534150u, 0x554A0000u, 0x00004E41u, 0x4C554150u, 0x41440000u, 0x0000424Eu, 0x4C4C4957u, 0x4F4D0000u,
    0x00005452u, 0x20444D43u, 0x45570000u, 0x00005A53u, 0x204D4153u, 0x49520000u, 0x0000534Bu, 0x43534150u,
    0x554A0000u, 0x00004E41u, 0x5A534557u, 0x554A0000u, 0x0000454Cu, 0x424E4144u, 0x41500000u, 0x00004C55u,
    0x54524F4Du, 0x49570000u, 0x00004C4Cu, 0x204D4153u, 0x49520000u, 0x0000534Bu, 0x43534150u, 0x554A0000u,
    0x00004E41u, 0x20444D43u, 0x494E0000u, 0x0000494Bu, 0x494C554Du, 0x494D0000u, 0x0000454Bu, 0x4E4F454Cu,
    0x494D0000u, 0x00004843u, 0x494C554Du, 0x49520000u, 0x0000534Bu, 0x43534150u, 0x554A0000u, 0x00004E41u,
    0x4C4C4957u, 0x4F4D0000u, 0x00005452u, 0x424E4144u, 0x45570000u, 0x00005A53u, 0x4C554150u, 0x554A0000u,
    0x0000454Cu, 0x204B494Eu, 0x41530000u, 0x0000204Du, 0x43534150u, 0x554A0000u, 0x00004E41u, 0x424E4144u,
    0x41500000u, 0x00004C55u, 0x534B4952u, 0x45570000u, 0x00005A53u, 0x54524F4Du, 0x49570000u, 0x00004C4Cu,
    0x204D4153u, 0x414D0000u, 0x00004B52u, 0x43534150u, 0x554A0000u, 0x00004E41u, 0x424E4144u, 0x41500000u,
    0x00004C55u, 0x4C4C4957u, 0x49520000u, 0x0000534Bu, 0x5A534557u, 0x494E0000u, 0x0000494Bu, 0x204D4153u,
    0x414D0000u, 0x00004B52u, 0x43534150u, 0x554A0000u, 0x00004E41u, 0x4C554150u, 0x41440000u, 0x0000424Eu,
    0x4C4C4957u, 0x4F4D0000u, 0x00005452u, 0x20444D43u, 0x45570000u, 0x00005A53u, 0x204D4153u, 0x49520000u,
    0x0000534Bu, 0x43534150u, 0x554A0000u, 0x00004E41u, 0x5A534557u, 0x554A0000u, 0x0000454Cu, 0x424E4144u,
    0x41500000u, 0x00004C55u, 0x54524F4Du, 0x49570000u, 0x00004C4Cu, 0x204D4153u, 0x49520000u, 0x0000534Bu,
    0x43534150u, 0x554A0000u, 0x00004E41u, 0x494C554Du, 0x554D0000u, 0x0000494Cu, 0x494C554Du, 0x554D0000u,
    0x0000494Cu, 0x494C554Du, 0x554D0000u, 0x0000494Cu, 0x494C554Du, 0x49520000u, 0x0000534Bu, 0x43534150u,
    0x554A0000u, 0x00004E41u, 0x4C4C4957u, 0x4F4D0000u, 0x00005452u, 0x424E4144u, 0x45570000u, 0x00005A53u,
    0x4C554150u, 0x554A0000u, 0x0000454Cu, 0x204B494Eu, 0x41530000u, 0x0000204Du, 0x43534150u, 0x554A0000u,
    0x00004E41u, 0x424E4144u, 0x41500000u, 0x00004C55u, 0x534B4952u, 0x45570000u, 0x00005A53u, 0x54524F4Du,
    0x49570000u, 0x00004C4Cu, 0x204D4153u, 0x414D0000u, 0x00004B52u, 0x43534150u, 0x554A0000u, 0x00004E41u,
    0x454B494Du, 0x41500000u, 0x00004C55u, 0x4C4C4957u, 0x49520000u, 0x0000534Bu, 0x5A534557u, 0x494E0000u,
    0x0000494Bu, 0x204D4153u, 0x414D0000u, 0x00004B52u, 0x43534150u, 0x554A0000u, 0x00004E41u, 0x4C554150u,
    0x41440000u, 0x0000424Eu, 0x4C4C4957u, 0x4F4D0000u, 0x00005452u, 0x20445752u, 0x45570000u, 0x00005A53u,
    0x204D4153u, 0x49520000u, 0x0000534Bu, 0x43534150u, 0x554A0000u, 0x00004E41u, 0x5A534557u, 0x554A0000u,
    0x0000454Cu, 0x424E4144u, 0x41500000u, 0x00004C55u, 0x54524F4Du, 0x49570000u, 0x00004C4Cu, 0x204D4153u,
    0x49520000u, 0x0000534Bu, 0x43534150u, 0x554A0000u, 0x00004E41u, 0x20444D43u, 0x57520000u, 0x00002044u,
    0x494C554Du, 0x554D0000u, 0x0000494Cu, 0x494C554Du, 0x554D0000u, 0x0000494Cu, 0x494C554Du, 0x49520000u,
    0x0000534Bu, 0x43534150u, 0x554A0000u, 0x00004E41u, 0x4C4C4957u, 0x4F4D0000u, 0x00005452u, 0x424E4144u,
    0x45570000u, 0x00005A53u, 0x4C554150u, 0x554A0000u, 0x0000454Cu, 0x204B494Eu, 0x41530000u, 0x0000204Du,
    0x43534150u, 0x554A0000u, 0x00004E41u, 0x424E4144u, 0x41500000u, 0x00004C55u, 0x534B4952u, 0x45570000u,
    0x00005A53u, 0x54524F4Du, 0x49570000u, 0x00004C4Cu, 0x204D4153u, 0x414D0000u, 0x00004B52u, 0x43534150u,
    0x554A0000u, 0x00004E41u, 0x00001EF6u, 0x00001E14u, 0x000026D8u, 0x00002630u, 0x000026D8u, 0x00002646u,
    0x000027DAu, 0x0000273Au, 0x000023CCu, 0x0000235Au, 0x00002FD0u, 0x00002F34u, 0x00001F60u, 0x00001C20u,
    0x0000222Cu, 0x00002248u, 0x00001BD0u, 0x0000225Eu, 0x000027F8u, 0x00002672u, 0x00002038u, 0x00002102u,
    0x00002F54u, 0x00002E6Cu, 0x00002090u, 0x00001B5Au, 0x000024B0u, 0x00002180u, 0x00001CF0u, 0x00002196u,
    0x000028A6u, 0x000025ACu, 0x000023A8u, 0x00002044u, 0x00002EECu, 0x00002DA4u, 0x31206C70u, 0x32206C70u,
    0x33206C70u, 0x34206C70u, 0x35206C70u, 0x001E0001u, 0x00280001u, 0x00280001u, 0x00140002u, 0x00280001u,
    0x00140002u, 0x00050000u, 0x000B0008u, 0x000F000Du, 0x00120011u, 0x00140013u, 0x00160015u, 0x00180017u,
    0x001A0019u, 0x001C001Bu, 0x001E001Du, 0x0020001Fu, 0x00220021u, 0x00240023u, 0x00260025u, 0x00280027u,
    0x002A0029u, 0x002C002Bu, 0x002E002Du, 0x0030002Fu, 0x00320031u, 0x45544157u, 0x57414852u, 0x0000004Bu,
    0x41570000u, 0x41484556u, 0x52454D4Du, 0x4C554B41u, 0x00000041u, 0x4D410000u, 0x43495245u, 0x00414E41u,
    0x4C52414Du, 0x00004E49u, 0x35540000u, 0x00003035u, 0x49444152u, 0x5443414Fu, 0x00455649u, 0x4C420000u,
    0x204B4341u, 0x4F444957u, 0x00000057u, 0x52525548u, 0x4E414349u, 0x00000045u, 0x45544157u, 0x57414852u,
    0x0041204Bu, 0x41570000u, 0x41484556u, 0x52454D4Du, 0x00004120u, 0x4C554B41u, 0x00412041u, 0x4D410000u,
    0x43495245u, 0x20414E41u, 0x00000041u, 0x4C52414Du, 0x41204E49u, 0x35540000u, 0x41203035u, 0x49444152u,
    0x5443414Fu, 0x20455649u, 0x4C420041u, 0x204B4341u, 0x4F444957u, 0x00412057u, 0x52525548u, 0x4E414349u,
    0x00412045u, 0x45544157u, 0x57414852u, 0x0041204Bu, 0x41570000u, 0x41484556u, 0x52454D4Du, 0x00004120u,
    0x4C554B41u, 0x00412041u, 0x4D410000u, 0x43495245u, 0x20414E41u, 0x00000041u, 0x4C52414Du, 0x41204E49u,
    0x35540000u, 0x41203035u, 0x49444152u, 0x5443414Fu, 0x20455649u, 0x4C420041u, 0x204B4341u, 0x4F444957u,
    0x00412057u, 0x52525548u, 0x4E414349u, 0x00412045u, 0x00000001u, 0x00010000u, 0x00000002u, 0x00010001u,
    0x00010002u, 0x00000003u, 0x00000004u, 0x00010004u, 0x00000005u, 0x00010003u, 0x00010005u, 0x00000006u,
    0x00000007u, 0x00010006u, 0x00010007u, 0x80082564u, 0x80082550u, 0x80082544u, 0x80082534u, 0x1F801070u,
    0x1F801100u, 0x00000010u, 0x00000020u, 0x00000040u, 0x00000001u, 0x09067350u, 0x0036615Bu, 0x1F801814u,
    0x1F801110u, 0x80082590u, 0x8006822Cu, 0x80067F68u, 0x80068380u, 0x8006842Cu, 0x80099920u, 0x8009A988u,
    0x1F801070u, 0x1F801074u, 0x1F8010F0u, 0x1F801114u, 0x1F8010F4u, 0x1F801080u, 0x00060000u, 0x0013000Du,
    0x001F0019u, 0x002C0026u, 0x00390032u, 0x0045003Fu, 0x0052004Bu, 0x005E0058u, 0x006B0065u, 0x00770071u,
    0x0084007Eu, 0x0090008Au, 0x009D0097u, 0x00AA00A3u, 0x00B600B0u, 0x00C300BCu, 0x00CF00C9u, 0x00DC00D6u,
    0x00E800E2u, 0x00F500EFu, 0x010100FBu, 0x010E0108u, 0x011B0114u, 0x01270121u, 0x0134012Du, 0x0140013Au,
    0x014D0146u, 0x01590153u, 0x0166015Fu, 0x0172016Cu, 0x017F0178u, 0x018B0185u, 0x01980191u, 0x01A4019Eu,
    0x01B101AAu, 0x01BD01B7u, 0x01CA01C3u, 0x01D601D0u, 0x01E301DCu, 0x01EF01E9u, 0x01FC01F5u, 0x02080202u,
    0x0215020Eu, 0x0221021Bu, 0x022D0227u, 0x023A0234u, 0x02460240u, 0x0253024Du, 0x025F0259u, 0x026C0265u,
    0x02780272u, 0x0284027Eu, 0x0291028Bu, 0x029D0297u, 0x02AA02A3u, 0x02B602B0u, 0x02C202BCu, 0x02CF02C9u,
    0x02DB02D5u, 0x02E802E1u, 0x02F402EEu, 0x030002FAu, 0x030D0306u, 0x03190313u, 0x0325031Fu, 0x0332032Bu,
    0x033E0338u, 0x034A0344u, 0x03560350u, 0x0363035Du, 0x036F0369u, 0x037B0375u, 0x03880381u, 0x0394038Eu,
    0x03A0039Au, 0x03AC03A6u, 0x03B903B2u, 0x03C503BFu, 0x03D103CBu, 0x03DD03D7u, 0x03E903E3u, 0x03F603EFu,
    0x040203FCu, 0x040E0408u, 0x041A0414u, 0x04260420u, 0x0432042Cu, 0x043E0438u, 0x044B0444u, 0x04570451u,
    0x0463045Du, 0x046F0469u, 0x047B0475u, 0x04870481u, 0x0493048Du, 0x049F0499u, 0x04AB04A5u, 0x04B704B1u,
    0x04C304BDu, 0x04CF04C9u, 0x04DB04D5u, 0x04E704E1u, 0x04F304EDu, 0x04FF04F9u, 0x050B0505u, 0x05170511u,
    0x0523051Du, 0x052F0529u, 0x053A0534u, 0x05460540u, 0x0552054Cu, 0x055E0558u, 0x056A0564u, 0x05760570u,
    0x0581057Cu, 0x058D0587u, 0x05990593u, 0x05A5059Fu, 0x05B105ABu, 0x05BC05B6u, 0x05C805C2u, 0x05D405CEu,
    0x05DF05DAu, 0x05EB05E5u, 0x05F705F1u, 0x060205FDu, 0x060E0608u, 0x061A0614u, 0x0625061Fu, 0x0631062Bu,
    0x063C0637u, 0x06480642u, 0x0654064Eu, 0x065F0659u, 0x066B0665u, 0x06760670u, 0x0682067Cu, 0x068D0687u,
    0x06990693u, 0x06A4069Eu, 0x06AF06AAu, 0x06BB06B5u, 0x06C606C1u, 0x06D206CCu, 0x06DD06D7u, 0x06E806E3u,
    0x06F406EEu, 0x06FF06F9u, 0x070A0705u, 0x07150710u, 0x0721071Bu, 0x072C0726u, 0x07370732u, 0x0742073Du,
    0x074E0748u, 0x07590753u, 0x0764075Eu, 0x076F076Au, 0x077A0775u, 0x07850780u, 0x0790078Bu, 0x079B0796u,
    0x07A607A1u, 0x07B207ACu, 0x07BD07B7u, 0x07C807C2u, 0x07D207CDu, 0x07DD07D8u, 0x07E807E3u, 0x07F307EEu,
    0x07FE07F9u, 0x08090804u, 0x0814080Eu, 0x081F0819u, 0x082A0824u, 0x0834082Fu, 0x083F083Au, 0x084A0845u,
    0x0855084Fu, 0x085F085Au, 0x086A0865u, 0x0875086Fu, 0x087F087Au, 0x088A0885u, 0x0895088Fu, 0x089F089Au,
    0x08AA08A5u, 0x08B408AFu, 0x08BF08BAu, 0x08C908C4u, 0x08D408CFu, 0x08DE08D9u, 0x08E908E4u, 0x08F308EEu,
    0x08FE08F8u, 0x09080903u, 0x0912090Du, 0x091D0918u, 0x09270922u, 0x0931092Cu, 0x093C0937u, 0x09460941u,
    0x0950094Bu, 0x095A0955u, 0x0965095Fu, 0x096F096Au, 0x09790974u, 0x0983097Eu, 0x098D0988u, 0x09970992u,
    0x09A1099Cu, 0x09AB09A6u, 0x09B509B0u, 0x09BF09BAu, 0x09C909C4u, 0x09D309CEu, 0x09DD09D8u, 0x09E709E2u,
    0x09F109ECu, 0x09FB09F6u, 0x0A0409FFu, 0x0A0E0A09u, 0x0A180A13u, 0x0A220A1Du, 0x0A2B0A26u, 0x0A350A30u,
    0x0A3F0A3Au, 0x0A480A44u, 0x0A520A4Du, 0x0A5C0A57u, 0x0A650A60u, 0x0A6F0A6Au, 0x0A780A73u, 0x0A820A7Du,
    0x0A8B0A86u, 0x0A950A90u, 0x0A9E0A99u, 0x0AA70AA3u, 0x0AB10AACu, 0x0ABA0AB5u, 0x0AC30ABFu, 0x0ACD0AC8u,
    0x0AD60AD1u, 0x0ADF0ADBu, 0x0AE80AE4u, 0x0AF20AEDu, 0x0AFB0AF6u, 0x0B040AFFu, 0x0B0D0B08u, 0x0B160B11u,
    0x0B1F0B1Bu, 0x0B280B24u, 0x0B310B2Du, 0x0B3A0B36u, 0x0B430B3Eu, 0x0B4C0B47u, 0x0B550B50u, 0x0B5E0B59u,
    0x0B660B62u, 0x0B6F0B6Bu, 0x0B780B74u, 0x0B810B7Cu, 0x0B890B85u, 0x0B920B8Eu, 0x0B9B0B97u, 0x0BA30B9Fu,
    0x0BAC0BA8u, 0x0BB50BB0u, 0x0BBD0BB9u, 0x0BC60BC1u, 0x0BCE0BCAu, 0x0BD70BD2u, 0x0BDF0BDBu, 0x0BE80BE3u,
    0x0BF00BECu, 0x0BF80BF4u, 0x0C010BFCu, 0x0C090C05u, 0x0C110C0Du, 0x0C190C15u, 0x0C220C1Eu, 0x0C2A0C26u,
    0x0C320C2Eu, 0x0C3A0C36u, 0x0C420C3Eu, 0x0C4A0C46u, 0x0C520C4Eu, 0x0C5A0C56u, 0x0C620C5Eu, 0x0C6A0C66u,
    0x0C720C6Eu, 0x0C7A0C76u, 0x0C820C7Eu, 0x0C8A0C86u, 0x0C910C8Eu, 0x0C990C95u, 0x0CA10C9Du, 0x0CA90CA5u,
    0x0CB00CACu, 0x0CB80CB4u, 0x0CC00CBCu, 0x0CC70CC3u, 0x0CCF0CCBu, 0x0CD60CD2u, 0x0CDE0CDAu, 0x0CE50CE1u,
    0x0CED0CE9u, 0x0CF40CF0u, 0x0CFB0CF8u, 0x0D030CFFu, 0x0D0A0D06u, 0x0D110D0Eu, 0x0D180D15u, 0x0D200D1Cu,
    0x0D270D23u, 0x0D2E0D2Au, 0x0D350D32u, 0x0D3C0D39u, 0x0D430D40u, 0x0D4A0D47u, 0x0D510D4Eu, 0x0D580D55u,
    0x0D5F0D5Cu, 0x0D660D62u, 0x0D6D0D69u, 0x0D740D70u, 0x0D7A0D77u, 0x0D810D7Eu, 0x0D880D85u, 0x0D8F0D8Bu,
    0x0D950D92u, 0x0D9C0D99u, 0x0DA20D9Fu, 0x0DA90DA6u, 0x0DB00DACu, 0x0DB60DB3u, 0x0DBC0DB9u, 0x0DC30DC0u,
    0x0DC90DC6u, 0x0DD00DCCu, 0x0DD60DD3u, 0x0DDC0DD9u, 0x0DE30DDFu, 0x0DE90DE6u, 0x0DEF0DECu, 0x0DF50DF2u,
    0x0DFB0DF8u, 0x0E010DFEu, 0x0E070E04u, 0x0E0D0E0Au, 0x0E130E10u, 0x0E190E16u, 0x0E1F0E1Cu, 0x0E250E22u,
    0x0E2B0E28u, 0x0E310E2Eu, 0x0E370E34u, 0x0E3C0E3Au, 0x0E420E3Fu, 0x0E480E45u, 0x0E4D0E4Bu, 0x0E530E50u,
    0x0E590E56u, 0x0E5E0E5Bu, 0x0E640E61u, 0x0E690E66u, 0x0E6F0E6Cu, 0x0E740E71u, 0x0E790E77u, 0x0E7F0E7Cu,
    0x0E840E81u, 0x0E890E87u, 0x0E8F0E8Cu, 0x0E940E91u, 0x0E990E96u, 0x0E9E0E9Bu, 0x0EA30EA1u, 0x0EA80EA6u,
    0x0EAD0EABu, 0x0EB20EB0u, 0x0EB70EB5u, 0x0EBC0EBAu, 0x0EC10EBFu, 0x0EC60EC3u, 0x0ECB0EC8u, 0x0ECF0ECDu,
    0x0ED40ED2u, 0x0ED90ED6u, 0x0EDD0EDBu, 0x0EE20EE0u, 0x0EE70EE4u, 0x0EEB0EE9u, 0x0EF00EEEu, 0x0EF40EF2u,
    0x0EF90EF7u, 0x0EFD0EFBu, 0x0F020EFFu, 0x0F060F04u, 0x0F0A0F08u, 0x0F0E0F0Cu, 0x0F130F11u, 0x0F170F15u,
    0x0F1B0F19u, 0x0F1F0F1Du, 0x0F230F21u, 0x0F270F25u, 0x0F2B0F29u, 0x0F2F0F2Du, 0x0F330F31u, 0x0F370F35u,
    0x0F3B0F39u, 0x0F3F0F3Du, 0x0F430F41u, 0x0F460F45u, 0x0F4A0F48u, 0x0F4E0F4Cu, 0x0F510F50u, 0x0F550F53u,
    0x0F590F57u, 0x0F5C0F5Au, 0x0F600F5Eu, 0x0F630F61u, 0x0F670F65u, 0x0F6A0F68u, 0x0F6D0F6Cu, 0x0F710F6Fu,
    0x0F740F72u, 0x0F770F76u, 0x0F7A0F79u, 0x0F7D0F7Cu, 0x0F810F7Fu, 0x0F840F82u, 0x0F870F85u, 0x0F8A0F88u,
    0x0F8D0F8Bu, 0x0F900F8Eu, 0x0F930F91u, 0x0F950F94u, 0x0F980F97u, 0x0F9B0F9Au, 0x0F9E0F9Cu, 0x0FA10F9Fu,
    0x0FA30FA2u, 0x0FA60FA5u, 0x0FA80FA7u, 0x0FAB0FAAu, 0x0FAE0FACu, 0x0FB00FAFu, 0x0FB30FB1u, 0x0FB50FB4u,
    0x0FB70FB6u, 0x0FBA0FB8u, 0x0FBC0FBBu, 0x0FBE0FBDu, 0x0FC00FBFu, 0x0FC30FC2u, 0x0FC50FC4u, 0x0FC70FC6u,
    0x0FC90FC8u, 0x0FCB0FCAu, 0x0FCD0FCCu, 0x0FCF0FCEu, 0x0FD10FD0u, 0x0FD30FD2u, 0x0FD50FD4u, 0x0FD60FD5u,
    0x0FD80FD7u, 0x0FDA0FD9u, 0x0FDC0FDBu, 0x0FDD0FDCu, 0x0FDF0FDEu, 0x0FE00FE0u, 0x0FE20FE1u, 0x0FE30FE3u,
    0x0FE50FE4u, 0x0FE60FE6u, 0x0FE80FE7u, 0x0FE90FE8u, 0x0FEA0FEAu, 0x0FEC0FEBu, 0x0FED0FECu, 0x0FEE0FEDu,
    0x0FEF0FEFu, 0x0FF00FF0u, 0x0FF10FF1u, 0x0FF20FF2u, 0x0FF30FF3u, 0x0FF40FF4u, 0x0FF50FF5u, 0x0FF60FF6u,
    0x0FF70FF7u, 0x0FF80FF8u, 0x0FF90FF8u, 0x0FF90FF9u, 0x0FFA0FFAu, 0x0FFB0FFAu, 0x0FFB0FFBu, 0x0FFC0FFCu,
    0x0FFC0FFCu, 0x0FFD0FFDu, 0x0FFD0FFDu, 0x0FFE0FFEu, 0x0FFE0FFEu, 0x0FFF0FFEu, 0x0FFF0FFFu, 0x0FFF0FFFu,
    0x0FFF0FFFu, 0x10001000u, 0x10001000u, 0x10001000u, 0x10001000u, 0x10001000u, 0x00001000u, 0x101F1000u,
    0x105E103Fu, 0x109C107Eu, 0x10DA10BBu, 0x111610F8u, 0x11521134u, 0x118C116Fu, 0x11C611A9u, 0x120011E3u,
    0x1238121Cu, 0x12701254u, 0x12A7128Cu, 0x12DE12C2u, 0x131412F9u, 0x1349132Eu, 0x137E1364u, 0x13B21398u,
    0x13E613CCu, 0x14191400u, 0x144C1432u, 0x147E1465u, 0x14B01497u, 0x14E114C8u, 0x151214F9u, 0x1542152Au,
    0x1572155Au, 0x15A2158Au, 0x15D115B9u, 0x160015E8u, 0x162E1617u, 0x165C1645u, 0x16891673u, 0x16B716A0u,
    0x16E416CDu, 0x171016FAu, 0x173C1726u, 0x17681752u, 0x1794177Eu, 0x17BF17AAu, 0x17EA17D5u, 0x18151800u,
    0x183F182Au, 0x18691854u, 0x1893187Eu, 0x18BD18A8u, 0x18E618D1u, 0x190F18FAu, 0x19381923u, 0x1960194Cu,
    0x19881974u, 0x19B0199Cu, 0x19D819C4u, 0x1A0019ECu, 0x1A271A13u, 0x1A4E1A3Au, 0x1A751A61u, 0x1A9B1A88u,
    0x1AC21AAEu, 0x1AE81AD5u, 0x1B0E1AFBu, 0x1B331B21u, 0x1B591B46u, 0x1B7E1B6Cu, 0x1BA31B91u, 0x1BC81BB6u,
    0x1BED1BDBu, 0x1C121C00u, 0x1C361C24u, 0x1C5A1C48u, 0x1C7E1C6Cu, 0x1CA21C90u, 0x1CC61CB4u, 0x1CE91CD8u,
    0x1D0D1CFBu, 0x1D301D1Eu, 0x1D531D41u, 0x1D761D64u, 0x1D981D87u, 0x1DBB1DAAu, 0x1DDD1DCCu, 0x1E001DEEu,
    0x1E221E11u, 0x1E431E33u, 0x1E651E54u, 0x1E871E76u, 0x1EA81E98u, 0x1ECA1EB9u, 0x1EEB1EDAu, 0x1F0C1EFBu,
    0x1F2D1F1Cu, 0x1F4E1F3Du, 0x1F6E1F5Eu, 0x1F8F1F7Eu, 0x1FAF1F9Fu, 0x1FCF1FBFu, 0x1FEF1FDFu, 0x0FE01000u,
    0x0FA30FC1u, 0x0F680F85u, 0x0F300F4Cu, 0x0EFB0F15u, 0x0EC70EE1u, 0x0E960EAEu, 0x0E660E7Eu, 0x0E380E4Fu,
    0x0E0C0E22u, 0x0DE20DF7u, 0x0DB90DCDu, 0x0D910DA5u, 0x0D6B0D7Eu, 0x0D450D58u, 0x0D210D33u, 0x0CFF0D10u,
    0x0CDD0CEEu, 0x0CBC0CCCu, 0x0C9C0CACu, 0x0C7D0C8Du, 0x0C5F0C6Eu, 0x0C420C51u, 0x0C260C34u, 0x0C0A0C18u,
    0x0BEF0BFDu, 0x0BD50BE2u, 0x0BBB0BC8u, 0x0BA20BAFu, 0x0B8A0B96u, 0x0B720B7Eu, 0x0B5B0B67u, 0x0B450B50u,
    0x0B2E0B39u, 0x0B190B24u, 0x0B040B0Eu, 0x0AEF0AF9u, 0x0ADB0AE5u, 0x0AC70AD1u, 0x0AB40ABDu, 0x0AA10AAAu,
    0x0A8E0A97u, 0x0A7C0A85u, 0x0A6A0A73u, 0x0A590A61u, 0x0A470A50u, 0x0A370A3Fu, 0x0A260A2Eu, 0x0A160A1Eu,
    0x0A060A0Eu, 0x09F609FEu, 0x09E709EFu, 0x09D809E0u, 0x09C909D1u, 0x09BB09C2u, 0x09AD09B4u, 0x099E09A5u,
    0x09910998u, 0x0983098Au, 0x0976097Cu, 0x0969096Fu, 0x095C0962u, 0x094F0955u, 0x09430949u, 0x0936093Cu,
    0x092A0930u, 0x091E0924u, 0x09120918u, 0x0907090Du, 0x08FB0901u, 0x08F008F6u, 0x08E508EBu, 0x08DA08E0u,
    0x08CF08D5u, 0x08C508CAu, 0x08BA08BFu, 0x08B008B5u, 0x08A608ABu, 0x089C08A1u, 0x08920897u, 0x0888088Du,
    0x087E0883u, 0x0875087Au, 0x086B0870u, 0x08620867u, 0x0859085Eu, 0x08500855u, 0x0847084Cu, 0x083E0843u,
    0x0836083Au, 0x082D0831u, 0x08240829u, 0x081C0820u, 0x08140818u, 0x080C0810u, 0x08040808u, 0x6F727245u,
    0x43203A72u, 0x74276E61u, 0x73757020u, 0x616D2068u, 0x78697274u, 0x6174732Cu, 0x6D286B63u, 0x32207861u,
    0x69202930u, 0x75662073u, 0x0A216C6Cu, 0x72724500u, 0x203A726Fu, 0x276E6143u, 0x6F702074u, 0x616D2070u,
    0x78697274u, 0x6174732Cu, 0x69206B63u, 0x6D652073u, 0x21797470u, 0x6854000Au, 0x66207369u, 0x74636E75u,
    0x206E6F69u, 0x6E207369u, 0x6920746Fu, 0x656C706Du, 0x746E656Du, 0x0A2E6465u, 0xFFFF0000u, 0x00010000u,
    0x00101000u, 0x00111000u, 0x01111100u, 0x00001000u, 0x00011000u, 0x01000000u, 0x00000100u, 0x00010000u,
    0x00010000u, 0x00101000u, 0x00101000u, 0x01010100u, 0x01001100u, 0x00010100u, 0x00001100u, 0x00100000u,
    0x00001000u, 0x01010100u, 0x00010000u, 0x01000000u, 0x00010000u, 0x01111100u, 0x00010100u, 0x00100000u,
    0x00010100u, 0x00010000u, 0x00010000u, 0x00111000u, 0x00010000u, 0x00100000u, 0x00010000u, 0x00101000u,
    0x00111000u, 0x00010000u, 0x00001000u, 0x00010000u, 0x00010000u, 0x00010000u, 0x01111100u, 0x01111100u,
    0x00010000u, 0x00010000u, 0x00101000u, 0x01010000u, 0x00001000u, 0x01010100u, 0x00010000u, 0x00010000u,
    0x00111000u, 0x00010000u, 0x00001000u, 0x01111100u, 0x01010100u, 0x01100100u, 0x00100100u, 0x00100000u,
    0x00001000u, 0x01010100u, 0x00010000u, 0x00011000u, 0x00011000u, 0x00000100u, 0x00010000u, 0x00101000u,
    0x00111000u, 0x01100100u, 0x01011000u, 0x01000000u, 0x00000100u, 0x00010000u, 0x00011000u, 0x00011000u,
    0x00010000u, 0x00001100u, 0x00111000u, 0x00010000u, 0x00111000u, 0x00111000u, 0x00100000u, 0x01111100u,
    0x00110000u, 0x01111100u, 0x00111000u, 0x00111000u, 0x00111000u, 0x01000100u, 0x00011000u, 0x01000100u,
    0x01000100u, 0x00110000u, 0x00000100u, 0x00001000u, 0x01000000u, 0x01000100u, 0x01000100u, 0x00100000u,
    0x00001000u, 0x01000100u, 0x01100100u, 0x00010000u, 0x01000000u, 0x01000000u, 0x00101000u, 0x00111100u,
    0x00000100u, 0x00100000u, 0x01000100u, 0x01000100u, 0x00011000u, 0x00011000u, 0x00010000u, 0x01111100u,
    0x00010000u, 0x00100000u, 0x01010100u, 0x00010000u, 0x00100000u, 0x00110000u, 0x00100100u, 0x01000000u,
    0x00111100u, 0x00100000u, 0x00111000u, 0x01111000u, 0x00011000u, 0x00011000u, 0x00001000u, 0x00100000u,
    0x00010000u, 0x01001100u, 0x00010000u, 0x00010000u, 0x01000000u, 0x01111100u, 0x01000000u, 0x01000100u,
    0x00010000u, 0x01000100u, 0x01000000u, 0x00010000u, 0x01111100u, 0x00010000u, 0x00010000u, 0x01000100u,
    0x00010000u, 0x00001000u, 0x01000100u, 0x00100000u, 0x01000100u, 0x01000100u, 0x00010000u, 0x01000100u,
    0x00100000u, 0x00011000u, 0x00011000u, 0x00100000u, 0x00001000u, 0x00111000u, 0x00111000u, 0x01111100u,
    0x00111000u, 0x00100000u, 0x00111000u, 0x00111000u, 0x00010000u, 0x00111000u, 0x00011000u, 0x00011000u,
    0x00011000u, 0x00010000u, 0x00001100u, 0x00111000u, 0x00111000u, 0x00111100u, 0x00111000u, 0x00111100u,
    0x01111100u, 0x01111100u, 0x00111000u, 0x01000100u, 0x00111000u, 0x01000000u, 0x01000100u, 0x00000100u,
    0x01000100u, 0x01000100u, 0x00111000u, 0x01000100u, 0x01000100u, 0x01000100u, 0x01000100u, 0x01001000u,
    0x00000100u, 0x00000100u, 0x01000100u, 0x01000100u, 0x00010000u, 0x01000000u, 0x00100100u, 0x00000100u,
    0x01101100u, 0x01000100u, 0x01000100u, 0x01110100u, 0x01000100u, 0x01000100u, 0x00000100u, 0x01001000u,
    0x00000100u, 0x00000100u, 0x00000100u, 0x01000100u, 0x00010000u, 0x01000000u, 0x00010100u, 0x00000100u,
    0x01010100u, 0x01001100u, 0x01000100u, 0x01010100u, 0x01111100u, 0x00111100u, 0x00000100u, 0x01001000u,
    0x00111100u, 0x00111100u, 0x00000100u, 0x01111100u, 0x00010000u, 0x01000000u, 0x00001100u, 0x00000100u,
    0x01000100u, 0x01010100u, 0x01000100u, 0x01110100u, 0x01000100u, 0x01000100u, 0x00000100u, 0x01001000u,
    0x00000100u, 0x00000100u, 0x01100100u, 0x01000100u, 0x00010000u, 0x01000000u, 0x00010100u, 0x00000100u,
    0x01000100u, 0x01100100u, 0x01000100u, 0x00000100u, 0x01000100u, 0x01000100u, 0x01000100u, 0x01001000u,
    0x00000100u, 0x00000100u, 0x01000100u, 0x01000100u, 0x00010000u, 0x01000100u, 0x00100100u, 0x00000100u,
    0x01000100u, 0x01000100u, 0x01000100u, 0x00111000u, 0x01000100u, 0x00111100u, 0x00111000u, 0x00111100u,
    0x01111100u, 0x00000100u, 0x00111000u, 0x01000100u, 0x00111000u, 0x00111000u, 0x01000100u, 0x01111100u,
    0x01000100u, 0x01000100u, 0x00111000u, 0x00111100u, 0x00111000u, 0x00111100u, 0x00111000u, 0x01111100u,
    0x01000100u, 0x01000100u, 0x01000100u, 0x01000100u, 0x01000100u, 0x01111100u, 0x00010000u, 0x00010000u,
    0x00101000u, 0x01000100u, 0x01000100u, 0x01000100u, 0x01000100u, 0x00010000u, 0x01000100u, 0x01000100u,
    0x01000100u, 0x01000100u, 0x01000100u, 0x01000000u, 0x00010000u, 0x00000100u, 0x00010000u, 0x01000100u,
    0x01000100u, 0x01000100u, 0x01000100u, 0x00000100u, 0x00010000u, 0x01000100u, 0x01000100u, 0x01000100u,
    0x00101000u, 0x00101000u, 0x00100000u, 0x00010000u, 0x00001000u, 0x00010000u, 0x00111100u, 0x01000100u,
    0x00111100u, 0x00111000u, 0x00010000u, 0x01000100u, 0x01000100u, 0x01000100u, 0x00010000u, 0x00010000u,
    0x01111100u, 0x00010000u, 0x00010000u, 0x00010000u, 0x00000100u, 0x01010100u, 0x00010100u, 0x01000000u,
    0x00010000u, 0x01000100u, 0x00101000u, 0x01010100u, 0x00101000u, 0x00010000u, 0x00001000u, 0x00010000u,
    0x00100000u, 0x00010000u, 0x00000100u, 0x00100100u, 0x00100100u, 0x01000100u, 0x00010000u, 0x01000100u,
    0x00101000u, 0x01101100u, 0x01000100u, 0x00010000u, 0x00000100u, 0x00010000u, 0x01000000u, 0x00010000u,
    0x00000100u, 0x01011000u, 0x01000100u, 0x00111000u, 0x00010000u, 0x00111000u, 0x00010000u, 0x01000100u,
    0x01000100u, 0x00010000u, 0x01111100u, 0x00010000u, 0x00010000u, 0x01110000u, 0x00011100u, 0x80082628u,
    0x09077350u, 0x0036E06Bu, 0x80082794u, 0x8006DCA8u, 0x8006DCCCu, 0x8006D440u, 0x8006DBA0u, 0x8006DBDCu,
    0x8006DC2Cu, 0x8006D904u, 0x8006D6B0u, 0x8006DFB0u, 0x8006DBC8u, 0x8006D358u, 0x8006DC78u, 0x8006E2ACu,
    0x8006D340u, 0x8006E408u, 0x800A0BF0u, 0x8006EBE8u, 0x00000400u, 0x00000400u, 0x00000400u, 0x00000400u,
    0x00000400u, 0x00000200u, 0x00000400u, 0x00000400u, 0x00000200u, 0x00000400u, 0x04FFFFFFu, 0x80000000u,
    0x04FFFFFFu, 0x1F801810u, 0x1F801814u, 0x1F8010A0u, 0x1F8010A4u, 0x1F8010A8u, 0x1F8010E0u, 0x1F8010E4u,
    0x1F8010E8u, 0x1F8010F0u, 0x20202000u, 0x20202020u, 0x08082020u, 0x20080808u, 0x20202020u, 0x20202020u,
    0x20202020u, 0x20202020u, 0x10101820u, 0x10101010u, 0x10101010u, 0x10101010u, 0x04040410u, 0x04040404u,
    0x10040404u, 0x10101010u, 0x41411010u, 0x41414141u, 0x01010101u, 0x01010101u, 0x01010101u, 0x01010101u,
    0x01010101u, 0x10101010u, 0x42421010u, 0x42424242u, 0x02020202u, 0x02020202u, 0x02020202u, 0x02020202u,
    0x02020202u, 0x10101010u, 0x00000020u, 0x09027350u, 0x00365D5Bu, 0x1F801800u, 0x1F801801u, 0x1F801802u,
    0x1F801803u, 0x00000001u, 0x00000001u, 0x00000001u, 0x00000001u, 0x00000001u, 0x09047350u, 0x00365E5Bu,
    0x00000002u, 0x80082E14u, 0x80082E0Cu, 0x80082E00u, 0x80082DF8u, 0x80082DECu, 0x80082DE0u, 0x80082DD4u,
    0x80082DC8u, 0x80082DC0u, 0x80082DB4u, 0x80082DA8u, 0x80082DA0u, 0x80082D94u, 0x80082D84u, 0x80082D78u,
    0x80082D74u, 0x80082D68u, 0x80082D5Cu, 0x80082D74u, 0x80082D50u, 0x80082D44u, 0x80082D38u, 0x80082D2Cu,
    0x80082D74u, 0x80082D74u, 0x80082D74u, 0x80082D74u, 0x80082D20u, 0x80082D74u, 0x80082D74u, 0x80082D74u,
    0x80082D74u, 0x80082E54u, 0x80082E48u, 0x80082E3Cu, 0x80082E30u, 0x80082E28u, 0x80082E1Cu, 0x80082D74u,
    0x80082D74u, 0x00000001u, 0x00000001u, 0x00000001u, 0x00000001u, 0x00000001u, 0x00000001u, 0x00000001u,
    0x00000001u, 0x00000001u, 0x00000001u, 0x00000001u, 0x00000001u, 0x00000001u, 0x00000001u, 0x00000001u,
    0x00000001u, 0x00000001u, 0x00000001u, 0x00000001u, 0x00000001u, 0x00000001u, 0x00000001u, 0x00000001u,
    0x00000001u, 0x00000001u, 0x00000001u, 0x00000001u, 0x00000001u, 0x00000001u, 0x00000001u, 0x00000001u,
    0x00000001u, 0x00000001u, 0x00000001u, 0x00000001u, 0x00000001u, 0x00000001u, 0x00000001u, 0x00000001u,
    0x00000001u, 0x00000001u, 0x00000001u, 0x00000001u, 0x00000001u, 0x00000001u, 0x00000003u, 0x00000002u,
    0x00000001u, 0x00000001u, 0x00000001u, 0x1F801800u, 0x1F801801u, 0x1F801802u, 0x1F801803u, 0x1F801020u,
    0x1F801C00u, 0x800A1164u, 0x800D24A8u, 0x800A0EA9u, 0x800A0E98u, 0x800A0EA4u, 0x80082F18u, 0x1F801018u,
    0x1F8010F0u, 0x1F8010B0u, 0x1F8010B4u, 0x1F8010B8u, 0xFFFFFFFFu, 0x1F801800u, 0x1F801801u, 0x1F801802u,
    0x1F801803u, 0x1F801800u, 0x1F801801u, 0x1F801802u, 0x1F801803u, 0x1F801800u, 0x1F801801u, 0x1F801802u,
    0x1F801803u, 0x1F801800u, 0x1F801801u, 0x1F801802u, 0x1F801803u, 0x1F801800u, 0x1F801801u, 0x1F801802u,
    0x1F801803u, 0x1F801800u, 0x1F801801u, 0x1F801802u, 0x1F801803u, 0x1F801800u, 0x1F801801u, 0x1F801802u,
    0x1F801803u, 0x1F801800u, 0x1F801801u, 0x1F801802u, 0x1F801803u, 0x1F801800u, 0x1F801801u, 0x1F801802u,
    0x1F801803u, 0x1F801018u, 0x1F801020u, 0x1F8010F0u, 0x1F8010F4u, 0x1F801098u, 0x1F801090u, 0x1F8010A8u,
    0x1F8010A0u, 0x1F8010B8u, 0x1F8010B0u, 0x1F8010D8u, 0x1F8010D0u, 0x1F801070u, 0x1F801074u, 0x80010000u,
    0x00069CACu, 0x80083460u, 0x00030924u, 0x800B6C30u, 0x0004ABE8u, 0x09037350u, 0x0036AB5Bu, 0x09117350u,
    0x0036735Bu, 0xC000C000u, 0xC000C000u, 0xC000C000u, 0xC000C000u, 0xC000C000u, 0xC000C000u, 0xC000C000u,
    0xC000C000u, 0xC000C000u, 0xC000C000u, 0xC000C000u, 0xC000C000u, 0x1F801C00u, 0x1F8010C0u, 0x1F8010C4u,
    0x1F8010C8u, 0x1F8010F0u, 0x1F801014u, 0x00000002u, 0x00000003u, 0x00000008u, 0x00000007u, 0x00000001u,
    0x07070707u, 0x07070707u, 0x07070707u, 0x07070707u, 0x0000FFFEu, 0x0000FB28u, 0x0000FC18u, 0x0000F6F8u,
    0x0000F204u, 0x0000EA44u, 0x0000E128u, 0x0000CFF8u, 0x0000CFF8u, 0x0000F880u, 0x00000002u, 0x000004D8u,
    0x000003D8u, 0x00000908u, 0x00000DFCu, 0x000015BCu, 0x00001ED8u, 0x00003008u, 0x00003008u, 0x00000780u,
    0x005B007Du, 0x54B86D80u, 0x0000BED0u, 0xBA800000u, 0x53005800u, 0x033304D6u, 0x022703F0u, 0x01EF0374u,
    0x01B50334u, 0x013601B4u, 0x005C00B8u, 0x80008000u, 0x00250033u, 0x4FA870F0u, 0x4410BCE0u, 0x9C00C0F0u,
    0x4EC05280u, 0x031B03E4u, 0x02AF03A4u, 0x02660372u, 0x025D031Cu, 0x018E025Cu, 0x0135022Fu, 0x00B701D2u,
    0x00B5018Fu, 0x008000B4u, 0x0026004Cu, 0x80008000u, 0x007F00B1u, 0x4FA870F0u, 0x4510BCE0u, 0xB4C0BEF0u,
    0x4EC05280u, 0x076B0904u, 0x065F0824u, 0x061607A2u, 0x05ED076Cu, 0x042E05ECu, 0x0305050Fu, 0x02B70462u,
    0x0265042Fu, 0x01B20264u, 0x00800100u, 0x80008000u, 0x00A900E3u, 0x4FA86F60u, 0x4510BCE0u, 0xA680BEF0u,
    0x52C05680u, 0x0B580DFBu, 0x0A3C0D09u, 0x09730BD9u, 0x08DA0B59u, 0x05E908D9u, 0x04B007ECu, 0x03D206EFu,
    0x031D05EAu, 0x0238031Cu, 0x00AA0154u, 0x80008000u, 0x013901A5u, 0x50006000u, 0xB8004C00u, 0xC000BC00u,
    0x5C006000u, 0x11BB15BAu, 0x10BD14C2u, 0x0DC111BCu, 0x0DC311C0u, 0x09C10DC0u, 0x07C10BC4u, 0x06CD0A00u,
    0x05C109C2u, 0x041A05C0u, 0x013A0274u, 0x80008000u, 0x0231033Du, 0x50007E00u, 0xB000B400u, 0xB0004C00u,
    0x54006000u, 0x1A311ED6u, 0x183B1D14u, 0x16B21BC2u, 0x15EF1A32u, 0x105515EEu, 0x0F2D1334u, 0x0C5D11F6u,
    0x0AE11056u, 0x07A20AE0u, 0x02320464u, 0x80008000u, 0x00010001u, 0x7FFF7FFFu, 0x81000000u, 0x0FFF1FFFu,
    0x00051005u, 0x00051005u, 0x10021004u, 0x00020004u, 0x80008000u, 0x00010001u, 0x7FFF7FFFu, 0x0FFF1FFFu,
    0x00051005u, 0x00051005u, 0x10021004u, 0x00020004u, 0x80008000u, 0x00130017u, 0x4FA870F0u, 0x4510BCE0u,
    0x8500BEF0u, 0x54C05F80u, 0x02AF0371u, 0x01DF02E5u, 0x01D702B0u, 0x026A0358u, 0x011E01D6u, 0x00B1012Du,
    0x0059011Fu, 0x00E301A0u, 0x00400058u, 0x00140028u, 0x80008000u, 0x100E1000u, 0x102C101Du, 0x104A103Bu,
    0x10681059u, 0x10871078u, 0x10A51096u, 0x10C410B5u, 0x10E310D4u, 0x110310F3u, 0x11221113u, 0x11421132u,
    0x11621152u, 0x11821172u, 0x11A31193u, 0x11C411B3u, 0x11E511D4u, 0x120611F5u, 0x12271216u, 0x12491238u,
    0x126B125Au, 0x128D127Cu, 0x12AF129Eu, 0x12D212C1u, 0x12F512E3u, 0x13181306u, 0x133C132Au, 0x135F134Du,
    0x13831371u, 0x13A71395u, 0x13CC13BAu, 0x13F113DEu, 0x14161403u, 0x143B1428u, 0x1460144Eu, 0x14861473u,
    0x14AC1499u, 0x14D314BFu, 0x14F914E6u, 0x1520150Du, 0x15471534u, 0x156F155Bu, 0x15971583u, 0x15BF15ABu,
    0x15E715D3u, 0x161015FBu, 0x16381624u, 0x1662164Du, 0x168B1676u, 0x16B516A0u, 0x16DF16CAu, 0x170A16F4u,
    0x1734171Fu, 0x175F174Au, 0x178B1775u, 0x17B617A1u, 0x17E217CCu, 0x180F17F9u, 0x183B1825u, 0x18681852u,
    0x1896187Fu, 0x18C318ACu, 0x18F118DAu, 0x191F1908u, 0x194E1937u, 0x197D1965u, 0x19AC1995u, 0x19DC19C4u,
    0x1A0C19F4u, 0x1A3C1A24u, 0x1A6D1A55u, 0x1A9E1A85u, 0x1ACF1AB7u, 0x1B011AE8u, 0x1B331B1Au, 0x1B661B4Cu,
    0x1B981B7Fu, 0x1BCC1BB2u, 0x1BFF1BE5u, 0x1C331C19u, 0x1C671C4Du, 0x1C9C1C82u, 0x1CD11CB7u, 0x1D071CECu,
    0x1D3D1D22u, 0x1D731D58u, 0x1DA91D8Eu, 0x1DE01DC5u, 0x1E181DFCu, 0x1E501E34u, 0x1E881E6Cu, 0x1EC11EA4u,
    0x1EFA1EDDu, 0x1F331F16u, 0x1F6D1F50u, 0x1FA71F8Au, 0x1FE21FC5u, 0x00002000u, 0x40000001u, 0x13101002u,
    0x16161310u, 0x16161616u, 0x1B1A181Au, 0x1A1A1B1Bu, 0x1B1B1A1Au, 0x1D1D1D1Bu, 0x1D222222u, 0x1B1B1D1Du,
    0x20201D1Du, 0x26252222u, 0x22232325u, 0x28262623u, 0x30302828u, 0x38382E2Eu, 0x5345453Au, 0x13101002u,
    0x16161310u, 0x16161616u, 0x1B1A181Au, 0x1A1A1B1Bu, 0x1B1B1A1Au, 0x1D1D1D1Bu, 0x1D222222u, 0x1B1B1D1Du,
    0x20201D1Du, 0x26252222u, 0x22232325u, 0x28262623u, 0x30302828u, 0x38382E2Eu, 0x5345453Au, 0x60000000u,
    0x5A825A82u, 0x5A825A82u, 0x5A825A82u, 0x5A825A82u, 0x6A6D7D8Au, 0x18F8471Cu, 0xB8E3E707u, 0x82759592u,
    0x30FB7641u, 0x89BECF04u, 0xCF0489BEu, 0x764130FBu, 0xE7076A6Du, 0xB8E38275u, 0x7D8A471Cu, 0x959218F8u,
    0xA57D5A82u, 0x5A82A57Du, 0xA57D5A82u, 0x5A82A57Du, 0x8275471Cu, 0x6A6D18F8u, 0xE7079592u, 0xB8E37D8Au,
    0x89BE30FBu, 0xCF047641u, 0x7641CF04u, 0x30FB89BEu, 0xB8E318F8u, 0x82756A6Du, 0x95927D8Au, 0xE707471Cu,
    0x090E7350u, 0x0036CC5Bu, 0x1F801080u, 0x1F801084u, 0x1F801088u, 0x1F801090u, 0x1F801094u, 0x1F801098u,
    0x1F8010A0u, 0x1F8010A4u, 0x1F8010A8u, 0x1F8010B0u, 0x1F8010B4u, 0x1F8010B8u, 0x1F801820u, 0x1F801824u,
    0x1F8010F0u, 0x00FFFFFFu, 0x00010002u, 0x00010002u, 0x00010002u, 0x00010002u, 0x00010002u, 0x00010002u,
    0x00010002u, 0x00010002u, 0x00010002u, 0x00010002u, 0x00010002u, 0x00010002u, 0x00010002u, 0x00010002u,
    0x00010002u, 0x00010002u, 0x00010002u, 0x00010002u, 0x00010002u, 0x00010002u, 0x00010002u, 0x00010002u,
    0x00010002u, 0x00010002u, 0x00010002u, 0x00010002u, 0x00010002u, 0x00010002u, 0x00010002u, 0x00010002u,
    0x00010002u, 0x00010002u, 0x00010002u, 0x00010002u, 0x00010002u, 0x00010002u, 0x00010002u, 0x00010002u,
    0x00010002u, 0x00010002u, 0x00010002u, 0x00010002u, 0x00010002u, 0x00010002u, 0x00010002u, 0x00010002u,
    0x00010002u, 0x00010002u, 0x00010002u, 0x00010002u, 0x00010002u, 0x00010002u, 0x00010002u, 0x00010002u,
    0x00010002u, 0x00010002u, 0x00010002u, 0x00010002u, 0x00010002u, 0x00010002u, 0x00010002u, 0x00010002u,
    0x00010002u, 0x00010002u, 0x00020002u, 0x00020002u, 0x00020002u, 0x00020002u, 0x00020002u, 0x00020002u,
    0x00020002u, 0x00020002u, 0x00020002u, 0x00020002u, 0x00020002u, 0x00020002u, 0x00020002u, 0x00020002u,
    0x00020002u, 0x00020002u, 0x00020002u, 0x00020002u, 0x00020002u, 0x00020002u, 0x00020002u, 0x00020002u,
    0x00020002u, 0x00020002u, 0x00020002u, 0x00020002u, 0x00020002u, 0x00020002u, 0x00020002u, 0x00020002u,
    0x00020002u, 0x00020002u, 0x00020002u, 0x00020002u, 0x00020002u, 0x00020002u, 0x00020002u, 0x00020002u,
    0x00020002u, 0x00020002u, 0x00020002u, 0x00020002u, 0x00020002u, 0x00020002u, 0x00020002u, 0x00020002u,
    0x00020002u, 0x00020002u, 0x00020002u, 0x00020002u, 0x00020002u, 0x00020002u, 0x00020002u, 0x00020002u,
    0x00020002u, 0x00020002u, 0x00020002u, 0x00020002u, 0x00020002u, 0x00020002u, 0x00020002u, 0x00020002u,
    0x00020002u, 0x00020002u, 0x00000003u, 0x00000003u, 0x00000003u, 0x00000003u, 0x00000003u, 0x00000003u,
    0x00000003u, 0x00000003u, 0x00000003u, 0x00000003u, 0x00000003u, 0x00000003u, 0x00000003u, 0x00000003u,
    0x00000003u, 0x00000003u, 0x00000003u, 0x00000003u, 0x00000003u, 0x00000003u, 0x00000003u, 0x00000003u,
    0x00000003u, 0x00000003u, 0x00000003u, 0x00000003u, 0x00000003u, 0x00000003u, 0x00000003u, 0x00000003u,
    0x00000003u, 0x00000003u, 0x00030003u, 0x00030003u, 0x00030003u, 0x00030003u, 0x00030003u, 0x00030003u,
    0x00030003u, 0x00030003u, 0x00030003u, 0x00030003u, 0x00030003u, 0x00030003u, 0x00030003u, 0x00030003u,
    0x00030003u, 0x00030003u, 0x00030003u, 0x00030003u, 0x00030003u, 0x00030003u, 0x00030003u, 0x00030003u,
    0x00030003u, 0x00030003u, 0x00030003u, 0x00030003u, 0x00030003u, 0x00030003u, 0x00030003u, 0x00030003u,
    0x00030003u, 0x00030003u, 0x00040003u, 0x00040003u, 0x00040003u, 0x00040003u, 0x00040003u, 0x00040003u,
    0x00040003u, 0x00040003u, 0x00040003u, 0x00040003u, 0x00040003u, 0x00040003u, 0x00040003u, 0x00040003u,
    0x00040003u, 0x00040003u, 0x00040003u, 0x00040003u, 0x00040003u, 0x00040003u, 0x00040003u, 0x00040003u,
    0x00040003u, 0x00040003u, 0x00040003u, 0x00040003u, 0x00040003u, 0x00040003u, 0x00040003u, 0x00040003u,
    0x00040003u, 0x00040003u, 0x00050004u, 0x00050004u, 0x00050004u, 0x00050004u, 0x00050004u, 0x00050004u,
    0x00050004u, 0x00050004u, 0x00050004u, 0x00050004u, 0x00050004u, 0x00050004u, 0x00050004u, 0x00050004u,
    0x00050004u, 0x00050004u, 0x00060005u, 0x00060005u, 0x00060005u, 0x00060005u, 0x00060005u, 0x00060005u,
    0x00060005u, 0x00060005u, 0x00070006u, 0x00070006u, 0x00070006u, 0x00070006u, 0x00080007u, 0x00080007u,
    0x00000002u, 0x00000002u, 0x00000002u, 0x00000002u, 0x00000002u, 0x00000002u, 0x00000002u, 0x00000002u,
    0x00000002u, 0x00000002u, 0x00000002u, 0x00000002u, 0x00000002u, 0x00000002u, 0x00000002u, 0x00000002u,
    0x00000002u, 0x00000002u, 0x00000002u, 0x00000002u, 0x00000002u, 0x00000002u, 0x00000002u, 0x00000002u,
    0x00000002u, 0x00000002u, 0x00000002u, 0x00000002u, 0x00000002u, 0x00000002u, 0x00000002u, 0x00000002u,
    0x00000002u, 0x00000002u, 0x00000002u, 0x00000002u, 0x00000002u, 0x00000002u, 0x00000002u, 0x00000002u,
    0x00000002u, 0x00000002u, 0x00000002u, 0x00000002u, 0x00000002u, 0x00000002u, 0x00000002u, 0x00000002u,
    0x00000002u, 0x00000002u, 0x00000002u, 0x00000002u, 0x00000002u, 0x00000002u, 0x00000002u, 0x00000002u,
    0x00000002u, 0x00000002u, 0x00000002u, 0x00000002u, 0x00000002u, 0x00000002u, 0x00000002u, 0x00000002u,
    0x00010002u, 0x00010002u, 0x00010002u, 0x00010002u, 0x00010002u, 0x00010002u, 0x00010002u, 0x00010002u,
    0x00010002u, 0x00010002u, 0x00010002u, 0x00010002u, 0x00010002u, 0x00010002u, 0x00010002u, 0x00010002u,
    0x00010002u, 0x00010002u, 0x00010002u, 0x00010002u, 0x00010002u, 0x00010002u, 0x00010002u, 0x00010002u,
    0x00010002u, 0x00010002u, 0x00010002u, 0x00010002u, 0x00010002u, 0x00010002u, 0x00010002u, 0x00010002u,
    0x00010002u, 0x00010002u, 0x00010002u, 0x00010002u, 0x00010002u, 0x00010002u, 0x00010002u, 0x00010002u,
    0x00010002u, 0x00010002u, 0x00010002u, 0x00010002u, 0x00010002u, 0x00010002u, 0x00010002u, 0x00010002u,
    0x00010002u, 0x00010002u, 0x00010002u, 0x00010002u, 0x00010002u, 0x00010002u, 0x00010002u, 0x00010002u,
    0x00010002u, 0x00010002u, 0x00010002u, 0x00010002u, 0x00010002u, 0x00010002u, 0x00010002u, 0x00010002u,
    0x00020002u, 0x00020002u, 0x00020002u, 0x00020002u, 0x00020002u, 0x00020002u, 0x00020002u, 0x00020002u,
    0x00020002u, 0x00020002u, 0x00020002u, 0x00020002u, 0x00020002u, 0x00020002u, 0x00020002u, 0x00020002u,
    0x00020002u, 0x00020002u, 0x00020002u, 0x00020002u, 0x00020002u, 0x00020002u, 0x00020002u, 0x00020002u,
    0x00020002u, 0x00020002u, 0x00020002u, 0x00020002u, 0x00020002u, 0x00020002u, 0x00020002u, 0x00020002u,
    0x00020002u, 0x00020002u, 0x00020002u, 0x00020002u, 0x00020002u, 0x00020002u, 0x00020002u, 0x00020002u,
    0x00020002u, 0x00020002u, 0x00020002u, 0x00020002u, 0x00020002u, 0x00020002u, 0x00020002u, 0x00020002u,
    0x00020002u, 0x00020002u, 0x00020002u, 0x00020002u, 0x00020002u, 0x00020002u, 0x00020002u, 0x00020002u,
    0x00020002u, 0x00020002u, 0x00020002u, 0x00020002u, 0x00020002u, 0x00020002u, 0x00020002u, 0x00020002u,
    0x00030003u, 0x00030003u, 0x00030003u, 0x00030003u, 0x00030003u, 0x00030003u, 0x00030003u, 0x00030003u,
    0x00030003u, 0x00030003u, 0x00030003u, 0x00030003u, 0x00030003u, 0x00030003u, 0x00030003u, 0x00030003u,
    0x00030003u, 0x00030003u, 0x00030003u, 0x00030003u, 0x00030003u, 0x00030003u, 0x00030003u, 0x00030003u,
    0x00030003u, 0x00030003u, 0x00030003u, 0x00030003u, 0x00030003u, 0x00030003u, 0x00030003u, 0x00030003u,
    0x00040004u, 0x00040004u, 0x00040004u, 0x00040004u, 0x00040004u, 0x00040004u, 0x00040004u, 0x00040004u,
    0x00040004u, 0x00040004u, 0x00040004u, 0x00040004u, 0x00040004u, 0x00040004u, 0x00040004u, 0x00040004u,
    0x00050005u, 0x00050005u, 0x00050005u, 0x00050005u, 0x00050005u, 0x00050005u, 0x00050005u, 0x00050005u,
    0x00060006u, 0x00060006u, 0x00060006u, 0x00060006u, 0x00070007u, 0x00070007u, 0x00080008u, 0x000B000Du,
    0x03F5000Du, 0x2002000Du, 0x23FE000Du, 0x1003000Du, 0x13FD000Du, 0x000A000Du, 0x03F6000Du, 0x0804000Du,
    0x0BFC000Du, 0x1C02000Du, 0x1FFE000Du, 0x5401000Du, 0x57FF000Du, 0x5001000Du, 0x53FF000Du, 0x0009000Du,
    0x03F7000Du, 0x4C01000Du, 0x4FFF000Du, 0x4801000Du, 0x4BFF000Du, 0x0405000Du, 0x07FB000Du, 0x0C03000Du,
    0x0FFD000Du, 0x0008000Du, 0x03F8000Du, 0x1802000Du, 0x1BFE000Du, 0x4401000Du, 0x47FF000Du, 0x4001000Bu,
    0x4001000Bu, 0x4001000Du, 0x0000FE00u, 0x4001000Bu, 0x43FF000Bu, 0x43FF000Bu, 0x43FF000Du, 0x0000FE00u,
    0x43FF000Bu, 0x1402000Bu, 0x1402000Bu, 0x1402000Du, 0x0000FE00u, 0x1402000Bu, 0x17FE000Bu, 0x17FE000Bu,
    0x17FE000Du, 0x0000FE00u, 0x17FE000Bu, 0x0007000Bu, 0x0007000Bu, 0x0007000Du, 0x0000FE00u, 0x0007000Bu,
    0x03F9000Bu, 0x03F9000Bu, 0x03F9000Du, 0x0000FE00u, 0x03F9000Bu, 0x0803000Bu, 0x0803000Bu, 0x0803000Du,
    0x0000FE00u, 0x0803000Bu, 0x0BFD000Bu, 0x0BFD000Bu, 0x0BFD000Du, 0x0000FE00u, 0x0BFD000Bu, 0x0404000Bu,
    0x0404000Bu, 0x0404000Du, 0x0000FE00u, 0x0404000Bu, 0x07FC000Bu, 0x07FC000Bu, 0x07FC000Du, 0x0000FE00u,
    0x07FC000Bu, 0x3C01000Bu, 0x3C01000Bu, 0x3C01000Du, 0x0000FE00u, 0x3C01000Bu, 0x3FFF000Bu, 0x3FFF000Bu,
    0x3FFF000Du, 0x0000FE00u, 0x3FFF000Bu, 0x3801000Bu, 0x3801000Bu, 0x3801000Du, 0x0000FE00u, 0x3801000Bu,
    0x3BFF000Bu, 0x3BFF000Bu, 0x3BFF000Du, 0x0000FE00u, 0x3BFF000Bu, 0x1002000Bu, 0x1002000Bu, 0x1002000Du,
    0x0000FE00u, 0x1002000Bu, 0x13FE000Bu, 0x13FE000Bu, 0x13FE000Du, 0x0000FE00u, 0x13FE000Bu, 0x7C1F0006u,
    0x7C1F0006u, 0x7C1F0006u, 0x7C1F0006u, 0x7C1F0006u, 0x7C1F0006u, 0x7C1F0006u, 0x7C1F0006u, 0x7C1F0006u,
    0x7C1F0006u, 0x7C1F0006u, 0x7C1F0006u, 0x7C1F0006u, 0x7C1F0006u, 0x7C1F0006u, 0x7C1F0006u, 0x7C1F0006u,
    0x7C1F0006u, 0x7C1F0006u, 0x7C1F0006u, 0x7C1F0006u, 0x7C1F0006u, 0x7C1F0006u, 0x7C1F0006u, 0x7C1F0006u,
    0x7C1F0006u, 0x7C1F0006u, 0x7C1F0006u, 0x7C1F0006u, 0x7C1F0006u, 0x7C1F0006u, 0x7C1F0006u, 0x7C1F0006u,
    0x7C1F0006u, 0x7C1F0006u, 0x7C1F0006u, 0x7C1F0006u, 0x7C1F0006u, 0x7C1F0006u, 0x7C1F0006u, 0x7C1F0006u,
    0x7C1F0006u, 0x7C1F0006u, 0x7C1F0006u, 0x7C1F0006u, 0x7C1F0006u, 0x7C1F0006u, 0x7C1F0006u, 0x7C1F0006u,
    0x7C1F0006u, 0x7C1F0006u, 0x7C1F0006u, 0x7C1F0006u, 0x7C1F0006u, 0x7C1F0006u, 0x7C1F0006u, 0x7C1F0006u,
    0x7C1F0006u, 0x7C1F0006u, 0x7C1F0006u, 0x7C1F0006u, 0x7C1F0006u, 0x7C1F0006u, 0x7C1F0006u, 0x7C1F0006u,
    0x7C1F0006u, 0x7C1F0006u, 0x7C1F0006u, 0x7C1F0006u, 0x7C1F0006u, 0x7C1F0006u, 0x7C1F0006u, 0x7C1F0006u,
    0x7C1F0006u, 0x7C1F0006u, 0x7C1F0006u, 0x7C1F0006u, 0x7C1F0006u, 0x7C1F0006u, 0x7C1F0006u, 0x7C1F0006u,
    0x7C1F0006u, 0x7C1F0006u, 0x7C1F0006u, 0x7C1F0006u, 0x7C1F0006u, 0x7C1F0006u, 0x7C1F0006u, 0x7C1F0006u,
    0x7C1F0006u, 0x7C1F0006u, 0x7C1F0006u, 0x7C1F0006u, 0x7C1F0006u, 0x7C1F0006u, 0x7C1F0006u, 0x7C1F0006u,
    0x7C1F0006u, 0x7C1F0006u, 0x7C1F0006u, 0x7C1F0006u, 0x7C1F0006u, 0x7C1F0006u, 0x7C1F0006u, 0x7C1F0006u,
    0x7C1F0006u, 0x7C1F0006u, 0x7C1F0006u, 0x7C1F0006u, 0x7C1F0006u, 0x7C1F0006u, 0x7C1F0006u, 0x7C1F0006u,
    0x7C1F0006u, 0x7C1F0006u, 0x7C1F0006u, 0x7C1F0006u, 0x7C1F0006u, 0x7C1F0006u, 0x7C1F0006u, 0x7C1F0006u,
    0x7C1F0006u, 0x7C1F0006u, 0x7C1F0006u, 0x7C1F0006u, 0x7C1F0006u, 0x7C1F0006u, 0x7C1F0006u, 0x08020008u,
    0x08020008u, 0x08020008u, 0x08020008u, 0x08020008u, 0x08020008u, 0x08020008u, 0x08020008u, 0x0802000Du,
    0x00000002u, 0x0802000Du, 0x000003FEu, 0x0802000Du, 0x00000801u, 0x0802000Du, 0x00000BFFu, 0x0802000Cu,
    0x00000401u, 0x0802000Cu, 0x00000401u, 0x0802000Cu, 0x000007FFu, 0x0802000Cu, 0x000007FFu, 0x0802000Au,
    0x0000FE00u, 0x0802000Au, 0x0000FE00u, 0x0802000Au, 0x0000FE00u, 0x0802000Au, 0x0000FE00u, 0x0802000Au,
    0x0000FE00u, 0x0802000Au, 0x0000FE00u, 0x0802000Au, 0x0000FE00u, 0x0802000Au, 0x0000FE00u, 0x0802000Bu,
    0x00000001u, 0x0802000Bu, 0x00000001u, 0x0802000Du, 0xFE000001u, 0x0802000Bu, 0x00000001u, 0x0802000Bu,
    0x000003FFu, 0x0802000Bu, 0x000003FFu, 0x0802000Du, 0xFE0003FFu, 0x0802000Bu, 0x000003FFu, 0x0BFE0008u,
    0x0BFE0008u, 0x0BFE0008u, 0x0BFE0008u, 0x0BFE0008u, 0x0BFE0008u, 0x0BFE0008u, 0x0BFE0008u, 0x0BFE000Du,
    0x00000002u, 0x0BFE000Du, 0x000003FEu, 0x0BFE000Du, 0x00000801u, 0x0BFE000Du, 0x00000BFFu, 0x0BFE000Cu,
    0x00000401u, 0x0BFE000Cu, 0x00000401u, 0x0BFE000Cu, 0x000007FFu, 0x0BFE000Cu, 0x000007FFu, 0x0BFE000Au,
    0x0000FE00u, 0x0BFE000Au, 0x0000FE00u, 0x0BFE000Au, 0x0000FE00u, 0x0BFE000Au, 0x0000FE00u, 0x0BFE000Au,
    0x0000FE00u, 0x0BFE000Au, 0x0000FE00u, 0x0BFE000Au, 0x0000FE00u, 0x0BFE000Au, 0x0000FE00u, 0x0BFE000Bu,
    0x00000001u, 0x0BFE000Bu, 0x00000001u, 0x0BFE000Du, 0xFE000001u, 0x0BFE000Bu, 0x00000001u, 0x0BFE000Bu,
    0x000003FFu, 0x0BFE000Bu, 0x000003FFu, 0x0BFE000Du, 0xFE0003FFu, 0x0BFE000Bu, 0x000003FFu, 0x24010008u,
    0x24010008u, 0x24010008u, 0x24010008u, 0x24010008u, 0x24010008u, 0x24010008u, 0x24010008u, 0x2401000Du,
    0x00000002u, 0x2401000Du, 0x000003FEu, 0x2401000Du, 0x00000801u, 0x2401000Du, 0x00000BFFu, 0x2401000Cu,
    0x00000401u, 0x2401000Cu, 0x00000401u, 0x2401000Cu, 0x000007FFu, 0x2401000Cu, 0x000007FFu, 0x2401000Au,
    0x0000FE00u, 0x2401000Au, 0x0000FE00u, 0x2401000Au, 0x0000FE00u, 0x2401000Au, 0x0000FE00u, 0x2401000Au,
    0x0000FE00u, 0x2401000Au, 0x0000FE00u, 0x2401000Au, 0x0000FE00u, 0x2401000Au, 0x0000FE00u, 0x2401000Bu,
    0x00000001u, 0x2401000Bu, 0x00000001u, 0x2401000Du, 0xFE000001u, 0x2401000Bu, 0x00000001u, 0x2401000Bu,
    0x000003FFu, 0x2401000Bu, 0x000003FFu, 0x2401000Du, 0xFE0003FFu, 0x2401000Bu, 0x000003FFu, 0x27FF0008u,
    0x27FF0008u, 0x27FF0008u, 0x27FF0008u, 0x27FF0008u, 0x27FF0008u, 0x27FF0008u, 0x27FF0008u, 0x27FF000Du,
    0x00000002u, 0x27FF000Du, 0x000003FEu, 0x27FF000Du, 0x00000801u, 0x27FF000Du, 0x00000BFFu, 0x27FF000Cu,
    0x00000401u, 0x27FF000Cu, 0x00000401u, 0x27FF000Cu, 0x000007FFu, 0x27FF000Cu, 0x000007FFu, 0x27FF000Au,
    0x0000FE00u, 0x27FF000Au, 0x0000FE00u, 0x27FF000Au, 0x0000FE00u, 0x27FF000Au, 0x0000FE00u, 0x27FF000Au,
    0x0000FE00u, 0x27FF000Au, 0x0000FE00u, 0x27FF000Au, 0x0000FE00u, 0x27FF000Au, 0x0000FE00u, 0x27FF000Bu,
    0x00000001u, 0x27FF000Bu, 0x00000001u, 0x27FF000Du, 0xFE000001u, 0x27FF000Bu, 0x00000001u, 0x27FF000Bu,
    0x000003FFu, 0x27FF000Bu, 0x000003FFu, 0x27FF000Du, 0xFE0003FFu, 0x27FF000Bu, 0x000003FFu, 0x00040008u,
    0x00040008u, 0x00040008u, 0x00040008u, 0x00040008u, 0x00040008u, 0x00040008u, 0x00040008u, 0x0004000Du,
    0x00000002u, 0x0004000Du, 0x000003FEu, 0x0004000Du, 0x00000801u, 0x0004000Du, 0x00000BFFu, 0x0004000Cu,
    0x00000401u, 0x0004000Cu, 0x00000401u, 0x0004000Cu, 0x000007FFu, 0x0004000Cu, 0x000007FFu, 0x0004000Au,
    0x0000FE00u, 0x0004000Au, 0x0000FE00u, 0x0004000Au, 0x0000FE00u, 0x0004000Au, 0x0000FE00u, 0x0004000Au,
    0x0000FE00u, 0x0004000Au, 0x0000FE00u, 0x0004000Au, 0x0000FE00u, 0x0004000Au, 0x0000FE00u, 0x0004000Bu,
    0x00000001u, 0x0004000Bu, 0x00000001u, 0x0004000Du, 0xFE000001u, 0x0004000Bu, 0x00000001u, 0x0004000Bu,
    0x000003FFu, 0x0004000Bu, 0x000003FFu, 0x0004000Du, 0xFE0003FFu, 0x0004000Bu, 0x000003FFu, 0x03FC0008u,
    0x03FC0008u, 0x03FC0008u, 0x03FC0008u, 0x03FC0008u, 0x03FC0008u, 0x03FC0008u, 0x03FC0008u, 0x03FC000Du,
    0x00000002u, 0x03FC000Du, 0x000003FEu, 0x03FC000Du, 0x00000801u, 0x03FC000Du, 0x00000BFFu, 0x03FC000Cu,
    0x00000401u, 0x03FC000Cu, 0x00000401u, 0x03FC000Cu, 0x000007FFu, 0x03FC000Cu, 0x000007FFu, 0x03FC000Au,
    0x0000FE00u, 0x03FC000Au, 0x0000FE00u, 0x03FC000Au, 0x0000FE00u, 0x03FC000Au, 0x0000FE00u, 0x03FC000Au,
    0x0000FE00u, 0x03FC000Au, 0x0000FE00u, 0x03FC000Au, 0x0000FE00u, 0x03FC000Au, 0x0000FE00u, 0x03FC000Bu,
    0x00000001u, 0x03FC000Bu, 0x00000001u, 0x03FC000Du, 0xFE000001u, 0x03FC000Bu, 0x00000001u, 0x03FC000Bu,
    0x000003FFu, 0x03FC000Bu, 0x000003FFu, 0x03FC000Du, 0xFE0003FFu, 0x03FC000Bu, 0x000003FFu, 0x20010008u,
    0x20010008u, 0x20010008u, 0x20010008u, 0x20010008u, 0x20010008u, 0x20010008u, 0x20010008u, 0x2001000Du,
    0x00000002u, 0x2001000Du, 0x000003FEu, 0x2001000Du, 0x00000801u, 0x2001000Du, 0x00000BFFu, 0x2001000Cu,
    0x00000401u, 0x2001000Cu, 0x00000401u, 0x2001000Cu, 0x000007FFu, 0x2001000Cu, 0x000007FFu, 0x2001000Au,
    0x0000FE00u, 0x2001000Au, 0x0000FE00u, 0x2001000Au, 0x0000FE00u, 0x2001000Au, 0x0000FE00u, 0x2001000Au,
    0x0000FE00u, 0x2001000Au, 0x0000FE00u, 0x2001000Au, 0x0000FE00u, 0x2001000Au, 0x0000FE00u, 0x2001000Bu,
    0x00000001u, 0x2001000Bu, 0x00000001u, 0x2001000Du, 0xFE000001u, 0x2001000Bu, 0x00000001u, 0x2001000Bu,
    0x000003FFu, 0x2001000Bu, 0x000003FFu, 0x2001000Du, 0xFE0003FFu, 0x2001000Bu, 0x000003FFu, 0x23FF0008u,
    0x23FF0008u, 0x23FF0008u, 0x23FF0008u, 0x23FF0008u, 0x23FF0008u, 0x23FF0008u, 0x23FF0008u, 0x23FF000Du,
    0x00000002u, 0x23FF000Du, 0x000003FEu, 0x23FF000Du, 0x00000801u, 0x23FF000Du, 0x00000BFFu, 0x23FF000Cu,
    0x00000401u, 0x23FF000Cu, 0x00000401u, 0x23FF000Cu, 0x000007FFu, 0x23FF000Cu, 0x000007FFu, 0x23FF000Au,
    0x0000FE00u, 0x23FF000Au, 0x0000FE00u, 0x23FF000Au, 0x0000FE00u, 0x23FF000Au, 0x0000FE00u, 0x23FF000Au,
    0x0000FE00u, 0x23FF000Au, 0x0000FE00u, 0x23FF000Au, 0x0000FE00u, 0x23FF000Au, 0x0000FE00u, 0x23FF000Bu,
    0x00000001u, 0x23FF000Bu, 0x00000001u, 0x23FF000Du, 0xFE000001u, 0x23FF000Bu, 0x00000001u, 0x23FF000Bu,
    0x000003FFu, 0x23FF000Bu, 0x000003FFu, 0x23FF000Du, 0xFE0003FFu, 0x23FF000Bu, 0x000003FFu, 0x1C010007u,
    0x1C01000Du, 0x00007C1Fu, 0x1C010007u, 0x1C010007u, 0x1C010007u, 0x1C010007u, 0x1C010007u, 0x1C010007u,
    0x1C010007u, 0x1C010007u, 0x1C01000Du, 0x00000003u, 0x1C01000Du, 0x000003FDu, 0x1C01000Du, 0x00001001u,
    0x1C01000Du, 0x000013FFu, 0x1C01000Du, 0x00000C01u, 0x1C01000Du, 0x00000FFFu, 0x1C01000Cu, 0x00000002u,
    0x1C01000Cu, 0x00000002u, 0x1C01000Cu, 0x000003FEu, 0x1C01000Cu, 0x000003FEu, 0x1C01000Cu, 0x00000801u,
    0x1C01000Cu, 0x00000801u, 0x1C01000Cu, 0x00000BFFu, 0x1C01000Cu, 0x00000BFFu, 0x1C01000Bu, 0x00000401u,
    0x1C01000Bu, 0x00000401u, 0x1C01000Du, 0xFE000401u, 0x1C01000Bu, 0x00000401u, 0x1C01000Bu, 0x000007FFu,
    0x1C01000Bu, 0x000007FFu, 0x1C01000Du, 0xFE0007FFu, 0x1C01000Bu, 0x000007FFu, 0x1C010009u, 0x0000FE00u,
    0x1C010009u, 0x0000FE00u, 0x1C010009u, 0x0000FE00u, 0x1C010009u, 0x0000FE00u, 0x1C010009u, 0x0000FE00u,
    0x1C010009u, 0x0000FE00u, 0x1C010009u, 0x0000FE00u, 0x1C010009u, 0x0000FE00u, 0x1C010009u, 0x0000FE00u,
    0x1C010009u, 0x0000FE00u, 0x1C010009u, 0x0000FE00u, 0x1C010009u, 0x0000FE00u, 0x1C010009u, 0x0000FE00u,
    0x1C010009u, 0x0000FE00u, 0x1C010009u, 0x0000FE00u, 0x1C010009u, 0x0000FE00u, 0x1C01000Au, 0x00000001u,
    0x1C01000Au, 0x00000001u, 0x1C01000Au, 0x00000001u, 0x1C01000Au, 0x00000001u, 0x1C01000Cu, 0xFE000001u,
    0x1C01000Cu, 0xFE000001u, 0x1C01000Du, 0x00010001u, 0x1C01000Du, 0x03FF0001u, 0x1C01000Au, 0x000003FFu,
    0x1C01000Au, 0x000003FFu, 0x1C01000Au, 0x000003FFu, 0x1C01000Au, 0x000003FFu, 0x1C01000Cu, 0xFE0003FFu,
    0x1C01000Cu, 0xFE0003FFu, 0x1C01000Du, 0x000103FFu, 0x1C01000Du, 0x03FF03FFu, 0x1FFF0007u, 0x1FFF000Du,
    0x00007C1Fu, 0x1FFF0007u, 0x1FFF0007u, 0x1FFF0007u, 0x1FFF0007u, 0x1FFF0007u, 0x1FFF0007u, 0x1FFF0007u,
    0x1FFF0007u, 0x1FFF000Du, 0x00000003u, 0x1FFF000Du, 0x000003FDu, 0x1FFF000Du, 0x00001001u, 0x1FFF000Du,
    0x000013FFu, 0x1FFF000Du, 0x00000C01u, 0x1FFF000Du, 0x00000FFFu, 0x1FFF000Cu, 0x00000002u, 0x1FFF000Cu,
    0x00000002u, 0x1FFF000Cu, 0x000003FEu, 0x1FFF000Cu, 0x000003FEu, 0x1FFF000Cu, 0x00000801u, 0x1FFF000Cu,
    0x00000801u, 0x1FFF000Cu, 0x00000BFFu, 0x1FFF000Cu, 0x00000BFFu, 0x1FFF000Bu, 0x00000401u, 0x1FFF000Bu,
    0x00000401u, 0x1FFF000Du, 0xFE000401u, 0x1FFF000Bu, 0x00000401u, 0x1FFF000Bu, 0x000007FFu, 0x1FFF000Bu,
    0x000007FFu, 0x1FFF000Du, 0xFE0007FFu, 0x1FFF000Bu, 0x000007FFu, 0x1FFF0009u, 0x0000FE00u, 0x1FFF0009u,
    0x0000FE00u, 0x1FFF0009u, 0x0000FE00u, 0x1FFF0009u, 0x0000FE00u, 0x1FFF0009u, 0x0000FE00u, 0x1FFF0009u,
    0x0000FE00u, 0x1FFF0009u, 0x0000FE00u, 0x1FFF0009u, 0x0000FE00u, 0x1FFF0009u, 0x0000FE00u, 0x1FFF0009u,
    0x0000FE00u, 0x1FFF0009u, 0x0000FE00u, 0x1FFF0009u, 0x0000FE00u, 0x1FFF0009u, 0x0000FE00u, 0x1FFF0009u,
    0x0000FE00u, 0x1FFF0009u, 0x0000FE00u, 0x1FFF0009u, 0x0000FE00u, 0x1FFF000Au, 0x00000001u, 0x1FFF000Au,
    0x00000001u, 0x1FFF000Au, 0x00000001u, 0x1FFF000Au, 0x00000001u, 0x1FFF000Cu, 0xFE000001u, 0x1FFF000Cu,
    0xFE000001u, 0x1FFF000Du, 0x00010001u, 0x1FFF000Du, 0x03FF0001u, 0x1FFF000Au, 0x000003FFu, 0x1FFF000Au,
    0x000003FFu, 0x1FFF000Au, 0x000003FFu, 0x1FFF000Au, 0x000003FFu, 0x1FFF000Cu, 0xFE0003FFu, 0x1FFF000Cu,
    0xFE0003FFu, 0x1FFF000Du, 0x000103FFu, 0x1FFF000Du, 0x03FF03FFu, 0x18010007u, 0x1801000Du, 0x00007C1Fu,
    0x18010007u, 0x18010007u, 0x18010007u, 0x18010007u, 0x18010007u, 0x18010007u, 0x18010007u, 0x18010007u,
    0x1801000Du, 0x00000003u, 0x1801000Du, 0x000003FDu, 0x1801000Du, 0x00001001u, 0x1801000Du, 0x000013FFu,
    0x1801000Du, 0x00000C01u, 0x1801000Du, 0x00000FFFu, 0x1801000Cu, 0x00000002u, 0x1801000Cu, 0x00000002u,
    0x1801000Cu, 0x000003FEu, 0x1801000Cu, 0x000003FEu, 0x1801000Cu, 0x00000801u, 0x1801000Cu, 0x00000801u,
    0x1801000Cu, 0x00000BFFu, 0x1801000Cu, 0x00000BFFu, 0x1801000Bu, 0x00000401u, 0x1801000Bu, 0x00000401u,
    0x1801000Du, 0xFE000401u, 0x1801000Bu, 0x00000401u, 0x1801000Bu, 0x000007FFu, 0x1801000Bu, 0x000007FFu,
    0x1801000Du, 0xFE0007FFu, 0x1801000Bu, 0x000007FFu, 0x18010009u, 0x0000FE00u, 0x18010009u, 0x0000FE00u,
    0x18010009u, 0x0000FE00u, 0x18010009u, 0x0000FE00u, 0x18010009u, 0x0000FE00u, 0x18010009u, 0x0000FE00u,
    0x18010009u, 0x0000FE00u, 0x18010009u, 0x0000FE00u, 0x18010009u, 0x0000FE00u, 0x18010009u, 0x0000FE00u,
    0x18010009u, 0x0000FE00u, 0x18010009u, 0x0000FE00u, 0x18010009u, 0x0000FE00u, 0x18010009u, 0x0000FE00u,
    0x18010009u, 0x0000FE00u, 0x18010009u, 0x0000FE00u, 0x1801000Au, 0x00000001u, 0x1801000Au, 0x00000001u,
    0x1801000Au, 0x00000001u, 0x1801000Au, 0x00000001u, 0x1801000Cu, 0xFE000001u, 0x1801000Cu, 0xFE000001u,
    0x1801000Du, 0x00010001u, 0x1801000Du, 0x03FF0001u, 0x1801000Au, 0x000003FFu, 0x1801000Au, 0x000003FFu,
    0x1801000Au, 0x000003FFu, 0x1801000Au, 0x000003FFu, 0x1801000Cu, 0xFE0003FFu, 0x1801000Cu, 0xFE0003FFu,
    0x1801000Du, 0x000103FFu, 0x1801000Du, 0x03FF03FFu, 0x1BFF0007u, 0x1BFF000Du, 0x00007C1Fu, 0x1BFF0007u,
    0x1BFF0007u, 0x1BFF0007u, 0x1BFF0007u, 0x1BFF0007u, 0x1BFF0007u, 0x1BFF0007u, 0x1BFF0007u, 0x1BFF000Du,
    0x00000003u, 0x1BFF000Du, 0x000003FDu, 0x1BFF000Du, 0x00001001u, 0x1BFF000Du, 0x000013FFu, 0x1BFF000Du,
    0x00000C01u, 0x1BFF000Du, 0x00000FFFu, 0x1BFF000Cu, 0x00000002u, 0x1BFF000Cu, 0x00000002u, 0x1BFF000Cu,
    0x000003FEu, 0x1BFF000Cu, 0x000003FEu, 0x1BFF000Cu, 0x00000801u, 0x1BFF000Cu, 0x00000801u, 0x1BFF000Cu,
    0x00000BFFu, 0x1BFF000Cu, 0x00000BFFu, 0x1BFF000Bu, 0x00000401u, 0x1BFF000Bu, 0x00000401u, 0x1BFF000Du,
    0xFE000401u, 0x1BFF000Bu, 0x00000401u, 0x1BFF000Bu, 0x000007FFu, 0x1BFF000Bu, 0x000007FFu, 0x1BFF000Du,
    0xFE0007FFu, 0x1BFF000Bu, 0x000007FFu, 0x1BFF0009u, 0x0000FE00u, 0x1BFF0009u, 0x0000FE00u, 0x1BFF0009u,
    0x0000FE00u, 0x1BFF0009u, 0x0000FE00u, 0x1BFF0009u, 0x0000FE00u, 0x1BFF0009u, 0x0000FE00u, 0x1BFF0009u,
    0x0000FE00u, 0x1BFF0009u, 0x0000FE00u, 0x1BFF0009u, 0x0000FE00u, 0x1BFF0009u, 0x0000FE00u, 0x1BFF0009u,
    0x0000FE00u, 0x1BFF0009u, 0x0000FE00u, 0x1BFF0009u, 0x0000FE00u, 0x1BFF0009u, 0x0000FE00u, 0x1BFF0009u,
    0x0000FE00u, 0x1BFF0009u, 0x0000FE00u, 0x1BFF000Au, 0x00000001u, 0x1BFF000Au, 0x00000001u, 0x1BFF000Au,
    0x00000001u, 0x1BFF000Au, 0x00000001u, 0x1BFF000Cu, 0xFE000001u, 0x1BFF000Cu, 0xFE000001u, 0x1BFF000Du,
    0x00010001u, 0x1BFF000Du, 0x03FF0001u, 0x1BFF000Au, 0x000003FFu, 0x1BFF000Au, 0x000003FFu, 0x1BFF000Au,
    0x000003FFu, 0x1BFF000Au, 0x000003FFu, 0x1BFF000Cu, 0xFE0003FFu, 0x1BFF000Cu, 0xFE0003FFu, 0x1BFF000Du,
    0x000103FFu, 0x1BFF000Du, 0x03FF03FFu, 0x04020007u, 0x0402000Du, 0x00007C1Fu, 0x04020007u, 0x04020007u,
    0x04020007u, 0x04020007u, 0x04020007u, 0x04020007u, 0x04020007u, 0x04020007u, 0x0402000Du, 0x00000003u,
    0x0402000Du, 0x000003FDu, 0x0402000Du, 0x00001001u, 0x0402000Du, 0x000013FFu, 0x0402000Du, 0x00000C01u,
    0x0402000Du, 0x00000FFFu, 0x0402000Cu, 0x00000002u, 0x0402000Cu, 0x00000002u, 0x0402000Cu, 0x000003FEu,
    0x0402000Cu, 0x000003FEu, 0x0402000Cu, 0x00000801u, 0x0402000Cu, 0x00000801u, 0x0402000Cu, 0x00000BFFu,
    0x0402000Cu, 0x00000BFFu, 0x0402000Bu, 0x00000401u, 0x0402000Bu, 0x00000401u, 0x0402000Du, 0xFE000401u,
    0x0402000Bu, 0x00000401u, 0x0402000Bu, 0x000007FFu, 0x0402000Bu, 0x000007FFu, 0x0402000Du, 0xFE0007FFu,
    0x0402000Bu, 0x000007FFu, 0x04020009u, 0x0000FE00u, 0x04020009u, 0x0000FE00u, 0x04020009u, 0x0000FE00u,
    0x04020009u, 0x0000FE00u, 0x04020009u, 0x0000FE00u, 0x04020009u, 0x0000FE00u, 0x04020009u, 0x0000FE00u,
    0x04020009u, 0x0000FE00u, 0x04020009u, 0x0000FE00u, 0x04020009u, 0x0000FE00u, 0x04020009u, 0x0000FE00u,
    0x04020009u, 0x0000FE00u, 0x04020009u, 0x0000FE00u, 0x04020009u, 0x0000FE00u, 0x04020009u, 0x0000FE00u,
    0x04020009u, 0x0000FE00u, 0x0402000Au, 0x00000001u, 0x0402000Au, 0x00000001u, 0x0402000Au, 0x00000001u,
    0x0402000Au, 0x00000001u, 0x0402000Cu, 0xFE000001u, 0x0402000Cu, 0xFE000001u, 0x0402000Du, 0x00010001u,
    0x0402000Du, 0x03FF0001u, 0x0402000Au, 0x000003FFu, 0x0402000Au, 0x000003FFu, 0x0402000Au, 0x000003FFu,
    0x0402000Au, 0x000003FFu, 0x0402000Cu, 0xFE0003FFu, 0x0402000Cu, 0xFE0003FFu, 0x0402000Du, 0x000103FFu,
    0x0402000Du, 0x03FF03FFu, 0x07FE0007u, 0x07FE000Du, 0x00007C1Fu, 0x07FE0007u, 0x07FE0007u, 0x07FE0007u,
    0x07FE0007u, 0x07FE0007u, 0x07FE0007u, 0x07FE0007u, 0x07FE0007u, 0x07FE000Du, 0x00000003u, 0x07FE000Du,
    0x000003FDu, 0x07FE000Du, 0x00001001u, 0x07FE000Du, 0x000013FFu, 0x07FE000Du, 0x00000C01u, 0x07FE000Du,
    0x00000FFFu, 0x07FE000Cu, 0x00000002u, 0x07FE000Cu, 0x00000002u, 0x07FE000Cu, 0x000003FEu, 0x07FE000Cu,
    0x000003FEu, 0x07FE000Cu, 0x00000801u, 0x07FE000Cu, 0x00000801u, 0x07FE000Cu, 0x00000BFFu, 0x07FE000Cu,
    0x00000BFFu, 0x07FE000Bu, 0x00000401u, 0x07FE000Bu, 0x00000401u, 0x07FE000Du, 0xFE000401u, 0x07FE000Bu,
    0x00000401u, 0x07FE000Bu, 0x000007FFu, 0x07FE000Bu, 0x000007FFu, 0x07FE000Du, 0xFE0007FFu, 0x07FE000Bu,
    0x000007FFu, 0x07FE0009u, 0x0000FE00u, 0x07FE0009u, 0x0000FE00u, 0x07FE0009u, 0x0000FE00u, 0x07FE0009u,
    0x0000FE00u, 0x07FE0009u, 0x0000FE00u, 0x07FE0009u, 0x0000FE00u, 0x07FE0009u, 0x0000FE00u, 0x07FE0009u,
    0x0000FE00u, 0x07FE0009u, 0x0000FE00u, 0x07FE0009u, 0x0000FE00u, 0x07FE0009u, 0x0000FE00u, 0x07FE0009u,
    0x0000FE00u, 0x07FE0009u, 0x0000FE00u, 0x07FE0009u, 0x0000FE00u, 0x07FE0009u, 0x0000FE00u, 0x07FE0009u,
    0x0000FE00u, 0x07FE000Au, 0x00000001u, 0x07FE000Au, 0x00000001u, 0x07FE000Au, 0x00000001u, 0x07FE000Au,
    0x00000001u, 0x07FE000Cu, 0xFE000001u, 0x07FE000Cu, 0xFE000001u, 0x07FE000Du, 0x00010001u, 0x07FE000Du,
    0x03FF0001u, 0x07FE000Au, 0x000003FFu, 0x07FE000Au, 0x000003FFu, 0x07FE000Au, 0x000003FFu, 0x07FE000Au,
    0x000003FFu, 0x07FE000Cu, 0xFE0003FFu, 0x07FE000Cu, 0xFE0003FFu, 0x07FE000Du, 0x000103FFu, 0x07FE000Du,
    0x03FF03FFu, 0x14010007u, 0x1401000Du, 0x00007C1Fu, 0x14010007u, 0x14010007u, 0x14010007u, 0x14010007u,
    0x14010007u, 0x14010007u, 0x14010007u, 0x14010007u, 0x1401000Du, 0x00000003u, 0x1401000Du, 0x000003FDu,
    0x1401000Du, 0x00001001u, 0x1401000Du, 0x000013FFu, 0x1401000Du, 0x00000C01u, 0x1401000Du, 0x00000FFFu,
    0x1401000Cu, 0x00000002u, 0x1401000Cu, 0x00000002u, 0x1401000Cu, 0x000003FEu, 0x1401000Cu, 0x000003FEu,
    0x1401000Cu, 0x00000801u, 0x1401000Cu, 0x00000801u, 0x1401000Cu, 0x00000BFFu, 0x1401000Cu, 0x00000BFFu,
    0x1401000Bu, 0x00000401u, 0x1401000Bu, 0x00000401u, 0x1401000Du, 0xFE000401u, 0x1401000Bu, 0x00000401u,
    0x1401000Bu, 0x000007FFu, 0x1401000Bu, 0x000007FFu, 0x1401000Du, 0xFE0007FFu, 0x1401000Bu, 0x000007FFu,
    0x14010009u, 0x0000FE00u, 0x14010009u, 0x0000FE00u, 0x14010009u, 0x0000FE00u, 0x14010009u, 0x0000FE00u,
    0x14010009u, 0x0000FE00u, 0x14010009u, 0x0000FE00u, 0x14010009u, 0x0000FE00u, 0x14010009u, 0x0000FE00u,
    0x14010009u, 0x0000FE00u, 0x14010009u, 0x0000FE00u, 0x14010009u, 0x0000FE00u, 0x14010009u, 0x0000FE00u,
    0x14010009u, 0x0000FE00u, 0x14010009u, 0x0000FE00u, 0x14010009u, 0x0000FE00u, 0x14010009u, 0x0000FE00u,
    0x1401000Au, 0x00000001u, 0x1401000Au, 0x00000001u, 0x1401000Au, 0x00000001u, 0x1401000Au, 0x00000001u,
    0x1401000Cu, 0xFE000001u, 0x1401000Cu, 0xFE000001u, 0x1401000Du, 0x00010001u, 0x1401000Du, 0x03FF0001u,
    0x1401000Au, 0x000003FFu, 0x1401000Au, 0x000003FFu, 0x1401000Au, 0x000003FFu, 0x1401000Au, 0x000003FFu,
    0x1401000Cu, 0xFE0003FFu, 0x1401000Cu, 0xFE0003FFu, 0x1401000Du, 0x000103FFu, 0x1401000Du, 0x03FF03FFu,
    0x17FF0007u, 0x17FF000Du, 0x00007C1Fu, 0x17FF0007u, 0x17FF0007u, 0x17FF0007u, 0x17FF0007u, 0x17FF0007u,
    0x17FF0007u, 0x17FF0007u, 0x17FF0007u, 0x17FF000Du, 0x00000003u, 0x17FF000Du, 0x000003FDu, 0x17FF000Du,
    0x00001001u, 0x17FF000Du, 0x000013FFu, 0x17FF000Du, 0x00000C01u, 0x17FF000Du, 0x00000FFFu, 0x17FF000Cu,
    0x00000002u, 0x17FF000Cu, 0x00000002u, 0x17FF000Cu, 0x000003FEu, 0x17FF000Cu, 0x000003FEu, 0x17FF000Cu,
    0x00000801u, 0x17FF000Cu, 0x00000801u, 0x17FF000Cu, 0x00000BFFu, 0x17FF000Cu, 0x00000BFFu, 0x17FF000Bu,
    0x00000401u, 0x17FF000Bu, 0x00000401u, 0x17FF000Du, 0xFE000401u, 0x17FF000Bu, 0x00000401u, 0x17FF000Bu,
    0x000007FFu, 0x17FF000Bu, 0x000007FFu, 0x17FF000Du, 0xFE0007FFu, 0x17FF000Bu, 0x000007FFu, 0x17FF0009u,
    0x0000FE00u, 0x17FF0009u, 0x0000FE00u, 0x17FF0009u, 0x0000FE00u, 0x17FF0009u, 0x0000FE00u, 0x17FF0009u,
    0x0000FE00u, 0x17FF0009u, 0x0000FE00u, 0x17FF0009u, 0x0000FE00u, 0x17FF0009u, 0x0000FE00u, 0x17FF0009u,
    0x0000FE00u, 0x17FF0009u, 0x0000FE00u, 0x17FF0009u, 0x0000FE00u, 0x17FF0009u, 0x0000FE00u, 0x17FF0009u,
    0x0000FE00u, 0x17FF0009u, 0x0000FE00u, 0x17FF0009u, 0x0000FE00u, 0x17FF0009u, 0x0000FE00u, 0x17FF000Au,
    0x00000001u, 0x17FF000Au, 0x00000001u, 0x17FF000Au, 0x00000001u, 0x17FF000Au, 0x00000001u, 0x17FF000Cu,
    0xFE000001u, 0x17FF000Cu, 0xFE000001u, 0x17FF000Du, 0x00010001u, 0x17FF000Du, 0x03FF0001u, 0x17FF000Au,
    0x000003FFu, 0x17FF000Au, 0x000003FFu, 0x17FF000Au, 0x000003FFu, 0x17FF000Au, 0x000003FFu, 0x17FF000Cu,
    0xFE0003FFu, 0x17FF000Cu, 0xFE0003FFu, 0x17FF000Du, 0x000103FFu, 0x17FF000Du, 0x03FF03FFu, 0x34010009u,
    0x34010009u, 0x34010009u, 0x34010009u, 0x34010009u, 0x34010009u, 0x3401000Du, 0x00000401u, 0x3401000Du,
    0x000007FFu, 0x3401000Bu, 0x0000FE00u, 0x3401000Bu, 0x0000FE00u, 0x3401000Bu, 0x0000FE00u, 0x3401000Bu,
    0x0000FE00u, 0x3401000Cu, 0x00000001u, 0x3401000Cu, 0x00000001u, 0x3401000Cu, 0x000003FFu, 0x3401000Cu,
    0x000003FFu, 0x37FF0009u, 0x37FF0009u, 0x37FF0009u, 0x37FF0009u, 0x37FF0009u, 0x37FF0009u, 0x37FF000Du,
    0x00000401u, 0x37FF000Du, 0x000007FFu, 0x37FF000Bu, 0x0000FE00u, 0x37FF000Bu, 0x0000FE00u, 0x37FF000Bu,
    0x0000FE00u, 0x37FF000Bu, 0x0000FE00u, 0x37FF000Cu, 0x00000001u, 0x37FF000Cu, 0x00000001u, 0x37FF000Cu,
    0x000003FFu, 0x37FF000Cu, 0x000003FFu, 0x00060009u, 0x00060009u, 0x00060009u, 0x00060009u, 0x00060009u,
    0x00060009u, 0x0006000Du, 0x00000401u, 0x0006000Du, 0x000007FFu, 0x0006000Bu, 0x0000FE00u, 0x0006000Bu,
    0x0000FE00u, 0x0006000Bu, 0x0000FE00u, 0x0006000Bu, 0x0000FE00u, 0x0006000Cu, 0x00000001u, 0x0006000Cu,
    0x00000001u, 0x0006000Cu, 0x000003FFu, 0x0006000Cu, 0x000003FFu, 0x03FA0009u, 0x03FA0009u, 0x03FA0009u,
    0x03FA0009u, 0x03FA0009u, 0x03FA0009u, 0x03FA000Du, 0x00000401u, 0x03FA000Du, 0x000007FFu, 0x03FA000Bu,
    0x0000FE00u, 0x03FA000Bu, 0x0000FE00u, 0x03FA000Bu, 0x0000FE00u, 0x03FA000Bu, 0x0000FE00u, 0x03FA000Cu,
    0x00000001u, 0x03FA000Cu, 0x00000001u, 0x03FA000Cu, 0x000003FFu, 0x03FA000Cu, 0x000003FFu, 0x30010009u,
    0x30010009u, 0x30010009u, 0x30010009u, 0x30010009u, 0x30010009u, 0x3001000Du, 0x00000401u, 0x3001000Du,
    0x000007FFu, 0x3001000Bu, 0x0000FE00u, 0x3001000Bu, 0x0000FE00u, 0x3001000Bu, 0x0000FE00u, 0x3001000Bu,
    0x0000FE00u, 0x3001000Cu, 0x00000001u, 0x3001000Cu, 0x00000001u, 0x3001000Cu, 0x000003FFu, 0x3001000Cu,
    0x000003FFu, 0x33FF0009u, 0x33FF0009u, 0x33FF0009u, 0x33FF0009u, 0x33FF0009u, 0x33FF0009u, 0x33FF000Du,
    0x00000401u, 0x33FF000Du, 0x000007FFu, 0x33FF000Bu, 0x0000FE00u, 0x33FF000Bu, 0x0000FE00u, 0x33FF000Bu,
    0x0000FE00u, 0x33FF000Bu, 0x0000FE00u, 0x33FF000Cu, 0x00000001u, 0x33FF000Cu, 0x00000001u, 0x33FF000Cu,
    0x000003FFu, 0x33FF000Cu, 0x000003FFu, 0x2C010009u, 0x2C010009u, 0x2C010009u, 0x2C010009u, 0x2C010009u,
    0x2C010009u, 0x2C01000Du, 0x00000401u, 0x2C01000Du, 0x000007FFu, 0x2C01000Bu, 0x0000FE00u, 0x2C01000Bu,
    0x0000FE00u, 0x2C01000Bu, 0x0000FE00u, 0x2C01000Bu, 0x0000FE00u, 0x2C01000Cu, 0x00000001u, 0x2C01000Cu,
    0x00000001u, 0x2C01000Cu, 0x000003FFu, 0x2C01000Cu, 0x000003FFu, 0x2FFF0009u, 0x2FFF0009u, 0x2FFF0009u,
    0x2FFF0009u, 0x2FFF0009u, 0x2FFF0009u, 0x2FFF000Du, 0x00000401u, 0x2FFF000Du, 0x000007FFu, 0x2FFF000Bu,
    0x0000FE00u, 0x2FFF000Bu, 0x0000FE00u, 0x2FFF000Bu, 0x0000FE00u, 0x2FFF000Bu, 0x0000FE00u, 0x2FFF000Cu,
    0x00000001u, 0x2FFF000Cu, 0x00000001u, 0x2FFF000Cu, 0x000003FFu, 0x2FFF000Cu, 0x000003FFu, 0x0C020009u,
    0x0C020009u, 0x0C020009u, 0x0C020009u, 0x0C020009u, 0x0C020009u, 0x0C02000Du, 0x00000401u, 0x0C02000Du,
    0x000007FFu, 0x0C02000Bu, 0x0000FE00u, 0x0C02000Bu, 0x0000FE00u, 0x0C02000Bu, 0x0000FE00u, 0x0C02000Bu,
    0x0000FE00u, 0x0C02000Cu, 0x00000001u, 0x0C02000Cu, 0x00000001u, 0x0C02000Cu, 0x000003FFu, 0x0C02000Cu,
    0x000003FFu, 0x0FFE0009u, 0x0FFE0009u, 0x0FFE0009u, 0x0FFE0009u, 0x0FFE0009u, 0x0FFE0009u, 0x0FFE000Du,
    0x00000401u, 0x0FFE000Du, 0x000007FFu, 0x0FFE000Bu, 0x0000FE00u, 0x0FFE000Bu, 0x0000FE00u, 0x0FFE000Bu,
    0x0000FE00u, 0x0FFE000Bu, 0x0000FE00u, 0x0FFE000Cu, 0x00000001u, 0x0FFE000Cu, 0x00000001u, 0x0FFE000Cu,
    0x000003FFu, 0x0FFE000Cu, 0x000003FFu, 0x04030009u, 0x04030009u, 0x04030009u, 0x04030009u, 0x04030009u,
    0x04030009u, 0x0403000Du, 0x00000401u, 0x0403000Du, 0x000007FFu, 0x0403000Bu, 0x0000FE00u, 0x0403000Bu,
    0x0000FE00u, 0x0403000Bu, 0x0000FE00u, 0x0403000Bu, 0x0000FE00u, 0x0403000Cu, 0x00000001u, 0x0403000Cu,
    0x00000001u, 0x0403000Cu, 0x000003FFu, 0x0403000Cu, 0x000003FFu, 0x07FD0009u, 0x07FD0009u, 0x07FD0009u,
    0x07FD0009u, 0x07FD0009u, 0x07FD0009u, 0x07FD000Du, 0x00000401u, 0x07FD000Du, 0x000007FFu, 0x07FD000Bu,
    0x0000FE00u, 0x07FD000Bu, 0x0000FE00u, 0x07FD000Bu, 0x0000FE00u, 0x07FD000Bu, 0x0000FE00u, 0x07FD000Cu,
    0x00000001u, 0x07FD000Cu, 0x00000001u, 0x07FD000Cu, 0x000003FFu, 0x07FD000Cu, 0x000003FFu, 0x00050009u,
    0x00050009u, 0x00050009u, 0x00050009u, 0x00050009u, 0x00050009u, 0x0005000Du, 0x00000401u, 0x0005000Du,
    0x000007FFu, 0x0005000Bu, 0x0000FE00u, 0x0005000Bu, 0x0000FE00u, 0x0005000Bu, 0x0000FE00u, 0x0005000Bu,
    0x0000FE00u, 0x0005000Cu, 0x00000001u, 0x0005000Cu, 0x00000001u, 0x0005000Cu, 0x000003FFu, 0x0005000Cu,
    0x000003FFu, 0x03FB0009u, 0x03FB0009u, 0x03FB0009u, 0x03FB0009u, 0x03FB0009u, 0x03FB0009u, 0x03FB000Du,
    0x00000401u, 0x03FB000Du, 0x000007FFu, 0x03FB000Bu, 0x0000FE00u, 0x03FB000Bu, 0x0000FE00u, 0x03FB000Bu,
    0x0000FE00u, 0x03FB000Bu, 0x0000FE00u, 0x03FB000Cu, 0x00000001u, 0x03FB000Cu, 0x00000001u, 0x03FB000Cu,
    0x000003FFu, 0x03FB000Cu, 0x000003FFu, 0x28010009u, 0x28010009u, 0x28010009u, 0x28010009u, 0x28010009u,
    0x28010009u, 0x2801000Du, 0x00000401u, 0x2801000Du, 0x000007FFu, 0x2801000Bu, 0x0000FE00u, 0x2801000Bu,
    0x0000FE00u, 0x2801000Bu, 0x0000FE00u, 0x2801000Bu, 0x0000FE00u, 0x2801000Cu, 0x00000001u, 0x2801000Cu,
    0x00000001u, 0x2801000Cu, 0x000003FFu, 0x2801000Cu, 0x000003FFu, 0x2BFF0009u, 0x2BFF0009u, 0x2BFF0009u,
    0x2BFF0009u, 0x2BFF0009u, 0x2BFF0009u, 0x2BFF000Du, 0x00000401u, 0x2BFF000Du, 0x000007FFu, 0x2BFF000Bu,
    0x0000FE00u, 0x2BFF000Bu, 0x0000FE00u, 0x2BFF000Bu, 0x0000FE00u, 0x2BFF000Bu, 0x0000FE00u, 0x2BFF000Cu,
    0x00000001u, 0x2BFF000Cu, 0x00000001u, 0x2BFF000Cu, 0x000003FFu, 0x2BFF000Cu, 0x000003FFu, 0x00030006u,
    0x00030006u, 0x0003000Cu, 0x00007C1Fu, 0x0003000Cu, 0x00007C1Fu, 0x00030006u, 0x00030006u, 0x00030006u,
    0x00030006u, 0x0003000Du, 0x00001C01u, 0x0003000Du, 0x00001FFFu, 0x0003000Du, 0x00001801u, 0x0003000Du,
    0x00001BFFu, 0x0003000Du, 0x00000402u, 0x0003000Du, 0x000007FEu, 0x0003000Du, 0x00001401u, 0x0003000Du,
    0x000017FFu, 0x00030006u, 0x00030006u, 0x00030006u, 0x00030006u, 0x0003000Cu, 0x00000003u, 0x0003000Cu,
    0x00000003u, 0x0003000Cu, 0x000003FDu, 0x0003000Cu, 0x000003FDu, 0x0003000Cu, 0x00001001u, 0x0003000Cu,
    0x00001001u, 0x0003000Cu, 0x000013FFu, 0x0003000Cu, 0x000013FFu, 0x0003000Cu, 0x00000C01u, 0x0003000Cu,
    0x00000C01u, 0x0003000Cu, 0x00000FFFu, 0x0003000Cu, 0x00000FFFu, 0x0003000Bu, 0x00000002u, 0x0003000Bu,
    0x00000002u, 0x0003000Du, 0xFE000002u, 0x0003000Bu, 0x00000002u, 0x0003000Bu, 0x000003FEu, 0x0003000Bu,
    0x000003FEu, 0x0003000Du, 0xFE0003FEu, 0x0003000Bu, 0x000003FEu, 0x0003000Bu, 0x00000801u, 0x0003000Bu,
    0x00000801u, 0x0003000Du, 0xFE000801u, 0x0003000Bu, 0x00000801u, 0x0003000Bu, 0x00000BFFu, 0x0003000Bu,
    0x00000BFFu, 0x0003000Du, 0xFE000BFFu, 0x0003000Bu, 0x00000BFFu, 0x0003000Au, 0x00000401u, 0x0003000Au,
    0x00000401u, 0x0003000Au, 0x00000401u, 0x0003000Au, 0x00000401u, 0x0003000Cu, 0xFE000401u, 0x0003000Cu,
    0xFE000401u, 0x0003000Du, 0x00010401u, 0x0003000Du, 0x03FF0401u, 0x0003000Au, 0x000007FFu, 0x0003000Au,
    0x000007FFu, 0x0003000Au, 0x000007FFu, 0x0003000Au, 0x000007FFu, 0x0003000Cu, 0xFE0007FFu, 0x0003000Cu,
    0xFE0007FFu, 0x0003000Du, 0x000107FFu, 0x0003000Du, 0x03FF07FFu, 0x00030008u, 0x0000FE00u, 0x00030008u,
    0x0000FE00u, 0x00030008u, 0x0000FE00u, 0x00030008u, 0x0000FE00u, 0x00030008u, 0x0000FE00u, 0x00030008u,
    0x0000FE00u, 0x00030008u, 0x0000FE00u, 0x00030008u, 0x0000FE00u, 0x00030008u, 0x0000FE00u, 0x00030008u,
    0x0000FE00u, 0x00030008u, 0x0000FE00u, 0x00030008u, 0x0000FE00u, 0x00030008u, 0x0000FE00u, 0x00030008u,
    0x0000FE00u, 0x00030008u, 0x0000FE00u, 0x00030008u, 0x0000FE00u, 0x00030008u, 0x0000FE00u, 0x00030008u,
    0x0000FE00u, 0x00030008u, 0x0000FE00u, 0x00030008u, 0x0000FE00u, 0x00030008u, 0x0000FE00u, 0x00030008u,
    0x0000FE00u, 0x00030008u, 0x0000FE00u, 0x00030008u, 0x0000FE00u, 0x00030008u, 0x0000FE00u, 0x00030008u,
    0x0000FE00u, 0x00030008u, 0x0000FE00u, 0x00030008u, 0x0000FE00u, 0x00030008u, 0x0000FE00u, 0x00030008u,
    0x0000FE00u, 0x00030008u, 0x0000FE00u, 0x00030008u, 0x0000FE00u, 0x00030009u, 0x00000001u, 0x00030009u,
    0x00000001u, 0x00030009u, 0x00000001u, 0x00030009u, 0x00000001u, 0x00030009u, 0x00000001u, 0x00030009u,
    0x00000001u, 0x0003000Du, 0x04010001u, 0x0003000Du, 0x07FF0001u, 0x0003000Bu, 0xFE000001u, 0x0003000Bu,
    0xFE000001u, 0x0003000Bu, 0xFE000001u, 0x0003000Bu, 0xFE000001u, 0x0003000Cu, 0x00010001u, 0x0003000Cu,
    0x00010001u, 0x0003000Cu, 0x03FF0001u, 0x0003000Cu, 0x03FF0001u, 0x00030009u, 0x000003FFu, 0x00030009u,
    0x000003FFu, 0x00030009u, 0x000003FFu, 0x00030009u, 0x000003FFu, 0x00030009u, 0x000003FFu, 0x00030009u,
    0x000003FFu, 0x0003000Du, 0x040103FFu, 0x0003000Du, 0x07FF03FFu, 0x0003000Bu, 0xFE0003FFu, 0x0003000Bu,
    0xFE0003FFu, 0x0003000Bu, 0xFE0003FFu, 0x0003000Bu, 0xFE0003FFu, 0x0003000Cu, 0x000103FFu, 0x0003000Cu,
    0x000103FFu, 0x0003000Cu, 0x03FF03FFu, 0x0003000Cu, 0x03FF03FFu, 0x03FD0006u, 0x03FD0006u, 0x03FD000Cu,
    0x00007C1Fu, 0x03FD000Cu, 0x00007C1Fu, 0x03FD0006u, 0x03FD0006u, 0x03FD0006u, 0x03FD0006u, 0x03FD000Du,
    0x00001C01u, 0x03FD000Du, 0x00001FFFu, 0x03FD000Du, 0x00001801u, 0x03FD000Du, 0x00001BFFu, 0x03FD000Du,
    0x00000402u, 0x03FD000Du, 0x000007FEu, 0x03FD000Du, 0x00001401u, 0x03FD000Du, 0x000017FFu, 0x03FD0006u,
    0x03FD0006u, 0x03FD0006u, 0x03FD0006u, 0x03FD000Cu, 0x00000003u, 0x03FD000Cu, 0x00000003u, 0x03FD000Cu,
    0x000003FDu, 0x03FD000Cu, 0x000003FDu, 0x03FD000Cu, 0x00001001u, 0x03FD000Cu, 0x00001001u, 0x03FD000Cu,
    0x000013FFu, 0x03FD000Cu, 0x000013FFu, 0x03FD000Cu, 0x00000C01u, 0x03FD000Cu, 0x00000C01u, 0x03FD000Cu,
    0x00000FFFu, 0x03FD000Cu, 0x00000FFFu, 0x03FD000Bu, 0x00000002u, 0x03FD000Bu, 0x00000002u, 0x03FD000Du,
    0xFE000002u, 0x03FD000Bu, 0x00000002u, 0x03FD000Bu, 0x000003FEu, 0x03FD000Bu, 0x000003FEu, 0x03FD000Du,
    0xFE0003FEu, 0x03FD000Bu, 0x000003FEu, 0x03FD000Bu, 0x00000801u, 0x03FD000Bu, 0x00000801u, 0x03FD000Du,
    0xFE000801u, 0x03FD000Bu, 0x00000801u, 0x03FD000Bu, 0x00000BFFu, 0x03FD000Bu, 0x00000BFFu, 0x03FD000Du,
    0xFE000BFFu, 0x03FD000Bu, 0x00000BFFu, 0x03FD000Au, 0x00000401u, 0x03FD000Au, 0x00000401u, 0x03FD000Au,
    0x00000401u, 0x03FD000Au, 0x00000401u, 0x03FD000Cu, 0xFE000401u, 0x03FD000Cu, 0xFE000401u, 0x03FD000Du,
    0x00010401u, 0x03FD000Du, 0x03FF0401u, 0x03FD000Au, 0x000007FFu, 0x03FD000Au, 0x000007FFu, 0x03FD000Au,
    0x000007FFu, 0x03FD000Au, 0x000007FFu, 0x03FD000Cu, 0xFE0007FFu, 0x03FD000Cu, 0xFE0007FFu, 0x03FD000Du,
    0x000107FFu, 0x03FD000Du, 0x03FF07FFu, 0x03FD0008u, 0x0000FE00u, 0x03FD0008u, 0x0000FE00u, 0x03FD0008u,
    0x0000FE00u, 0x03FD0008u, 0x0000FE00u, 0x03FD0008u, 0x0000FE00u, 0x03FD0008u, 0x0000FE00u, 0x03FD0008u,
    0x0000FE00u, 0x03FD0008u, 0x0000FE00u, 0x03FD0008u, 0x0000FE00u, 0x03FD0008u, 0x0000FE00u, 0x03FD0008u,
    0x0000FE00u, 0x03FD0008u, 0x0000FE00u, 0x03FD0008u, 0x0000FE00u, 0x03FD0008u, 0x0000FE00u, 0x03FD0008u,
    0x0000FE00u, 0x03FD0008u, 0x0000FE00u, 0x03FD0008u, 0x0000FE00u, 0x03FD0008u, 0x0000FE00u, 0x03FD0008u,
    0x0000FE00u, 0x03FD0008u, 0x0000FE00u, 0x03FD0008u, 0x0000FE00u, 0x03FD0008u, 0x0000FE00u, 0x03FD0008u,
    0x0000FE00u, 0x03FD0008u, 0x0000FE00u, 0x03FD0008u, 0x0000FE00u, 0x03FD0008u, 0x0000FE00u, 0x03FD0008u,
    0x0000FE00u, 0x03FD0008u, 0x0000FE00u, 0x03FD0008u, 0x0000FE00u, 0x03FD0008u, 0x0000FE00u, 0x03FD0008u,
    0x0000FE00u, 0x03FD0008u, 0x0000FE00u, 0x03FD0009u, 0x00000001u, 0x03FD0009u, 0x00000001u, 0x03FD0009u,
    0x00000001u, 0x03FD0009u, 0x00000001u, 0x03FD0009u, 0x00000001u, 0x03FD0009u, 0x00000001u, 0x03FD000Du,
    0x04010001u, 0x03FD000Du, 0x07FF0001u, 0x03FD000Bu, 0xFE000001u, 0x03FD000Bu, 0xFE000001u, 0x03FD000Bu,
    0xFE000001u, 0x03FD000Bu, 0xFE000001u, 0x03FD000Cu, 0x00010001u, 0x03FD000Cu, 0x00010001u, 0x03FD000Cu,
    0x03FF0001u, 0x03FD000Cu, 0x03FF0001u, 0x03FD0009u, 0x000003FFu, 0x03FD0009u, 0x000003FFu, 0x03FD0009u,
    0x000003FFu, 0x03FD0009u, 0x000003FFu, 0x03FD0009u, 0x000003FFu, 0x03FD0009u, 0x000003FFu, 0x03FD000Du,
    0x040103FFu, 0x03FD000Du, 0x07FF03FFu, 0x03FD000Bu, 0xFE0003FFu, 0x03FD000Bu, 0xFE0003FFu, 0x03FD000Bu,
    0xFE0003FFu, 0x03FD000Bu, 0xFE0003FFu, 0x03FD000Cu, 0x000103FFu, 0x03FD000Cu, 0x000103FFu, 0x03FD000Cu,
    0x03FF03FFu, 0x03FD000Cu, 0x03FF03FFu, 0x10010006u, 0x10010006u, 0x1001000Cu, 0x00007C1Fu, 0x1001000Cu,
    0x00007C1Fu, 0x10010006u, 0x10010006u, 0x10010006u, 0x10010006u, 0x1001000Du, 0x00001C01u, 0x1001000Du,
    0x00001FFFu, 0x1001000Du, 0x00001801u, 0x1001000Du, 0x00001BFFu, 0x1001000Du, 0x00000402u, 0x1001000Du,
    0x000007FEu, 0x1001000Du, 0x00001401u, 0x1001000Du, 0x000017FFu, 0x10010006u, 0x10010006u, 0x10010006u,
    0x10010006u, 0x1001000Cu, 0x00000003u, 0x1001000Cu, 0x00000003u, 0x1001000Cu, 0x000003FDu, 0x1001000Cu,
    0x000003FDu, 0x1001000Cu, 0x00001001u, 0x1001000Cu, 0x00001001u, 0x1001000Cu, 0x000013FFu, 0x1001000Cu,
    0x000013FFu, 0x1001000Cu, 0x00000C01u, 0x1001000Cu, 0x00000C01u, 0x1001000Cu, 0x00000FFFu, 0x1001000Cu,
    0x00000FFFu, 0x1001000Bu, 0x00000002u, 0x1001000Bu, 0x00000002u, 0x1001000Du, 0xFE000002u, 0x1001000Bu,
    0x00000002u, 0x1001000Bu, 0x000003FEu, 0x1001000Bu, 0x000003FEu, 0x1001000Du, 0xFE0003FEu, 0x1001000Bu,
    0x000003FEu, 0x1001000Bu, 0x00000801u, 0x1001000Bu, 0x00000801u, 0x1001000Du, 0xFE000801u, 0x1001000Bu,
    0x00000801u, 0x1001000Bu, 0x00000BFFu, 0x1001000Bu, 0x00000BFFu, 0x1001000Du, 0xFE000BFFu, 0x1001000Bu,
    0x00000BFFu, 0x1001000Au, 0x00000401u, 0x1001000Au, 0x00000401u, 0x1001000Au, 0x00000401u, 0x1001000Au,
    0x00000401u, 0x1001000Cu, 0xFE000401u, 0x1001000Cu, 0xFE000401u, 0x1001000Du, 0x00010401u, 0x1001000Du,
    0x03FF0401u, 0x1001000Au, 0x000007FFu, 0x1001000Au, 0x000007FFu, 0x1001000Au, 0x000007FFu, 0x1001000Au,
    0x000007FFu, 0x1001000Cu, 0xFE0007FFu, 0x1001000Cu, 0xFE0007FFu, 0x1001000Du, 0x000107FFu, 0x1001000Du,
    0x03FF07FFu, 0x10010008u, 0x0000FE00u, 0x10010008u, 0x0000FE00u, 0x10010008u, 0x0000FE00u, 0x10010008u,
    0x0000FE00u, 0x10010008u, 0x0000FE00u, 0x10010008u, 0x0000FE00u, 0x10010008u, 0x0000FE00u, 0x10010008u,
    0x0000FE00u, 0x10010008u, 0x0000FE00u, 0x10010008u, 0x0000FE00u, 0x10010008u, 0x0000FE00u, 0x10010008u,
    0x0000FE00u, 0x10010008u, 0x0000FE00u, 0x10010008u, 0x0000FE00u, 0x10010008u, 0x0000FE00u, 0x10010008u,
    0x0000FE00u, 0x10010008u, 0x0000FE00u, 0x10010008u, 0x0000FE00u, 0x10010008u, 0x0000FE00u, 0x10010008u,
    0x0000FE00u, 0x10010008u, 0x0000FE00u, 0x10010008u, 0x0000FE00u, 0x10010008u, 0x0000FE00u, 0x10010008u,
    0x0000FE00u, 0x10010008u, 0x0000FE00u, 0x10010008u, 0x0000FE00u, 0x10010008u, 0x0000FE00u, 0x10010008u,
    0x0000FE00u, 0x10010008u, 0x0000FE00u, 0x10010008u, 0x0000FE00u, 0x10010008u, 0x0000FE00u, 0x10010008u,
    0x0000FE00u, 0x10010009u, 0x00000001u, 0x10010009u, 0x00000001u, 0x10010009u, 0x00000001u, 0x10010009u,
    0x00000001u, 0x10010009u, 0x00000001u, 0x10010009u, 0x00000001u, 0x1001000Du, 0x04010001u, 0x1001000Du,
    0x07FF0001u, 0x1001000Bu, 0xFE000001u, 0x1001000Bu, 0xFE000001u, 0x1001000Bu, 0xFE000001u, 0x1001000Bu,
    0xFE000001u, 0x1001000Cu, 0x00010001u, 0x1001000Cu, 0x00010001u, 0x1001000Cu, 0x03FF0001u, 0x1001000Cu,
    0x03FF0001u, 0x10010009u, 0x000003FFu, 0x10010009u, 0x000003FFu, 0x10010009u, 0x000003FFu, 0x10010009u,
    0x000003FFu, 0x10010009u, 0x000003FFu, 0x10010009u, 0x000003FFu, 0x1001000Du, 0x040103FFu, 0x1001000Du,
    0x07FF03FFu, 0x1001000Bu, 0xFE0003FFu, 0x1001000Bu, 0xFE0003FFu, 0x1001000Bu, 0xFE0003FFu, 0x1001000Bu,
    0xFE0003FFu, 0x1001000Cu, 0x000103FFu, 0x1001000Cu, 0x000103FFu, 0x1001000Cu, 0x03FF03FFu, 0x1001000Cu,
    0x03FF03FFu, 0x13FF0006u, 0x13FF0006u, 0x13FF000Cu, 0x00007C1Fu, 0x13FF000Cu, 0x00007C1Fu, 0x13FF0006u,
    0x13FF0006u, 0x13FF0006u, 0x13FF0006u, 0x13FF000Du, 0x00001C01u, 0x13FF000Du, 0x00001FFFu, 0x13FF000Du,
    0x00001801u, 0x13FF000Du, 0x00001BFFu, 0x13FF000Du, 0x00000402u, 0x13FF000Du, 0x000007FEu, 0x13FF000Du,
    0x00001401u, 0x13FF000Du, 0x000017FFu, 0x13FF0006u, 0x13FF0006u, 0x13FF0006u, 0x13FF0006u, 0x13FF000Cu,
    0x00000003u, 0x13FF000Cu, 0x00000003u, 0x13FF000Cu, 0x000003FDu, 0x13FF000Cu, 0x000003FDu, 0x13FF000Cu,
    0x00001001u, 0x13FF000Cu, 0x00001001u, 0x13FF000Cu, 0x000013FFu, 0x13FF000Cu, 0x000013FFu, 0x13FF000Cu,
    0x00000C01u, 0x13FF000Cu, 0x00000C01u, 0x13FF000Cu, 0x00000FFFu, 0x13FF000Cu, 0x00000FFFu, 0x13FF000Bu,
    0x00000002u, 0x13FF000Bu, 0x00000002u, 0x13FF000Du, 0xFE000002u, 0x13FF000Bu, 0x00000002u, 0x13FF000Bu,
    0x000003FEu, 0x13FF000Bu, 0x000003FEu, 0x13FF000Du, 0xFE0003FEu, 0x13FF000Bu, 0x000003FEu, 0x13FF000Bu,
    0x00000801u, 0x13FF000Bu, 0x00000801u, 0x13FF000Du, 0xFE000801u, 0x13FF000Bu, 0x00000801u, 0x13FF000Bu,
    0x00000BFFu, 0x13FF000Bu, 0x00000BFFu, 0x13FF000Du, 0xFE000BFFu, 0x13FF000Bu, 0x00000BFFu, 0x13FF000Au,
    0x00000401u, 0x13FF000Au, 0x00000401u, 0x13FF000Au, 0x00000401u, 0x13FF000Au, 0x00000401u, 0x13FF000Cu,
    0xFE000401u, 0x13FF000Cu, 0xFE000401u, 0x13FF000Du, 0x00010401u, 0x13FF000Du, 0x03FF0401u, 0x13FF000Au,
    0x000007FFu, 0x13FF000Au, 0x000007FFu, 0x13FF000Au, 0x000007FFu, 0x13FF000Au, 0x000007FFu, 0x13FF000Cu,
    0xFE0007FFu, 0x13FF000Cu, 0xFE0007FFu, 0x13FF000Du, 0x000107FFu, 0x13FF000Du, 0x03FF07FFu, 0x13FF0008u,
    0x0000FE00u, 0x13FF0008u, 0x0000FE00u, 0x13FF0008u, 0x0000FE00u, 0x13FF0008u, 0x0000FE00u, 0x13FF0008u,
    0x0000FE00u, 0x13FF0008u, 0x0000FE00u, 0x13FF0008u, 0x0000FE00u, 0x13FF0008u, 0x0000FE00u, 0x13FF0008u,
    0x0000FE00u, 0x13FF0008u, 0x0000FE00u, 0x13FF0008u, 0x0000FE00u, 0x13FF0008u, 0x0000FE00u, 0x13FF0008u,
    0x0000FE00u, 0x13FF0008u, 0x0000FE00u, 0x13FF0008u, 0x0000FE00u, 0x13FF0008u, 0x0000FE00u, 0x13FF0008u,
    0x0000FE00u, 0x13FF0008u, 0x0000FE00u, 0x13FF0008u, 0x0000FE00u, 0x13FF0008u, 0x0000FE00u, 0x13FF0008u,
    0x0000FE00u, 0x13FF0008u, 0x0000FE00u, 0x13FF0008u, 0x0000FE00u, 0x13FF0008u, 0x0000FE00u, 0x13FF0008u,
    0x0000FE00u, 0x13FF0008u, 0x0000FE00u, 0x13FF0008u, 0x0000FE00u, 0x13FF0008u, 0x0000FE00u, 0x13FF0008u,
    0x0000FE00u, 0x13FF0008u, 0x0000FE00u, 0x13FF0008u, 0x0000FE00u, 0x13FF0008u, 0x0000FE00u, 0x13FF0009u,
    0x00000001u, 0x13FF0009u, 0x00000001u, 0x13FF0009u, 0x00000001u, 0x13FF0009u, 0x00000001u, 0x13FF0009u,
    0x00000001u, 0x13FF0009u, 0x00000001u, 0x13FF000Du, 0x04010001u, 0x13FF000Du, 0x07FF0001u, 0x13FF000Bu,
    0xFE000001u, 0x13FF000Bu, 0xFE000001u, 0x13FF000Bu, 0xFE000001u, 0x13FF000Bu, 0xFE000001u, 0x13FF000Cu,
    0x00010001u, 0x13FF000Cu, 0x00010001u, 0x13FF000Cu, 0x03FF0001u, 0x13FF000Cu, 0x03FF0001u, 0x13FF0009u,
    0x000003FFu, 0x13FF0009u, 0x000003FFu, 0x13FF0009u, 0x000003FFu, 0x13FF0009u, 0x000003FFu, 0x13FF0009u,
    0x000003FFu, 0x13FF0009u, 0x000003FFu, 0x13FF000Du, 0x040103FFu, 0x13FF000Du, 0x07FF03FFu, 0x13FF000Bu,
    0xFE0003FFu, 0x13FF000Bu, 0xFE0003FFu, 0x13FF000Bu, 0xFE0003FFu, 0x13FF000Bu, 0xFE0003FFu, 0x13FF000Cu,
    0x000103FFu, 0x13FF000Cu, 0x000103FFu, 0x13FF000Cu, 0x03FF03FFu, 0x13FF000Cu, 0x03FF03FFu, 0x0C010006u,
    0x0C010006u, 0x0C01000Cu, 0x00007C1Fu, 0x0C01000Cu, 0x00007C1Fu, 0x0C010006u, 0x0C010006u, 0x0C010006u,
    0x0C010006u, 0x0C01000Du, 0x00001C01u, 0x0C01000Du, 0x00001FFFu, 0x0C01000Du, 0x00001801u, 0x0C01000Du,
    0x00001BFFu, 0x0C01000Du, 0x00000402u, 0x0C01000Du, 0x000007FEu, 0x0C01000Du, 0x00001401u, 0x0C01000Du,
    0x000017FFu, 0x0C010006u, 0x0C010006u, 0x0C010006u, 0x0C010006u, 0x0C01000Cu, 0x00000003u, 0x0C01000Cu,
    0x00000003u, 0x0C01000Cu, 0x000003FDu, 0x0C01000Cu, 0x000003FDu, 0x0C01000Cu, 0x00001001u, 0x0C01000Cu,
    0x00001001u, 0x0C01000Cu, 0x000013FFu, 0x0C01000Cu, 0x000013FFu, 0x0C01000Cu, 0x00000C01u, 0x0C01000Cu,
    0x00000C01u, 0x0C01000Cu, 0x00000FFFu, 0x0C01000Cu, 0x00000FFFu, 0x0C01000Bu, 0x00000002u, 0x0C01000Bu,
    0x00000002u, 0x0C01000Du, 0xFE000002u, 0x0C01000Bu, 0x00000002u, 0x0C01000Bu, 0x000003FEu, 0x0C01000Bu,
    0x000003FEu, 0x0C01000Du, 0xFE0003FEu, 0x0C01000Bu, 0x000003FEu, 0x0C01000Bu, 0x00000801u, 0x0C01000Bu,
    0x00000801u, 0x0C01000Du, 0xFE000801u, 0x0C01000Bu, 0x00000801u, 0x0C01000Bu, 0x00000BFFu, 0x0C01000Bu,
    0x00000BFFu, 0x0C01000Du, 0xFE000BFFu, 0x0C01000Bu, 0x00000BFFu, 0x0C01000Au, 0x00000401u, 0x0C01000Au,
    0x00000401u, 0x0C01000Au, 0x00000401u, 0x0C01000Au, 0x00000401u, 0x0C01000Cu, 0xFE000401u, 0x0C01000Cu,
    0xFE000401u, 0x0C01000Du, 0x00010401u, 0x0C01000Du, 0x03FF0401u, 0x0C01000Au, 0x000007FFu, 0x0C01000Au,
    0x000007FFu, 0x0C01000Au, 0x000007FFu, 0x0C01000Au, 0x000007FFu, 0x0C01000Cu, 0xFE0007FFu, 0x0C01000Cu,
    0xFE0007FFu, 0x0C01000Du, 0x000107FFu, 0x0C01000Du, 0x03FF07FFu, 0x0C010008u, 0x0000FE00u, 0x0C010008u,
    0x0000FE00u, 0x0C010008u, 0x0000FE00u, 0x0C010008u, 0x0000FE00u, 0x0C010008u, 0x0000FE00u, 0x0C010008u,
    0x0000FE00u, 0x0C010008u, 0x0000FE00u, 0x0C010008u, 0x0000FE00u, 0x0C010008u, 0x0000FE00u, 0x0C010008u,
    0x0000FE00u, 0x0C010008u, 0x0000FE00u, 0x0C010008u, 0x0000FE00u, 0x0C010008u, 0x0000FE00u, 0x0C010008u,
    0x0000FE00u, 0x0C010008u, 0x0000FE00u, 0x0C010008u, 0x0000FE00u, 0x0C010008u, 0x0000FE00u, 0x0C010008u,
    0x0000FE00u, 0x0C010008u, 0x0000FE00u, 0x0C010008u, 0x0000FE00u, 0x0C010008u, 0x0000FE00u, 0x0C010008u,
    0x0000FE00u, 0x0C010008u, 0x0000FE00u, 0x0C010008u, 0x0000FE00u, 0x0C010008u, 0x0000FE00u, 0x0C010008u,
    0x0000FE00u, 0x0C010008u, 0x0000FE00u, 0x0C010008u, 0x0000FE00u, 0x0C010008u, 0x0000FE00u, 0x0C010008u,
    0x0000FE00u, 0x0C010008u, 0x0000FE00u, 0x0C010008u, 0x0000FE00u, 0x0C010009u, 0x00000001u, 0x0C010009u,
    0x00000001u, 0x0C010009u, 0x00000001u, 0x0C010009u, 0x00000001u, 0x0C010009u, 0x00000001u, 0x0C010009u,
    0x00000001u, 0x0C01000Du, 0x04010001u, 0x0C01000Du, 0x07FF0001u, 0x0C01000Bu, 0xFE000001u, 0x0C01000Bu,
    0xFE000001u, 0x0C01000Bu, 0xFE000001u, 0x0C01000Bu, 0xFE000001u, 0x0C01000Cu, 0x00010001u, 0x0C01000Cu,
    0x00010001u, 0x0C01000Cu, 0x03FF0001u, 0x0C01000Cu, 0x03FF0001u, 0x0C010009u, 0x000003FFu, 0x0C010009u,
    0x000003FFu, 0x0C010009u, 0x000003FFu, 0x0C010009u, 0x000003FFu, 0x0C010009u, 0x000003FFu, 0x0C010009u,
    0x000003FFu, 0x0C01000Du, 0x040103FFu, 0x0C01000Du, 0x07FF03FFu, 0x0C01000Bu, 0xFE0003FFu, 0x0C01000Bu,
    0xFE0003FFu, 0x0C01000Bu, 0xFE0003FFu, 0x0C01000Bu, 0xFE0003FFu, 0x0C01000Cu, 0x000103FFu, 0x0C01000Cu,
    0x000103FFu, 0x0C01000Cu, 0x03FF03FFu, 0x0C01000Cu, 0x03FF03FFu, 0x0FFF0006u, 0x0FFF0006u, 0x0FFF000Cu,
    0x00007C1Fu, 0x0FFF000Cu, 0x00007C1Fu, 0x0FFF0006u, 0x0FFF0006u, 0x0FFF0006u, 0x0FFF0006u, 0x0FFF000Du,
    0x00001C01u, 0x0FFF000Du, 0x00001FFFu, 0x0FFF000Du, 0x00001801u, 0x0FFF000Du, 0x00001BFFu, 0x0FFF000Du,
    0x00000402u, 0x0FFF000Du, 0x000007FEu, 0x0FFF000Du, 0x00001401u, 0x0FFF000Du, 0x000017FFu, 0x0FFF0006u,
    0x0FFF0006u, 0x0FFF0006u, 0x0FFF0006u, 0x0FFF000Cu, 0x00000003u, 0x0FFF000Cu, 0x00000003u, 0x0FFF000Cu,
    0x000003FDu, 0x0FFF000Cu, 0x000003FDu, 0x0FFF000Cu, 0x00001001u, 0x0FFF000Cu, 0x00001001u, 0x0FFF000Cu,
    0x000013FFu, 0x0FFF000Cu, 0x000013FFu, 0x0FFF000Cu, 0x00000C01u, 0x0FFF000Cu, 0x00000C01u, 0x0FFF000Cu,
    0x00000FFFu, 0x0FFF000Cu, 0x00000FFFu, 0x0FFF000Bu, 0x00000002u, 0x0FFF000Bu, 0x00000002u, 0x0FFF000Du,
    0xFE000002u, 0x0FFF000Bu, 0x00000002u, 0x0FFF000Bu, 0x000003FEu, 0x0FFF000Bu, 0x000003FEu, 0x0FFF000Du,
    0xFE0003FEu, 0x0FFF000Bu, 0x000003FEu, 0x0FFF000Bu, 0x00000801u, 0x0FFF000Bu, 0x00000801u, 0x0FFF000Du,
    0xFE000801u, 0x0FFF000Bu, 0x00000801u, 0x0FFF000Bu, 0x00000BFFu, 0x0FFF000Bu, 0x00000BFFu, 0x0FFF000Du,
    0xFE000BFFu, 0x0FFF000Bu, 0x00000BFFu, 0x0FFF000Au, 0x00000401u, 0x0FFF000Au, 0x00000401u, 0x0FFF000Au,
    0x00000401u, 0x0FFF000Au, 0x00000401u, 0x0FFF000Cu, 0xFE000401u, 0x0FFF000Cu, 0xFE000401u, 0x0FFF000Du,
    0x00010401u, 0x0FFF000Du, 0x03FF0401u, 0x0FFF000Au, 0x000007FFu, 0x0FFF000Au, 0x000007FFu, 0x0FFF000Au,
    0x000007FFu, 0x0FFF000Au, 0x000007FFu, 0x0FFF000Cu, 0xFE0007FFu, 0x0FFF000Cu, 0xFE0007FFu, 0x0FFF000Du,
    0x000107FFu, 0x0FFF000Du, 0x03FF07FFu, 0x0FFF0008u, 0x0000FE00u, 0x0FFF0008u, 0x0000FE00u, 0x0FFF0008u,
    0x0000FE00u, 0x0FFF0008u, 0x0000FE00u, 0x0FFF0008u, 0x0000FE00u, 0x0FFF0008u, 0x0000FE00u, 0x0FFF0008u,
    0x0000FE00u, 0x0FFF0008u, 0x0000FE00u, 0x0FFF0008u, 0x0000FE00u, 0x0FFF0008u, 0x0000FE00u, 0x0FFF0008u,
    0x0000FE00u, 0x0FFF0008u, 0x0000FE00u, 0x0FFF0008u, 0x0000FE00u, 0x0FFF0008u, 0x0000FE00u, 0x0FFF0008u,
    0x0000FE00u, 0x0FFF0008u, 0x0000FE00u, 0x0FFF0008u, 0x0000FE00u, 0x0FFF0008u, 0x0000FE00u, 0x0FFF0008u,
    0x0000FE00u, 0x0FFF0008u, 0x0000FE00u, 0x0FFF0008u, 0x0000FE00u, 0x0FFF0008u, 0x0000FE00u, 0x0FFF0008u,
    0x0000FE00u, 0x0FFF0008u, 0x0000FE00u, 0x0FFF0008u, 0x0000FE00u, 0x0FFF0008u, 0x0000FE00u, 0x0FFF0008u,
    0x0000FE00u, 0x0FFF0008u, 0x0000FE00u, 0x0FFF0008u, 0x0000FE00u, 0x0FFF0008u, 0x0000FE00u, 0x0FFF0008u,
    0x0000FE00u, 0x0FFF0008u, 0x0000FE00u, 0x0FFF0009u, 0x00000001u, 0x0FFF0009u, 0x00000001u, 0x0FFF0009u,
    0x00000001u, 0x0FFF0009u, 0x00000001u, 0x0FFF0009u, 0x00000001u, 0x0FFF0009u, 0x00000001u, 0x0FFF000Du,
    0x04010001u, 0x0FFF000Du, 0x07FF0001u, 0x0FFF000Bu, 0xFE000001u, 0x0FFF000Bu, 0xFE000001u, 0x0FFF000Bu,
    0xFE000001u, 0x0FFF000Bu, 0xFE000001u, 0x0FFF000Cu, 0x00010001u, 0x0FFF000Cu, 0x00010001u, 0x0FFF000Cu,
    0x03FF0001u, 0x0FFF000Cu, 0x03FF0001u, 0x0FFF0009u, 0x000003FFu, 0x0FFF0009u, 0x000003FFu, 0x0FFF0009u,
    0x000003FFu, 0x0FFF0009u, 0x000003FFu, 0x0FFF0009u, 0x000003FFu, 0x0FFF0009u, 0x000003FFu, 0x0FFF000Du,
    0x040103FFu, 0x0FFF000Du, 0x07FF03FFu, 0x0FFF000Bu, 0xFE0003FFu, 0x0FFF000Bu, 0xFE0003FFu, 0x0FFF000Bu,
    0xFE0003FFu, 0x0FFF000Bu, 0xFE0003FFu, 0x0FFF000Cu, 0x000103FFu, 0x0FFF000Cu, 0x000103FFu, 0x0FFF000Cu,
    0x03FF03FFu, 0x0FFF000Cu, 0x03FF03FFu, 0x00020005u, 0x00020005u, 0x00020005u, 0x00020005u, 0x0002000Bu,
    0x00007C1Fu, 0x0002000Bu, 0x00007C1Fu, 0x0002000Bu, 0x00007C1Fu, 0x0002000Bu, 0x00007C1Fu, 0x0002000Du,
    0x00000802u, 0x0002000Du, 0x00000BFEu, 0x0002000Du, 0x00002401u, 0x0002000Du, 0x000027FFu, 0x0002000Du,
    0x00000004u, 0x0002000Du, 0x000003FCu, 0x0002000Du, 0x00002001u, 0x0002000Du, 0x000023FFu, 0x0002000Cu,
    0x00001C01u, 0x0002000Cu, 0x00001C01u, 0x0002000Cu, 0x00001FFFu, 0x0002000Cu, 0x00001FFFu, 0x0002000Cu,
    0x00001801u, 0x0002000Cu, 0x00001801u, 0x0002000Cu, 0x00001BFFu, 0x0002000Cu, 0x00001BFFu, 0x0002000Cu,
    0x00000402u, 0x0002000Cu, 0x00000402u, 0x0002000Cu, 0x000007FEu, 0x0002000Cu, 0x000007FEu, 0x0002000Cu,
    0x00001401u, 0x0002000Cu, 0x00001401u, 0x0002000Cu, 0x000017FFu, 0x0002000Cu, 0x000017FFu, 0x00020005u,
    0x00020005u, 0x00020005u, 0x00020005u, 0x00020005u, 0x00020005u, 0x00020005u, 0x00020005u, 0x0002000Bu,
    0x00000003u, 0x0002000Bu, 0x00000003u, 0x0002000Du, 0xFE000003u, 0x0002000Bu, 0x00000003u, 0x0002000Bu,
    0x000003FDu, 0x0002000Bu, 0x000003FDu, 0x0002000Du, 0xFE0003FDu, 0x0002000Bu, 0x000003FDu, 0x0002000Bu,
    0x00001001u, 0x0002000Bu, 0x00001001u, 0x0002000Du, 0xFE001001u, 0x0002000Bu, 0x00001001u, 0x0002000Bu,
    0x000013FFu, 0x0002000Bu, 0x000013FFu, 0x0002000Du, 0xFE0013FFu, 0x0002000Bu, 0x000013FFu, 0x0002000Bu,
    0x00000C01u, 0x0002000Bu, 0x00000C01u, 0x0002000Du, 0xFE000C01u, 0x0002000Bu, 0x00000C01u, 0x0002000Bu,
    0x00000FFFu, 0x0002000Bu, 0x00000FFFu, 0x0002000Du, 0xFE000FFFu, 0x0002000Bu, 0x00000FFFu, 0x0002000Au,
    0x00000002u, 0x0002000Au, 0x00000002u, 0x0002000Au, 0x00000002u, 0x0002000Au, 0x00000002u, 0x0002000Cu,
    0xFE000002u, 0x0002000Cu, 0xFE000002u, 0x0002000Du, 0x00010002u, 0x0002000Du, 0x03FF0002u, 0x0002000Au,
    0x000003FEu, 0x0002000Au, 0x000003FEu, 0x0002000Au, 0x000003FEu, 0x0002000Au, 0x000003FEu, 0x0002000Cu,
    0xFE0003FEu, 0x0002000Cu, 0xFE0003FEu, 0x0002000Du, 0x000103FEu, 0x0002000Du, 0x03FF03FEu, 0x0002000Au,
    0x00000801u, 0x0002000Au, 0x00000801u, 0x0002000Au, 0x00000801u, 0x0002000Au, 0x00000801u, 0x0002000Cu,
    0xFE000801u, 0x0002000Cu, 0xFE000801u, 0x0002000Du, 0x00010801u, 0x0002000Du, 0x03FF0801u, 0x0002000Au,
    0x00000BFFu, 0x0002000Au, 0x00000BFFu, 0x0002000Au, 0x00000BFFu, 0x0002000Au, 0x00000BFFu, 0x0002000Cu,
    0xFE000BFFu, 0x0002000Cu, 0xFE000BFFu, 0x0002000Du, 0x00010BFFu, 0x0002000Du, 0x03FF0BFFu, 0x00020009u,
    0x00000401u, 0x00020009u, 0x00000401u, 0x00020009u, 0x00000401u, 0x00020009u, 0x00000401u, 0x00020009u,
    0x00000401u, 0x00020009u, 0x00000401u, 0x0002000Du, 0x04010401u, 0x0002000Du, 0x07FF0401u, 0x0002000Bu,
    0xFE000401u, 0x0002000Bu, 0xFE000401u, 0x0002000Bu, 0xFE000401u, 0x0002000Bu, 0xFE000401u, 0x0002000Cu,
    0x00010401u, 0x0002000Cu, 0x00010401u, 0x0002000Cu, 0x03FF0401u, 0x0002000Cu, 0x03FF0401u, 0x00020009u,
    0x000007FFu, 0x00020009u, 0x000007FFu, 0x00020009u, 0x000007FFu, 0x00020009u, 0x000007FFu, 0x00020009u,
    0x000007FFu, 0x00020009u, 0x000007FFu, 0x0002000Du, 0x040107FFu, 0x0002000Du, 0x07FF07FFu, 0x0002000Bu,
    0xFE0007FFu, 0x0002000Bu, 0xFE0007FFu, 0x0002000Bu, 0xFE0007FFu, 0x0002000Bu, 0xFE0007FFu, 0x0002000Cu,
    0x000107FFu, 0x0002000Cu, 0x000107FFu, 0x0002000Cu, 0x03FF07FFu, 0x0002000Cu, 0x03FF07FFu, 0x00020007u,
    0x0000FE00u, 0x00020007u, 0x0000FE00u, 0x00020007u, 0x0000FE00u, 0x00020007u, 0x0000FE00u, 0x00020007u,
    0x0000FE00u, 0x00020007u, 0x0000FE00u, 0x00020007u, 0x0000FE00u, 0x00020007u, 0x0000FE00u, 0x00020007u,
    0x0000FE00u, 0x00020007u, 0x0000FE00u, 0x00020007u, 0x0000FE00u, 0x00020007u, 0x0000FE00u, 0x00020007u,
    0x0000FE00u, 0x00020007u, 0x0000FE00u, 0x00020007u, 0x0000FE00u, 0x00020007u, 0x0000FE00u, 0x00020007u,
    0x0000FE00u, 0x00020007u, 0x0000FE00u, 0x00020007u, 0x0000FE00u, 0x00020007u, 0x0000FE00u, 0x00020007u,
    0x0000FE00u, 0x00020007u, 0x0000FE00u, 0x00020007u, 0x0000FE00u, 0x00020007u, 0x0000FE00u, 0x00020007u,
    0x0000FE00u, 0x00020007u, 0x0000FE00u, 0x00020007u, 0x0000FE00u, 0x00020007u, 0x0000FE00u, 0x00020007u,
    0x0000FE00u, 0x00020007u, 0x0000FE00u, 0x00020007u, 0x0000FE00u, 0x00020007u, 0x0000FE00u, 0x00020007u,
    0x0000FE00u, 0x00020007u, 0x0000FE00u, 0x00020007u, 0x0000FE00u, 0x00020007u, 0x0000FE00u, 0x00020007u,
    0x0000FE00u, 0x00020007u, 0x0000FE00u, 0x00020007u, 0x0000FE00u, 0x00020007u, 0x0000FE00u, 0x00020007u,
    0x0000FE00u, 0x00020007u, 0x0000FE00u, 0x00020007u, 0x0000FE00u, 0x00020007u, 0x0000FE00u, 0x00020007u,
    0x0000FE00u, 0x00020007u, 0x0000FE00u, 0x00020007u, 0x0000FE00u, 0x00020007u, 0x0000FE00u, 0x00020007u,
    0x0000FE00u, 0x00020007u, 0x0000FE00u, 0x00020007u, 0x0000FE00u, 0x00020007u, 0x0000FE00u, 0x00020007u,
    0x0000FE00u, 0x00020007u, 0x0000FE00u, 0x00020007u, 0x0000FE00u, 0x00020007u, 0x0000FE00u, 0x00020007u,
    0x0000FE00u, 0x00020007u, 0x0000FE00u, 0x00020007u, 0x0000FE00u, 0x00020007u, 0x0000FE00u, 0x00020007u,
    0x0000FE00u, 0x00020007u, 0x0000FE00u, 0x00020007u, 0x0000FE00u, 0x00020007u, 0x0000FE00u, 0x00020008u,
    0x00000001u, 0x00020008u, 0x00000001u, 0x00020008u, 0x00000001u, 0x00020008u, 0x00000001u, 0x00020008u,
    0x00000001u, 0x00020008u, 0x00000001u, 0x00020008u, 0x00000001u, 0x00020008u, 0x00000001u, 0x0002000Du,
    0x00020001u, 0x0002000Du, 0x03FE0001u, 0x0002000Du, 0x08010001u, 0x0002000Du, 0x0BFF0001u, 0x0002000Cu,
    0x04010001u, 0x0002000Cu, 0x04010001u, 0x0002000Cu, 0x07FF0001u, 0x0002000Cu, 0x07FF0001u, 0x0002000Au,
    0xFE000001u, 0x0002000Au, 0xFE000001u, 0x0002000Au, 0xFE000001u, 0x0002000Au, 0xFE000001u, 0x0002000Au,
    0xFE000001u, 0x0002000Au, 0xFE000001u, 0x0002000Au, 0xFE000001u, 0x0002000Au, 0xFE000001u, 0x0002000Bu,
    0x00010001u, 0x0002000Bu, 0x00010001u, 0x0002000Bu, 0x00010001u, 0x0002000Bu, 0x00010001u, 0x0002000Bu,
    0x03FF0001u, 0x0002000Bu, 0x03FF0001u, 0x0002000Bu, 0x03FF0001u, 0x0002000Bu, 0x03FF0001u, 0x00020008u,
    0x000003FFu, 0x00020008u, 0x000003FFu, 0x00020008u, 0x000003FFu, 0x00020008u, 0x000003FFu, 0x00020008u,
    0x000003FFu, 0x00020008u, 0x000003FFu, 0x00020008u, 0x000003FFu, 0x00020008u, 0x000003FFu, 0x0002000Du,
    0x000203FFu, 0x0002000Du, 0x03FE03FFu, 0x0002000Du, 0x080103FFu, 0x0002000Du, 0x0BFF03FFu, 0x0002000Cu,
    0x040103FFu, 0x0002000Cu, 0x040103FFu, 0x0002000Cu, 0x07FF03FFu, 0x0002000Cu, 0x07FF03FFu, 0x0002000Au,
    0xFE0003FFu, 0x0002000Au, 0xFE0003FFu, 0x0002000Au, 0xFE0003FFu, 0x0002000Au, 0xFE0003FFu, 0x0002000Au,
    0xFE0003FFu, 0x0002000Au, 0xFE0003FFu, 0x0002000Au, 0xFE0003FFu, 0x0002000Au, 0xFE0003FFu, 0x0002000Bu,
    0x000103FFu, 0x0002000Bu, 0x000103FFu, 0x0002000Bu, 0x000103FFu, 0x0002000Bu, 0x000103FFu, 0x0002000Bu,
    0x03FF03FFu, 0x0002000Bu, 0x03FF03FFu, 0x0002000Bu, 0x03FF03FFu, 0x0002000Bu, 0x03FF03FFu, 0x03FE0005u,
    0x03FE0005u, 0x03FE0005u, 0x03FE0005u, 0x03FE000Bu, 0x00007C1Fu, 0x03FE000Bu, 0x00007C1Fu, 0x03FE000Bu,
    0x00007C1Fu, 0x03FE000Bu, 0x00007C1Fu, 0x03FE000Du, 0x00000802u, 0x03FE000Du, 0x00000BFEu, 0x03FE000Du,
    0x00002401u, 0x03FE000Du, 0x000027FFu, 0x03FE000Du, 0x00000004u, 0x03FE000Du, 0x000003FCu, 0x03FE000Du,
    0x00002001u, 0x03FE000Du, 0x000023FFu, 0x03FE000Cu, 0x00001C01u, 0x03FE000Cu, 0x00001C01u, 0x03FE000Cu,
    0x00001FFFu, 0x03FE000Cu, 0x00001FFFu, 0x03FE000Cu, 0x00001801u, 0x03FE000Cu, 0x00001801u, 0x03FE000Cu,
    0x00001BFFu, 0x03FE000Cu, 0x00001BFFu, 0x03FE000Cu, 0x00000402u, 0x03FE000Cu, 0x00000402u, 0x03FE000Cu,
    0x000007FEu, 0x03FE000Cu, 0x000007FEu, 0x03FE000Cu, 0x00001401u, 0x03FE000Cu, 0x00001401u, 0x03FE000Cu,
    0x000017FFu, 0x03FE000Cu, 0x000017FFu, 0x03FE0005u, 0x03FE0005u, 0x03FE0005u, 0x03FE0005u, 0x03FE0005u,
    0x03FE0005u, 0x03FE0005u, 0x03FE0005u, 0x03FE000Bu, 0x00000003u, 0x03FE000Bu, 0x00000003u, 0x03FE000Du,
    0xFE000003u, 0x03FE000Bu, 0x00000003u, 0x03FE000Bu, 0x000003FDu, 0x03FE000Bu, 0x000003FDu, 0x03FE000Du,
    0xFE0003FDu, 0x03FE000Bu, 0x000003FDu, 0x03FE000Bu, 0x00001001u, 0x03FE000Bu, 0x00001001u, 0x03FE000Du,
    0xFE001001u, 0x03FE000Bu, 0x00001001u, 0x03FE000Bu, 0x000013FFu, 0x03FE000Bu, 0x000013FFu, 0x03FE000Du,
    0xFE0013FFu, 0x03FE000Bu, 0x000013FFu, 0x03FE000Bu, 0x00000C01u, 0x03FE000Bu, 0x00000C01u, 0x03FE000Du,
    0xFE000C01u, 0x03FE000Bu, 0x00000C01u, 0x03FE000Bu, 0x00000FFFu, 0x03FE000Bu, 0x00000FFFu, 0x03FE000Du,
    0xFE000FFFu, 0x03FE000Bu, 0x00000FFFu, 0x03FE000Au, 0x00000002u, 0x03FE000Au, 0x00000002u, 0x03FE000Au,
    0x00000002u, 0x03FE000Au, 0x00000002u, 0x03FE000Cu, 0xFE000002u, 0x03FE000Cu, 0xFE000002u, 0x03FE000Du,
    0x00010002u, 0x03FE000Du, 0x03FF0002u, 0x03FE000Au, 0x000003FEu, 0x03FE000Au, 0x000003FEu, 0x03FE000Au,
    0x000003FEu, 0x03FE000Au, 0x000003FEu, 0x03FE000Cu, 0xFE0003FEu, 0x03FE000Cu, 0xFE0003FEu, 0x03FE000Du,
    0x000103FEu, 0x03FE000Du, 0x03FF03FEu, 0x03FE000Au, 0x00000801u, 0x03FE000Au, 0x00000801u, 0x03FE000Au,
    0x00000801u, 0x03FE000Au, 0x00000801u, 0x03FE000Cu, 0xFE000801u, 0x03FE000Cu, 0xFE000801u, 0x03FE000Du,
    0x00010801u, 0x03FE000Du, 0x03FF0801u, 0x03FE000Au, 0x00000BFFu, 0x03FE000Au, 0x00000BFFu, 0x03FE000Au,
    0x00000BFFu, 0x03FE000Au, 0x00000BFFu, 0x03FE000Cu, 0xFE000BFFu, 0x03FE000Cu, 0xFE000BFFu, 0x03FE000Du,
    0x00010BFFu, 0x03FE000Du, 0x03FF0BFFu, 0x03FE0009u, 0x00000401u, 0x03FE0009u, 0x00000401u, 0x03FE0009u,
    0x00000401u, 0x03FE0009u, 0x00000401u, 0x03FE0009u, 0x00000401u, 0x03FE0009u, 0x00000401u, 0x03FE000Du,
    0x04010401u, 0x03FE000Du, 0x07FF0401u, 0x03FE000Bu, 0xFE000401u, 0x03FE000Bu, 0xFE000401u, 0x03FE000Bu,
    0xFE000401u, 0x03FE000Bu, 0xFE000401u, 0x03FE000Cu, 0x00010401u, 0x03FE000Cu, 0x00010401u, 0x03FE000Cu,
    0x03FF0401u, 0x03FE000Cu, 0x03FF0401u, 0x03FE0009u, 0x000007FFu, 0x03FE0009u, 0x000007FFu, 0x03FE0009u,
    0x000007FFu, 0x03FE0009u, 0x000007FFu, 0x03FE0009u, 0x000007FFu, 0x03FE0009u, 0x000007FFu, 0x03FE000Du,
    0x040107FFu, 0x03FE000Du, 0x07FF07FFu, 0x03FE000Bu, 0xFE0007FFu, 0x03FE000Bu, 0xFE0007FFu, 0x03FE000Bu,
    0xFE0007FFu, 0x03FE000Bu, 0xFE0007FFu, 0x03FE000Cu, 0x000107FFu, 0x03FE000Cu, 0x000107FFu, 0x03FE000Cu,
    0x03FF07FFu, 0x03FE000Cu, 0x03FF07FFu, 0x03FE0007u, 0x0000FE00u, 0x03FE0007u, 0x0000FE00u, 0x03FE0007u,
    0x0000FE00u, 0x03FE0007u, 0x0000FE00u, 0x03FE0007u, 0x0000FE00u, 0x03FE0007u, 0x0000FE00u, 0x03FE0007u,
    0x0000FE00u, 0x03FE0007u, 0x0000FE00u, 0x03FE0007u, 0x0000FE00u, 0x03FE0007u, 0x0000FE00u, 0x03FE0007u,
    0x0000FE00u, 0x03FE0007u, 0x0000FE00u, 0x03FE0007u, 0x0000FE00u, 0x03FE0007u, 0x0000FE00u, 0x03FE0007u,
    0x0000FE00u, 0x03FE0007u, 0x0000FE00u, 0x03FE0007u, 0x0000FE00u, 0x03FE0007u, 0x0000FE00u, 0x03FE0007u,
    0x0000FE00u, 0x03FE0007u, 0x0000FE00u, 0x03FE0007u, 0x0000FE00u, 0x03FE0007u, 0x0000FE00u, 0x03FE0007u,
    0x0000FE00u, 0x03FE0007u, 0x0000FE00u, 0x03FE0007u, 0x0000FE00u, 0x03FE0007u, 0x0000FE00u, 0x03FE0007u,
    0x0000FE00u, 0x03FE0007u, 0x0000FE00u, 0x03FE0007u, 0x0000FE00u, 0x03FE0007u, 0x0000FE00u, 0x03FE0007u,
    0x0000FE00u, 0x03FE0007u, 0x0000FE00u, 0x03FE0007u, 0x0000FE00u, 0x03FE0007u, 0x0000FE00u, 0x03FE0007u,
    0x0000FE00u, 0x03FE0007u, 0x0000FE00u, 0x03FE0007u, 0x0000FE00u, 0x03FE0007u, 0x0000FE00u, 0x03FE0007u,
    0x0000FE00u, 0x03FE0007u, 0x0000FE00u, 0x03FE0007u, 0x0000FE00u, 0x03FE0007u, 0x0000FE00u, 0x03FE0007u,
    0x0000FE00u, 0x03FE0007u, 0x0000FE00u, 0x03FE0007u, 0x0000FE00u, 0x03FE0007u, 0x0000FE00u, 0x03FE0007u,
    0x0000FE00u, 0x03FE0007u, 0x0000FE00u, 0x03FE0007u, 0x0000FE00u, 0x03FE0007u, 0x0000FE00u, 0x03FE0007u,
    0x0000FE00u, 0x03FE0007u, 0x0000FE00u, 0x03FE0007u, 0x0000FE00u, 0x03FE0007u, 0x0000FE00u, 0x03FE0007u,
    0x0000FE00u, 0x03FE0007u, 0x0000FE00u, 0x03FE0007u, 0x0000FE00u, 0x03FE0007u, 0x0000FE00u, 0x03FE0007u,
    0x0000FE00u, 0x03FE0007u, 0x0000FE00u, 0x03FE0007u, 0x0000FE00u, 0x03FE0007u, 0x0000FE00u, 0x03FE0007u,
    0x0000FE00u, 0x03FE0007u, 0x0000FE00u, 0x03FE0008u, 0x00000001u, 0x03FE0008u, 0x00000001u, 0x03FE0008u,
    0x00000001u, 0x03FE0008u, 0x00000001u, 0x03FE0008u, 0x00000001u, 0x03FE0008u, 0x00000001u, 0x03FE0008u,
    0x00000001u, 0x03FE0008u, 0x00000001u, 0x03FE000Du, 0x00020001u, 0x03FE000Du, 0x03FE0001u, 0x03FE000Du,
    0x08010001u, 0x03FE000Du, 0x0BFF0001u, 0x03FE000Cu, 0x04010001u, 0x03FE000Cu, 0x04010001u, 0x03FE000Cu,
    0x07FF0001u, 0x03FE000Cu, 0x07FF0001u, 0x03FE000Au, 0xFE000001u, 0x03FE000Au, 0xFE000001u, 0x03FE000Au,
    0xFE000001u, 0x03FE000Au, 0xFE000001u, 0x03FE000Au, 0xFE000001u, 0x03FE000Au, 0xFE000001u, 0x03FE000Au,
    0xFE000001u, 0x03FE000Au, 0xFE000001u, 0x03FE000Bu, 0x00010001u, 0x03FE000Bu, 0x00010001u, 0x03FE000Bu,
    0x00010001u, 0x03FE000Bu, 0x00010001u, 0x03FE000Bu, 0x03FF0001u, 0x03FE000Bu, 0x03FF0001u, 0x03FE000Bu,
    0x03FF0001u, 0x03FE000Bu, 0x03FF0001u, 0x03FE0008u, 0x000003FFu, 0x03FE0008u, 0x000003FFu, 0x03FE0008u,
    0x000003FFu, 0x03FE0008u, 0x000003FFu, 0x03FE0008u, 0x000003FFu, 0x03FE0008u, 0x000003FFu, 0x03FE0008u,
    0x000003FFu, 0x03FE0008u, 0x000003FFu, 0x03FE000Du, 0x000203FFu, 0x03FE000Du, 0x03FE03FFu, 0x03FE000Du,
    0x080103FFu, 0x03FE000Du, 0x0BFF03FFu, 0x03FE000Cu, 0x040103FFu, 0x03FE000Cu, 0x040103FFu, 0x03FE000Cu,
    0x07FF03FFu, 0x03FE000Cu, 0x07FF03FFu, 0x03FE000Au, 0xFE0003FFu, 0x03FE000Au, 0xFE0003FFu, 0x03FE000Au,
    0xFE0003FFu, 0x03FE000Au, 0xFE0003FFu, 0x03FE000Au, 0xFE0003FFu, 0x03FE000Au, 0xFE0003FFu, 0x03FE000Au,
    0xFE0003FFu, 0x03FE000Au, 0xFE0003FFu, 0x03FE000Bu, 0x000103FFu, 0x03FE000Bu, 0x000103FFu, 0x03FE000Bu,
    0x000103FFu, 0x03FE000Bu, 0x000103FFu, 0x03FE000Bu, 0x03FF03FFu, 0x03FE000Bu, 0x03FF03FFu, 0x03FE000Bu,
    0x03FF03FFu, 0x03FE000Bu, 0x03FF03FFu, 0x08010005u, 0x08010005u, 0x08010005u, 0x08010005u, 0x0801000Bu,
    0x00007C1Fu, 0x0801000Bu, 0x00007C1Fu, 0x0801000Bu, 0x00007C1Fu, 0x0801000Bu, 0x00007C1Fu, 0x0801000Du,
    0x00000802u, 0x0801000Du, 0x00000BFEu, 0x0801000Du, 0x00002401u, 0x0801000Du, 0x000027FFu, 0x0801000Du,
    0x00000004u, 0x0801000Du, 0x000003FCu, 0x0801000Du, 0x00002001u, 0x0801000Du, 0x000023FFu, 0x0801000Cu,
    0x00001C01u, 0x0801000Cu, 0x00001C01u, 0x0801000Cu, 0x00001FFFu, 0x0801000Cu, 0x00001FFFu, 0x0801000Cu,
    0x00001801u, 0x0801000Cu, 0x00001801u, 0x0801000Cu, 0x00001BFFu, 0x0801000Cu, 0x00001BFFu, 0x0801000Cu,
    0x00000402u, 0x0801000Cu, 0x00000402u, 0x0801000Cu, 0x000007FEu, 0x0801000Cu, 0x000007FEu, 0x0801000Cu,
    0x00001401u, 0x0801000Cu, 0x00001401u, 0x0801000Cu, 0x000017FFu, 0x0801000Cu, 0x000017FFu, 0x08010005u,
    0x08010005u, 0x08010005u, 0x08010005u, 0x08010005u, 0x08010005u, 0x08010005u, 0x08010005u, 0x0801000Bu,
    0x00000003u, 0x0801000Bu, 0x00000003u, 0x0801000Du, 0xFE000003u, 0x0801000Bu, 0x00000003u, 0x0801000Bu,
    0x000003FDu, 0x0801000Bu, 0x000003FDu, 0x0801000Du, 0xFE0003FDu, 0x0801000Bu, 0x000003FDu, 0x0801000Bu,
    0x00001001u, 0x0801000Bu, 0x00001001u, 0x0801000Du, 0xFE001001u, 0x0801000Bu, 0x00001001u, 0x0801000Bu,
    0x000013FFu, 0x0801000Bu, 0x000013FFu, 0x0801000Du, 0xFE0013FFu, 0x0801000Bu, 0x000013FFu, 0x0801000Bu,
    0x00000C01u, 0x0801000Bu, 0x00000C01u, 0x0801000Du, 0xFE000C01u, 0x0801000Bu, 0x00000C01u, 0x0801000Bu,
    0x00000FFFu, 0x0801000Bu, 0x00000FFFu, 0x0801000Du, 0xFE000FFFu, 0x0801000Bu, 0x00000FFFu, 0x0801000Au,
    0x00000002u, 0x0801000Au, 0x00000002u, 0x0801000Au, 0x00000002u, 0x0801000Au, 0x00000002u, 0x0801000Cu,
    0xFE000002u, 0x0801000Cu, 0xFE000002u, 0x0801000Du, 0x00010002u, 0x0801000Du, 0x03FF0002u, 0x0801000Au,
    0x000003FEu, 0x0801000Au, 0x000003FEu, 0x0801000Au, 0x000003FEu, 0x0801000Au, 0x000003FEu, 0x0801000Cu,
    0xFE0003FEu, 0x0801000Cu, 0xFE0003FEu, 0x0801000Du, 0x000103FEu, 0x0801000Du, 0x03FF03FEu, 0x0801000Au,
    0x00000801u, 0x0801000Au, 0x00000801u, 0x0801000Au, 0x00000801u, 0x0801000Au, 0x00000801u, 0x0801000Cu,
    0xFE000801u, 0x0801000Cu, 0xFE000801u, 0x0801000Du, 0x00010801u, 0x0801000Du, 0x03FF0801u, 0x0801000Au,
    0x00000BFFu, 0x0801000Au, 0x00000BFFu, 0x0801000Au, 0x00000BFFu, 0x0801000Au, 0x00000BFFu, 0x0801000Cu,
    0xFE000BFFu, 0x0801000Cu, 0xFE000BFFu, 0x0801000Du, 0x00010BFFu, 0x0801000Du, 0x03FF0BFFu, 0x08010009u,
    0x00000401u, 0x08010009u, 0x00000401u, 0x08010009u, 0x00000401u, 0x08010009u, 0x00000401u, 0x08010009u,
    0x00000401u, 0x08010009u, 0x00000401u, 0x0801000Du, 0x04010401u, 0x0801000Du, 0x07FF0401u, 0x0801000Bu,
    0xFE000401u, 0x0801000Bu, 0xFE000401u, 0x0801000Bu, 0xFE000401u, 0x0801000Bu, 0xFE000401u, 0x0801000Cu,
    0x00010401u, 0x0801000Cu, 0x00010401u, 0x0801000Cu, 0x03FF0401u, 0x0801000Cu, 0x03FF0401u, 0x08010009u,
    0x000007FFu, 0x08010009u, 0x000007FFu, 0x08010009u, 0x000007FFu, 0x08010009u, 0x000007FFu, 0x08010009u,
    0x000007FFu, 0x08010009u, 0x000007FFu, 0x0801000Du, 0x040107FFu, 0x0801000Du, 0x07FF07FFu, 0x0801000Bu,
    0xFE0007FFu, 0x0801000Bu, 0xFE0007FFu, 0x0801000Bu, 0xFE0007FFu, 0x0801000Bu, 0xFE0007FFu, 0x0801000Cu,
    0x000107FFu, 0x0801000Cu, 0x000107FFu, 0x0801000Cu, 0x03FF07FFu, 0x0801000Cu, 0x03FF07FFu, 0x08010007u,
    0x0000FE00u, 0x08010007u, 0x0000FE00u, 0x08010007u, 0x0000FE00u, 0x08010007u, 0x0000FE00u, 0x08010007u,
    0x0000FE00u, 0x08010007u, 0x0000FE00u, 0x08010007u, 0x0000FE00u, 0x08010007u, 0x0000FE00u, 0x08010007u,
    0x0000FE00u, 0x08010007u, 0x0000FE00u, 0x08010007u, 0x0000FE00u, 0x08010007u, 0x0000FE00u, 0x08010007u,
    0x0000FE00u, 0x08010007u, 0x0000FE00u, 0x08010007u, 0x0000FE00u, 0x08010007u, 0x0000FE00u, 0x08010007u,
    0x0000FE00u, 0x08010007u, 0x0000FE00u, 0x08010007u, 0x0000FE00u, 0x08010007u, 0x0000FE00u, 0x08010007u,
    0x0000FE00u, 0x08010007u, 0x0000FE00u, 0x08010007u, 0x0000FE00u, 0x08010007u, 0x0000FE00u, 0x08010007u,
    0x0000FE00u, 0x08010007u, 0x0000FE00u, 0x08010007u, 0x0000FE00u, 0x08010007u, 0x0000FE00u, 0x08010007u,
    0x0000FE00u, 0x08010007u, 0x0000FE00u, 0x08010007u, 0x0000FE00u, 0x08010007u, 0x0000FE00u, 0x08010007u,
    0x0000FE00u, 0x08010007u, 0x0000FE00u, 0x08010007u, 0x0000FE00u, 0x08010007u, 0x0000FE00u, 0x08010007u,
    0x0000FE00u, 0x08010007u, 0x0000FE00u, 0x08010007u, 0x0000FE00u, 0x08010007u, 0x0000FE00u, 0x08010007u,
    0x0000FE00u, 0x08010007u, 0x0000FE00u, 0x08010007u, 0x0000FE00u, 0x08010007u, 0x0000FE00u, 0x08010007u,
    0x0000FE00u, 0x08010007u, 0x0000FE00u, 0x08010007u, 0x0000FE00u, 0x08010007u, 0x0000FE00u, 0x08010007u,
    0x0000FE00u, 0x08010007u, 0x0000FE00u, 0x08010007u, 0x0000FE00u, 0x08010007u, 0x0000FE00u, 0x08010007u,
    0x0000FE00u, 0x08010007u, 0x0000FE00u, 0x08010007u, 0x0000FE00u, 0x08010007u, 0x0000FE00u, 0x08010007u,
    0x0000FE00u, 0x08010007u, 0x0000FE00u, 0x08010007u, 0x0000FE00u, 0x08010007u, 0x0000FE00u, 0x08010007u,
    0x0000FE00u, 0x08010007u, 0x0000FE00u, 0x08010007u, 0x0000FE00u, 0x08010007u, 0x0000FE00u, 0x08010008u,
    0x00000001u, 0x08010008u, 0x00000001u, 0x08010008u, 0x00000001u, 0x08010008u, 0x00000001u, 0x08010008u,
    0x00000001u, 0x08010008u, 0x00000001u, 0x08010008u, 0x00000001u, 0x08010008u, 0x00000001u, 0x0801000Du,
    0x00020001u, 0x0801000Du, 0x03FE0001u, 0x0801000Du, 0x08010001u, 0x0801000Du, 0x0BFF0001u, 0x0801000Cu,
    0x04010001u, 0x0801000Cu, 0x04010001u, 0x0801000Cu, 0x07FF0001u, 0x0801000Cu, 0x07FF0001u, 0x0801000Au,
    0xFE000001u, 0x0801000Au, 0xFE000001u, 0x0801000Au, 0xFE000001u, 0x0801000Au, 0xFE000001u, 0x0801000Au,
    0xFE000001u, 0x0801000Au, 0xFE000001u, 0x0801000Au, 0xFE000001u, 0x0801000Au, 0xFE000001u, 0x0801000Bu,
    0x00010001u, 0x0801000Bu, 0x00010001u, 0x0801000Bu, 0x00010001u, 0x0801000Bu, 0x00010001u, 0x0801000Bu,
    0x03FF0001u, 0x0801000Bu, 0x03FF0001u, 0x0801000Bu, 0x03FF0001u, 0x0801000Bu, 0x03FF0001u, 0x08010008u,
    0x000003FFu, 0x08010008u, 0x000003FFu, 0x08010008u, 0x000003FFu, 0x08010008u, 0x000003FFu, 0x08010008u,
    0x000003FFu, 0x08010008u, 0x000003FFu, 0x08010008u, 0x000003FFu, 0x08010008u, 0x000003FFu, 0x0801000Du,
    0x000203FFu, 0x0801000Du, 0x03FE03FFu, 0x0801000Du, 0x080103FFu, 0x0801000Du, 0x0BFF03FFu, 0x0801000Cu,
    0x040103FFu, 0x0801000Cu, 0x040103FFu, 0x0801000Cu, 0x07FF03FFu, 0x0801000Cu, 0x07FF03FFu, 0x0801000Au,
    0xFE0003FFu, 0x0801000Au, 0xFE0003FFu, 0x0801000Au, 0xFE0003FFu, 0x0801000Au, 0xFE0003FFu, 0x0801000Au,
    0xFE0003FFu, 0x0801000Au, 0xFE0003FFu, 0x0801000Au, 0xFE0003FFu, 0x0801000Au, 0xFE0003FFu, 0x0801000Bu,
    0x000103FFu, 0x0801000Bu, 0x000103FFu, 0x0801000Bu, 0x000103FFu, 0x0801000Bu, 0x000103FFu, 0x0801000Bu,
    0x03FF03FFu, 0x0801000Bu, 0x03FF03FFu, 0x0801000Bu, 0x03FF03FFu, 0x0801000Bu, 0x03FF03FFu, 0x0BFF0005u,
    0x0BFF0005u, 0x0BFF0005u, 0x0BFF0005u, 0x0BFF000Bu, 0x00007C1Fu, 0x0BFF000Bu, 0x00007C1Fu, 0x0BFF000Bu,
    0x00007C1Fu, 0x0BFF000Bu, 0x00007C1Fu, 0x0BFF000Du, 0x00000802u, 0x0BFF000Du, 0x00000BFEu, 0x0BFF000Du,
    0x00002401u, 0x0BFF000Du, 0x000027FFu, 0x0BFF000Du, 0x00000004u, 0x0BFF000Du, 0x000003FCu, 0x0BFF000Du,
    0x00002001u, 0x0BFF000Du, 0x000023FFu, 0x0BFF000Cu, 0x00001C01u, 0x0BFF000Cu, 0x00001C01u, 0x0BFF000Cu,
    0x00001FFFu, 0x0BFF000Cu, 0x00001FFFu, 0x0BFF000Cu, 0x00001801u, 0x0BFF000Cu, 0x00001801u, 0x0BFF000Cu,
    0x00001BFFu, 0x0BFF000Cu, 0x00001BFFu, 0x0BFF000Cu, 0x00000402u, 0x0BFF000Cu, 0x00000402u, 0x0BFF000Cu,
    0x000007FEu, 0x0BFF000Cu, 0x000007FEu, 0x0BFF000Cu, 0x00001401u, 0x0BFF000Cu, 0x00001401u, 0x0BFF000Cu,
    0x000017FFu, 0x0BFF000Cu, 0x000017FFu, 0x0BFF0005u, 0x0BFF0005u, 0x0BFF0005u, 0x0BFF0005u, 0x0BFF0005u,
    0x0BFF0005u, 0x0BFF0005u, 0x0BFF0005u, 0x0BFF000Bu, 0x00000003u, 0x0BFF000Bu, 0x00000003u, 0x0BFF000Du,
    0xFE000003u, 0x0BFF000Bu, 0x00000003u, 0x0BFF000Bu, 0x000003FDu, 0x0BFF000Bu, 0x000003FDu, 0x0BFF000Du,
    0xFE0003FDu, 0x0BFF000Bu, 0x000003FDu, 0x0BFF000Bu, 0x00001001u, 0x0BFF000Bu, 0x00001001u, 0x0BFF000Du,
    0xFE001001u, 0x0BFF000Bu, 0x00001001u, 0x0BFF000Bu, 0x000013FFu, 0x0BFF000Bu, 0x000013FFu, 0x0BFF000Du,
    0xFE0013FFu, 0x0BFF000Bu, 0x000013FFu, 0x0BFF000Bu, 0x00000C01u, 0x0BFF000Bu, 0x00000C01u, 0x0BFF000Du,
    0xFE000C01u, 0x0BFF000Bu, 0x00000C01u, 0x0BFF000Bu, 0x00000FFFu, 0x0BFF000Bu, 0x00000FFFu, 0x0BFF000Du,
    0xFE000FFFu, 0x0BFF000Bu, 0x00000FFFu, 0x0BFF000Au, 0x00000002u, 0x0BFF000Au, 0x00000002u, 0x0BFF000Au,
    0x00000002u, 0x0BFF000Au, 0x00000002u, 0x0BFF000Cu, 0xFE000002u, 0x0BFF000Cu, 0xFE000002u, 0x0BFF000Du,
    0x00010002u, 0x0BFF000Du, 0x03FF0002u, 0x0BFF000Au, 0x000003FEu, 0x0BFF000Au, 0x000003FEu, 0x0BFF000Au,
    0x000003FEu, 0x0BFF000Au, 0x000003FEu, 0x0BFF000Cu, 0xFE0003FEu, 0x0BFF000Cu, 0xFE0003FEu, 0x0BFF000Du,
    0x000103FEu, 0x0BFF000Du, 0x03FF03FEu, 0x0BFF000Au, 0x00000801u, 0x0BFF000Au, 0x00000801u, 0x0BFF000Au,
    0x00000801u, 0x0BFF000Au, 0x00000801u, 0x0BFF000Cu, 0xFE000801u, 0x0BFF000Cu, 0xFE000801u, 0x0BFF000Du,
    0x00010801u, 0x0BFF000Du, 0x03FF0801u, 0x0BFF000Au, 0x00000BFFu, 0x0BFF000Au, 0x00000BFFu, 0x0BFF000Au,
    0x00000BFFu, 0x0BFF000Au, 0x00000BFFu, 0x0BFF000Cu, 0xFE000BFFu, 0x0BFF000Cu, 0xFE000BFFu, 0x0BFF000Du,
    0x00010BFFu, 0x0BFF000Du, 0x03FF0BFFu, 0x0BFF0009u, 0x00000401u, 0x0BFF0009u, 0x00000401u, 0x0BFF0009u,
    0x00000401u, 0x0BFF0009u, 0x00000401u, 0x0BFF0009u, 0x00000401u, 0x0BFF0009u, 0x00000401u, 0x0BFF000Du,
    0x04010401u, 0x0BFF000Du, 0x07FF0401u, 0x0BFF000Bu, 0xFE000401u, 0x0BFF000Bu, 0xFE000401u, 0x0BFF000Bu,
    0xFE000401u, 0x0BFF000Bu, 0xFE000401u, 0x0BFF000Cu, 0x00010401u, 0x0BFF000Cu, 0x00010401u, 0x0BFF000Cu,
    0x03FF0401u, 0x0BFF000Cu, 0x03FF0401u, 0x0BFF0009u, 0x000007FFu, 0x0BFF0009u, 0x000007FFu, 0x0BFF0009u,
    0x000007FFu, 0x0BFF0009u, 0x000007FFu, 0x0BFF0009u, 0x000007FFu, 0x0BFF0009u, 0x000007FFu, 0x0BFF000Du,
    0x040107FFu, 0x0BFF000Du, 0x07FF07FFu, 0x0BFF000Bu, 0xFE0007FFu, 0x0BFF000Bu, 0xFE0007FFu, 0x0BFF000Bu,
    0xFE0007FFu, 0x0BFF000Bu, 0xFE0007FFu, 0x0BFF000Cu, 0x000107FFu, 0x0BFF000Cu, 0x000107FFu, 0x0BFF000Cu,
    0x03FF07FFu, 0x0BFF000Cu, 0x03FF07FFu, 0x0BFF0007u, 0x0000FE00u, 0x0BFF0007u, 0x0000FE00u, 0x0BFF0007u,
    0x0000FE00u, 0x0BFF0007u, 0x0000FE00u, 0x0BFF0007u, 0x0000FE00u, 0x0BFF0007u, 0x0000FE00u, 0x0BFF0007u,
    0x0000FE00u, 0x0BFF0007u, 0x0000FE00u, 0x0BFF0007u, 0x0000FE00u, 0x0BFF0007u, 0x0000FE00u, 0x0BFF0007u,
    0x0000FE00u, 0x0BFF0007u, 0x0000FE00u, 0x0BFF0007u, 0x0000FE00u, 0x0BFF0007u, 0x0000FE00u, 0x0BFF0007u,
    0x0000FE00u, 0x0BFF0007u, 0x0000FE00u, 0x0BFF0007u, 0x0000FE00u, 0x0BFF0007u, 0x0000FE00u, 0x0BFF0007u,
    0x0000FE00u, 0x0BFF0007u, 0x0000FE00u, 0x0BFF0007u, 0x0000FE00u, 0x0BFF0007u, 0x0000FE00u, 0x0BFF0007u,
    0x0000FE00u, 0x0BFF0007u, 0x0000FE00u, 0x0BFF0007u, 0x0000FE00u, 0x0BFF0007u, 0x0000FE00u, 0x0BFF0007u,
    0x0000FE00u, 0x0BFF0007u, 0x0000FE00u, 0x0BFF0007u, 0x0000FE00u, 0x0BFF0007u, 0x0000FE00u, 0x0BFF0007u,
    0x0000FE00u, 0x0BFF0007u, 0x0000FE00u, 0x0BFF0007u, 0x0000FE00u, 0x0BFF0007u, 0x0000FE00u, 0x0BFF0007u,
    0x0000FE00u, 0x0BFF0007u, 0x0000FE00u, 0x0BFF0007u, 0x0000FE00u, 0x0BFF0007u, 0x0000FE00u, 0x0BFF0007u,
    0x0000FE00u, 0x0BFF0007u, 0x0000FE00u, 0x0BFF0007u, 0x0000FE00u, 0x0BFF0007u, 0x0000FE00u, 0x0BFF0007u,
    0x0000FE00u, 0x0BFF0007u, 0x0000FE00u, 0x0BFF0007u, 0x0000FE00u, 0x0BFF0007u, 0x0000FE00u, 0x0BFF0007u,
    0x0000FE00u, 0x0BFF0007u, 0x0000FE00u, 0x0BFF0007u, 0x0000FE00u, 0x0BFF0007u, 0x0000FE00u, 0x0BFF0007u,
    0x0000FE00u, 0x0BFF0007u, 0x0000FE00u, 0x0BFF0007u, 0x0000FE00u, 0x0BFF0007u, 0x0000FE00u, 0x0BFF0007u,
    0x0000FE00u, 0x0BFF0007u, 0x0000FE00u, 0x0BFF0007u, 0x0000FE00u, 0x0BFF0007u, 0x0000FE00u, 0x0BFF0007u,
    0x0000FE00u, 0x0BFF0007u, 0x0000FE00u, 0x0BFF0007u, 0x0000FE00u, 0x0BFF0007u, 0x0000FE00u, 0x0BFF0007u,
    0x0000FE00u, 0x0BFF0007u, 0x0000FE00u, 0x0BFF0008u, 0x00000001u, 0x0BFF0008u, 0x00000001u, 0x0BFF0008u,
    0x00000001u, 0x0BFF0008u, 0x00000001u, 0x0BFF0008u, 0x00000001u, 0x0BFF0008u, 0x00000001u, 0x0BFF0008u,
    0x00000001u, 0x0BFF0008u, 0x00000001u, 0x0BFF000Du, 0x00020001u, 0x0BFF000Du, 0x03FE0001u, 0x0BFF000Du,
    0x08010001u, 0x0BFF000Du, 0x0BFF0001u, 0x0BFF000Cu, 0x04010001u, 0x0BFF000Cu, 0x04010001u, 0x0BFF000Cu,
    0x07FF0001u, 0x0BFF000Cu, 0x07FF0001u, 0x0BFF000Au, 0xFE000001u, 0x0BFF000Au, 0xFE000001u, 0x0BFF000Au,
    0xFE000001u, 0x0BFF000Au, 0xFE000001u, 0x0BFF000Au, 0xFE000001u, 0x0BFF000Au, 0xFE000001u, 0x0BFF000Au,
    0xFE000001u, 0x0BFF000Au, 0xFE000001u, 0x0BFF000Bu, 0x00010001u, 0x0BFF000Bu, 0x00010001u, 0x0BFF000Bu,
    0x00010001u, 0x0BFF000Bu, 0x00010001u, 0x0BFF000Bu, 0x03FF0001u, 0x0BFF000Bu, 0x03FF0001u, 0x0BFF000Bu,
    0x03FF0001u, 0x0BFF000Bu, 0x03FF0001u, 0x0BFF0008u, 0x000003FFu, 0x0BFF0008u, 0x000003FFu, 0x0BFF0008u,
    0x000003FFu, 0x0BFF0008u, 0x000003FFu, 0x0BFF0008u, 0x000003FFu, 0x0BFF0008u, 0x000003FFu, 0x0BFF0008u,
    0x000003FFu, 0x0BFF0008u, 0x000003FFu, 0x0BFF000Du, 0x000203FFu, 0x0BFF000Du, 0x03FE03FFu, 0x0BFF000Du,
    0x080103FFu, 0x0BFF000Du, 0x0BFF03FFu, 0x0BFF000Cu, 0x040103FFu, 0x0BFF000Cu, 0x040103FFu, 0x0BFF000Cu,
    0x07FF03FFu, 0x0BFF000Cu, 0x07FF03FFu, 0x0BFF000Au, 0xFE0003FFu, 0x0BFF000Au, 0xFE0003FFu, 0x0BFF000Au,
    0xFE0003FFu, 0x0BFF000Au, 0xFE0003FFu, 0x0BFF000Au, 0xFE0003FFu, 0x0BFF000Au, 0xFE0003FFu, 0x0BFF000Au,
    0xFE0003FFu, 0x0BFF000Au, 0xFE0003FFu, 0x0BFF000Bu, 0x000103FFu, 0x0BFF000Bu, 0x000103FFu, 0x0BFF000Bu,
    0x000103FFu, 0x0BFF000Bu, 0x000103FFu, 0x0BFF000Bu, 0x03FF03FFu, 0x0BFF000Bu, 0x03FF03FFu, 0x0BFF000Bu,
    0x03FF03FFu, 0x0BFF000Bu, 0x03FF03FFu, 0x04010004u, 0x04010004u, 0x04010004u, 0x04010004u, 0x04010004u,
    0x04010004u, 0x04010004u, 0x04010004u, 0x0401000Au, 0x00007C1Fu, 0x0401000Au, 0x00007C1Fu, 0x0401000Au,
    0x00007C1Fu, 0x0401000Au, 0x00007C1Fu, 0x0401000Au, 0x00007C1Fu, 0x0401000Au, 0x00007C1Fu, 0x0401000Au,
    0x00007C1Fu, 0x0401000Au, 0x00007C1Fu, 0x0401000Cu, 0x00000802u, 0x0401000Cu, 0x00000802u, 0x0401000Cu,
    0x00000BFEu, 0x0401000Cu, 0x00000BFEu, 0x0401000Cu, 0x00002401u, 0x0401000Cu, 0x00002401u, 0x0401000Cu,
    0x000027FFu, 0x0401000Cu, 0x000027FFu, 0x0401000Cu, 0x00000004u, 0x0401000Cu, 0x00000004u, 0x0401000Cu,
    0x000003FCu, 0x0401000Cu, 0x000003FCu, 0x0401000Cu, 0x00002001u, 0x0401000Cu, 0x00002001u, 0x0401000Cu,
    0x000023FFu, 0x0401000Cu, 0x000023FFu, 0x0401000Bu, 0x00001C01u, 0x0401000Bu, 0x00001C01u, 0x0401000Du,
    0xFE001C01u, 0x0401000Bu, 0x00001C01u, 0x0401000Bu, 0x00001FFFu, 0x0401000Bu, 0x00001FFFu, 0x0401000Du,
    0xFE001FFFu, 0x0401000Bu, 0x00001FFFu, 0x0401000Bu, 0x00001801u, 0x0401000Bu, 0x00001801u, 0x0401000Du,
    0xFE001801u, 0x0401000Bu, 0x00001801u, 0x0401000Bu, 0x00001BFFu, 0x0401000Bu, 0x00001BFFu, 0x0401000Du,
    0xFE001BFFu, 0x0401000Bu, 0x00001BFFu, 0x0401000Bu, 0x00000402u, 0x0401000Bu, 0x00000402u, 0x0401000Du,
    0xFE000402u, 0x0401000Bu, 0x00000402u, 0x0401000Bu, 0x000007FEu, 0x0401000Bu, 0x000007FEu, 0x0401000Du,
    0xFE0007FEu, 0x0401000Bu, 0x000007FEu, 0x0401000Bu, 0x00001401u, 0x0401000Bu, 0x00001401u, 0x0401000Du,
    0xFE001401u, 0x0401000Bu, 0x00001401u, 0x0401000Bu, 0x000017FFu, 0x0401000Bu, 0x000017FFu, 0x0401000Du,
    0xFE0017FFu, 0x0401000Bu, 0x000017FFu, 0x0401000Du, 0x00003401u, 0x0401000Du, 0x000037FFu, 0x0401000Du,
    0x00000006u, 0x0401000Du, 0x000003FAu, 0x0401000Du, 0x00003001u, 0x0401000Du, 0x000033FFu, 0x0401000Du,
    0x00002C01u, 0x0401000Du, 0x00002FFFu, 0x0401000Du, 0x00000C02u, 0x0401000Du, 0x00000FFEu, 0x0401000Du,
    0x00000403u, 0x0401000Du, 0x000007FDu, 0x0401000Du, 0x00000005u, 0x0401000Du, 0x000003FBu, 0x0401000Du,
    0x00002801u, 0x0401000Du, 0x00002BFFu, 0x0401000Au, 0x00000003u, 0x0401000Au, 0x00000003u, 0x0401000Au,
    0x00000003u, 0x0401000Au, 0x00000003u, 0x0401000Cu, 0xFE000003u, 0x0401000Cu, 0xFE000003u, 0x0401000Du,
    0x00010003u, 0x0401000Du, 0x03FF0003u, 0x0401000Au, 0x000003FDu, 0x0401000Au, 0x000003FDu, 0x0401000Au,
    0x000003FDu, 0x0401000Au, 0x000003FDu, 0x0401000Cu, 0xFE0003FDu, 0x0401000Cu, 0xFE0003FDu, 0x0401000Du,
    0x000103FDu, 0x0401000Du, 0x03FF03FDu, 0x0401000Au, 0x00001001u, 0x0401000Au, 0x00001001u, 0x0401000Au,
    0x00001001u, 0x0401000Au, 0x00001001u, 0x0401000Cu, 0xFE001001u, 0x0401000Cu, 0xFE001001u, 0x0401000Du,
    0x00011001u, 0x0401000Du, 0x03FF1001u, 0x0401000Au, 0x000013FFu, 0x0401000Au, 0x000013FFu, 0x0401000Au,
    0x000013FFu, 0x0401000Au, 0x000013FFu, 0x0401000Cu, 0xFE0013FFu, 0x0401000Cu, 0xFE0013FFu, 0x0401000Du,
    0x000113FFu, 0x0401000Du, 0x03FF13FFu, 0x0401000Au, 0x00000C01u, 0x0401000Au, 0x00000C01u, 0x0401000Au,
    0x00000C01u, 0x0401000Au, 0x00000C01u, 0x0401000Cu, 0xFE000C01u, 0x0401000Cu, 0xFE000C01u, 0x0401000Du,
    0x00010C01u, 0x0401000Du, 0x03FF0C01u, 0x0401000Au, 0x00000FFFu, 0x0401000Au, 0x00000FFFu, 0x0401000Au,
    0x00000FFFu, 0x0401000Au, 0x00000FFFu, 0x0401000Cu, 0xFE000FFFu, 0x0401000Cu, 0xFE000FFFu, 0x0401000Du,
    0x00010FFFu, 0x0401000Du, 0x03FF0FFFu, 0x04010009u, 0x00000002u, 0x04010009u, 0x00000002u, 0x04010009u,
    0x00000002u, 0x04010009u, 0x00000002u, 0x04010009u, 0x00000002u, 0x04010009u, 0x00000002u, 0x0401000Du,
    0x04010002u, 0x0401000Du, 0x07FF0002u, 0x0401000Bu, 0xFE000002u, 0x0401000Bu, 0xFE000002u, 0x0401000Bu,
    0xFE000002u, 0x0401000Bu, 0xFE000002u, 0x0401000Cu, 0x00010002u, 0x0401000Cu, 0x00010002u, 0x0401000Cu,
    0x03FF0002u, 0x0401000Cu, 0x03FF0002u, 0x04010009u, 0x000003FEu, 0x04010009u, 0x000003FEu, 0x04010009u,
    0x000003FEu, 0x04010009u, 0x000003FEu, 0x04010009u, 0x000003FEu, 0x04010009u, 0x000003FEu, 0x0401000Du,
    0x040103FEu, 0x0401000Du, 0x07FF03FEu, 0x0401000Bu, 0xFE0003FEu, 0x0401000Bu, 0xFE0003FEu, 0x0401000Bu,
    0xFE0003FEu, 0x0401000Bu, 0xFE0003FEu, 0x0401000Cu, 0x000103FEu, 0x0401000Cu, 0x000103FEu, 0x0401000Cu,
    0x03FF03FEu, 0x0401000Cu, 0x03FF03FEu, 0x04010009u, 0x00000801u, 0x04010009u, 0x00000801u, 0x04010009u,
    0x00000801u, 0x04010009u, 0x00000801u, 0x04010009u, 0x00000801u, 0x04010009u, 0x00000801u, 0x0401000Du,
    0x04010801u, 0x0401000Du, 0x07FF0801u, 0x0401000Bu, 0xFE000801u, 0x0401000Bu, 0xFE000801u, 0x0401000Bu,
    0xFE000801u, 0x0401000Bu, 0xFE000801u, 0x0401000Cu, 0x00010801u, 0x0401000Cu, 0x00010801u, 0x0401000Cu,
    0x03FF0801u, 0x0401000Cu, 0x03FF0801u, 0x04010009u, 0x00000BFFu, 0x04010009u, 0x00000BFFu, 0x04010009u,
    0x00000BFFu, 0x04010009u, 0x00000BFFu, 0x04010009u, 0x00000BFFu, 0x04010009u, 0x00000BFFu, 0x0401000Du,
    0x04010BFFu, 0x0401000Du, 0x07FF0BFFu, 0x0401000Bu, 0xFE000BFFu, 0x0401000Bu, 0xFE000BFFu, 0x0401000Bu,
    0xFE000BFFu, 0x0401000Bu, 0xFE000BFFu, 0x0401000Cu, 0x00010BFFu, 0x0401000Cu, 0x00010BFFu, 0x0401000Cu,
    0x03FF0BFFu, 0x0401000Cu, 0x03FF0BFFu, 0x04010008u, 0x00000401u, 0x04010008u, 0x00000401u, 0x04010008u,
    0x00000401u, 0x04010008u, 0x00000401u, 0x04010008u, 0x00000401u, 0x04010008u, 0x00000401u, 0x04010008u,
    0x00000401u, 0x04010008u, 0x00000401u, 0x0401000Du, 0x00020401u, 0x0401000Du, 0x03FE0401u, 0x0401000Du,
    0x08010401u, 0x0401000Du, 0x0BFF0401u, 0x0401000Cu, 0x04010401u, 0x0401000Cu, 0x04010401u, 0x0401000Cu,
    0x07FF0401u, 0x0401000Cu, 0x07FF0401u, 0x0401000Au, 0xFE000401u, 0x0401000Au, 0xFE000401u, 0x0401000Au,
    0xFE000401u, 0x0401000Au, 0xFE000401u, 0x0401000Au, 0xFE000401u, 0x0401000Au, 0xFE000401u, 0x0401000Au,
    0xFE000401u, 0x0401000Au, 0xFE000401u, 0x0401000Bu, 0x00010401u, 0x0401000Bu, 0x00010401u, 0x0401000Bu,
    0x00010401u, 0x0401000Bu, 0x00010401u, 0x0401000Bu, 0x03FF0401u, 0x0401000Bu, 0x03FF0401u, 0x0401000Bu,
    0x03FF0401u, 0x0401000Bu, 0x03FF0401u, 0x04010008u, 0x000007FFu, 0x04010008u, 0x000007FFu, 0x04010008u,
    0x000007FFu, 0x04010008u, 0x000007FFu, 0x04010008u, 0x000007FFu, 0x04010008u, 0x000007FFu, 0x04010008u,
    0x000007FFu, 0x04010008u, 0x000007FFu, 0x0401000Du, 0x000207FFu, 0x0401000Du, 0x03FE07FFu, 0x0401000Du,
    0x080107FFu, 0x0401000Du, 0x0BFF07FFu, 0x0401000Cu, 0x040107FFu, 0x0401000Cu, 0x040107FFu, 0x0401000Cu,
    0x07FF07FFu, 0x0401000Cu, 0x07FF07FFu, 0x0401000Au, 0xFE0007FFu, 0x0401000Au, 0xFE0007FFu, 0x0401000Au,
    0xFE0007FFu, 0x0401000Au, 0xFE0007FFu, 0x0401000Au, 0xFE0007FFu, 0x0401000Au, 0xFE0007FFu, 0x0401000Au,
    0xFE0007FFu, 0x0401000Au, 0xFE0007FFu, 0x0401000Bu, 0x000107FFu, 0x0401000Bu, 0x000107FFu, 0x0401000Bu,
    0x000107FFu, 0x0401000Bu, 0x000107FFu, 0x0401000Bu, 0x03FF07FFu, 0x0401000Bu, 0x03FF07FFu, 0x0401000Bu,
    0x03FF07FFu, 0x0401000Bu, 0x03FF07FFu, 0x04010006u, 0x0000FE00u, 0x04010006u, 0x0000FE00u, 0x04010006u,
    0x0000FE00u, 0x04010006u, 0x0000FE00u, 0x04010006u, 0x0000FE00u, 0x04010006u, 0x0000FE00u, 0x04010006u,
    0x0000FE00u, 0x04010006u, 0x0000FE00u, 0x04010006u, 0x0000FE00u, 0x04010006u, 0x0000FE00u, 0x04010006u,
    0x0000FE00u, 0x04010006u, 0x0000FE00u, 0x04010006u, 0x0000FE00u, 0x04010006u, 0x0000FE00u, 0x04010006u,
    0x0000FE00u, 0x04010006u, 0x0000FE00u, 0x04010006u, 0x0000FE00u, 0x04010006u, 0x0000FE00u, 0x04010006u,
    0x0000FE00u, 0x04010006u, 0x0000FE00u, 0x04010006u, 0x0000FE00u, 0x04010006u, 0x0000FE00u, 0x04010006u,
    0x0000FE00u, 0x04010006u, 0x0000FE00u, 0x04010006u, 0x0000FE00u, 0x04010006u, 0x0000FE00u, 0x04010006u,
    0x0000FE00u, 0x04010006u, 0x0000FE00u, 0x04010006u, 0x0000FE00u, 0x04010006u, 0x0000FE00u, 0x04010006u,
    0x0000FE00u, 0x04010006u, 0x0000FE00u, 0x04010006u, 0x0000FE00u, 0x04010006u, 0x0000FE00u, 0x04010006u,
    0x0000FE00u, 0x04010006u, 0x0000FE00u, 0x04010006u, 0x0000FE00u, 0x04010006u, 0x0000FE00u, 0x04010006u,
    0x0000FE00u, 0x04010006u, 0x0000FE00u, 0x04010006u, 0x0000FE00u, 0x04010006u, 0x0000FE00u, 0x04010006u,
    0x0000FE00u, 0x04010006u, 0x0000FE00u, 0x04010006u, 0x0000FE00u, 0x04010006u, 0x0000FE00u, 0x04010006u,
    0x0000FE00u, 0x04010006u, 0x0000FE00u, 0x04010006u, 0x0000FE00u, 0x04010006u, 0x0000FE00u, 0x04010006u,
    0x0000FE00u, 0x04010006u, 0x0000FE00u, 0x04010006u, 0x0000FE00u, 0x04010006u, 0x0000FE00u, 0x04010006u,
    0x0000FE00u, 0x04010006u, 0x0000FE00u, 0x04010006u, 0x0000FE00u, 0x04010006u, 0x0000FE00u, 0x04010006u,
    0x0000FE00u, 0x04010006u, 0x0000FE00u, 0x04010006u, 0x0000FE00u, 0x04010006u, 0x0000FE00u, 0x04010006u,
    0x0000FE00u, 0x04010006u, 0x0000FE00u, 0x04010006u, 0x0000FE00u, 0x04010006u, 0x0000FE00u, 0x04010006u,
    0x0000FE00u, 0x04010006u, 0x0000FE00u, 0x04010006u, 0x0000FE00u, 0x04010006u, 0x0000FE00u, 0x04010006u,
    0x0000FE00u, 0x04010006u, 0x0000FE00u, 0x04010006u, 0x0000FE00u, 0x04010006u, 0x0000FE00u, 0x04010006u,
    0x0000FE00u, 0x04010006u, 0x0000FE00u, 0x04010006u, 0x0000FE00u, 0x04010006u, 0x0000FE00u, 0x04010006u,
    0x0000FE00u, 0x04010006u, 0x0000FE00u, 0x04010006u, 0x0000FE00u, 0x04010006u, 0x0000FE00u, 0x04010006u,
    0x0000FE00u, 0x04010006u, 0x0000FE00u, 0x04010006u, 0x0000FE00u, 0x04010006u, 0x0000FE00u, 0x04010006u,
    0x0000FE00u, 0x04010006u, 0x0000FE00u, 0x04010006u, 0x0000FE00u, 0x04010006u, 0x0000FE00u, 0x04010006u,
    0x0000FE00u, 0x04010006u, 0x0000FE00u, 0x04010006u, 0x0000FE00u, 0x04010006u, 0x0000FE00u, 0x04010006u,
    0x0000FE00u, 0x04010006u, 0x0000FE00u, 0x04010006u, 0x0000FE00u, 0x04010006u, 0x0000FE00u, 0x04010006u,
    0x0000FE00u, 0x04010006u, 0x0000FE00u, 0x04010006u, 0x0000FE00u, 0x04010006u, 0x0000FE00u, 0x04010006u,
    0x0000FE00u, 0x04010006u, 0x0000FE00u, 0x04010006u, 0x0000FE00u, 0x04010006u, 0x0000FE00u, 0x04010006u,
    0x0000FE00u, 0x04010006u, 0x0000FE00u, 0x04010006u, 0x0000FE00u, 0x04010006u, 0x0000FE00u, 0x04010006u,
    0x0000FE00u, 0x04010006u, 0x0000FE00u, 0x04010006u, 0x0000FE00u, 0x04010006u, 0x0000FE00u, 0x04010006u,
    0x0000FE00u, 0x04010006u, 0x0000FE00u, 0x04010006u, 0x0000FE00u, 0x04010006u, 0x0000FE00u, 0x04010006u,
    0x0000FE00u, 0x04010006u, 0x0000FE00u, 0x04010006u, 0x0000FE00u, 0x04010006u, 0x0000FE00u, 0x04010006u,
    0x0000FE00u, 0x04010006u, 0x0000FE00u, 0x04010006u, 0x0000FE00u, 0x04010006u, 0x0000FE00u, 0x04010006u,
    0x0000FE00u, 0x04010006u, 0x0000FE00u, 0x04010007u, 0x00000001u, 0x0401000Du, 0x7C1F0001u, 0x04010007u,
    0x00000001u, 0x04010007u, 0x00000001u, 0x04010007u, 0x00000001u, 0x04010007u, 0x00000001u, 0x04010007u,
    0x00000001u, 0x04010007u, 0x00000001u, 0x04010007u, 0x00000001u, 0x04010007u, 0x00000001u, 0x0401000Du,
    0x00030001u, 0x0401000Du, 0x03FD0001u, 0x0401000Du, 0x10010001u, 0x0401000Du, 0x13FF0001u, 0x0401000Du,
    0x0C010001u, 0x0401000Du, 0x0FFF0001u, 0x0401000Cu, 0x00020001u, 0x0401000Cu, 0x00020001u, 0x0401000Cu,
    0x03FE0001u, 0x0401000Cu, 0x03FE0001u, 0x0401000Cu, 0x08010001u, 0x0401000Cu, 0x08010001u, 0x0401000Cu,
    0x0BFF0001u, 0x0401000Cu, 0x0BFF0001u, 0x0401000Bu, 0x04010001u, 0x0401000Bu, 0x04010001u, 0x0401000Bu,
    0x04010001u, 0x0401000Bu, 0x04010001u, 0x0401000Bu, 0x07FF0001u, 0x0401000Bu, 0x07FF0001u, 0x0401000Bu,
    0x07FF0001u, 0x0401000Bu, 0x07FF0001u, 0x04010009u, 0xFE000001u, 0x04010009u, 0xFE000001u, 0x04010009u,
    0xFE000001u, 0x04010009u, 0xFE000001u, 0x04010009u, 0xFE000001u, 0x04010009u, 0xFE000001u, 0x04010009u,
    0xFE000001u, 0x04010009u, 0xFE000001u, 0x04010009u, 0xFE000001u, 0x04010009u, 0xFE000001u, 0x04010009u,
    0xFE000001u, 0x04010009u, 0xFE000001u, 0x04010009u, 0xFE000001u, 0x04010009u, 0xFE000001u, 0x04010009u,
    0xFE000001u, 0x04010009u, 0xFE000001u, 0x0401000Au, 0x00010001u, 0x0401000Au, 0x00010001u, 0x0401000Au,
    0x00010001u, 0x0401000Au, 0x00010001u, 0x0401000Au, 0x00010001u, 0x0401000Au, 0x00010001u, 0x0401000Au,
    0x00010001u, 0x0401000Au, 0x00010001u, 0x0401000Au, 0x03FF0001u, 0x0401000Au, 0x03FF0001u, 0x0401000Au,
    0x03FF0001u, 0x0401000Au, 0x03FF0001u, 0x0401000Au, 0x03FF0001u, 0x0401000Au, 0x03FF0001u, 0x0401000Au,
    0x03FF0001u, 0x0401000Au, 0x03FF0001u, 0x04010007u, 0x000003FFu, 0x0401000Du, 0x7C1F03FFu, 0x04010007u,
    0x000003FFu, 0x04010007u, 0x000003FFu, 0x04010007u, 0x000003FFu, 0x04010007u, 0x000003FFu, 0x04010007u,
    0x000003FFu, 0x04010007u, 0x000003FFu, 0x04010007u, 0x000003FFu, 0x04010007u, 0x000003FFu, 0x0401000Du,
    0x000303FFu, 0x0401000Du, 0x03FD03FFu, 0x0401000Du, 0x100103FFu, 0x0401000Du, 0x13FF03FFu, 0x0401000Du,
    0x0C0103FFu, 0x0401000Du, 0x0FFF03FFu, 0x0401000Cu, 0x000203FFu, 0x0401000Cu, 0x000203FFu, 0x0401000Cu,
    0x03FE03FFu, 0x0401000Cu, 0x03FE03FFu, 0x0401000Cu, 0x080103FFu, 0x0401000Cu, 0x080103FFu, 0x0401000Cu,
    0x0BFF03FFu, 0x0401000Cu, 0x0BFF03FFu, 0x0401000Bu, 0x040103FFu, 0x0401000Bu, 0x040103FFu, 0x0401000Bu,
    0x040103FFu, 0x0401000Bu, 0x040103FFu, 0x0401000Bu, 0x07FF03FFu, 0x0401000Bu, 0x07FF03FFu, 0x0401000Bu,
    0x07FF03FFu, 0x0401000Bu, 0x07FF03FFu, 0x04010009u, 0xFE0003FFu, 0x04010009u, 0xFE0003FFu, 0x04010009u,
    0xFE0003FFu, 0x04010009u, 0xFE0003FFu, 0x04010009u, 0xFE0003FFu, 0x04010009u, 0xFE0003FFu, 0x04010009u,
    0xFE0003FFu, 0x04010009u, 0xFE0003FFu, 0x04010009u, 0xFE0003FFu, 0x04010009u, 0xFE0003FFu, 0x04010009u,
    0xFE0003FFu, 0x04010009u, 0xFE0003FFu, 0x04010009u, 0xFE0003FFu, 0x04010009u, 0xFE0003FFu, 0x04010009u,
    0xFE0003FFu, 0x04010009u, 0xFE0003FFu, 0x0401000Au, 0x000103FFu, 0x0401000Au, 0x000103FFu, 0x0401000Au,
    0x000103FFu, 0x0401000Au, 0x000103FFu, 0x0401000Au, 0x000103FFu, 0x0401000Au, 0x000103FFu, 0x0401000Au,
    0x000103FFu, 0x0401000Au, 0x000103FFu, 0x0401000Au, 0x03FF03FFu, 0x0401000Au, 0x03FF03FFu, 0x0401000Au,
    0x03FF03FFu, 0x0401000Au, 0x03FF03FFu, 0x0401000Au, 0x03FF03FFu, 0x0401000Au, 0x03FF03FFu, 0x0401000Au,
    0x03FF03FFu, 0x0401000Au, 0x03FF03FFu, 0x07FF0004u, 0x07FF0004u, 0x07FF0004u, 0x07FF0004u, 0x07FF0004u,
    0x07FF0004u, 0x07FF0004u, 0x07FF0004u, 0x07FF000Au, 0x00007C1Fu, 0x07FF000Au, 0x00007C1Fu, 0x07FF000Au,
    0x00007C1Fu, 0x07FF000Au, 0x00007C1Fu, 0x07FF000Au, 0x00007C1Fu, 0x07FF000Au, 0x00007C1Fu, 0x07FF000Au,
    0x00007C1Fu, 0x07FF000Au, 0x00007C1Fu, 0x07FF000Cu, 0x00000802u, 0x07FF000Cu, 0x00000802u, 0x07FF000Cu,
    0x00000BFEu, 0x07FF000Cu, 0x00000BFEu, 0x07FF000Cu, 0x00002401u, 0x07FF000Cu, 0x00002401u, 0x07FF000Cu,
    0x000027FFu, 0x07FF000Cu, 0x000027FFu, 0x07FF000Cu, 0x00000004u, 0x07FF000Cu, 0x00000004u, 0x07FF000Cu,
    0x000003FCu, 0x07FF000Cu, 0x000003FCu, 0x07FF000Cu, 0x00002001u, 0x07FF000Cu, 0x00002001u, 0x07FF000Cu,
    0x000023FFu, 0x07FF000Cu, 0x000023FFu, 0x07FF000Bu, 0x00001C01u, 0x07FF000Bu, 0x00001C01u, 0x07FF000Du,
    0xFE001C01u, 0x07FF000Bu, 0x00001C01u, 0x07FF000Bu, 0x00001FFFu, 0x07FF000Bu, 0x00001FFFu, 0x07FF000Du,
    0xFE001FFFu, 0x07FF000Bu, 0x00001FFFu, 0x07FF000Bu, 0x00001801u, 0x07FF000Bu, 0x00001801u, 0x07FF000Du,
    0xFE001801u, 0x07FF000Bu, 0x00001801u, 0x07FF000Bu, 0x00001BFFu, 0x07FF000Bu, 0x00001BFFu, 0x07FF000Du,
    0xFE001BFFu, 0x07FF000Bu, 0x00001BFFu, 0x07FF000Bu, 0x00000402u, 0x07FF000Bu, 0x00000402u, 0x07FF000Du,
    0xFE000402u, 0x07FF000Bu, 0x00000402u, 0x07FF000Bu, 0x000007FEu, 0x07FF000Bu, 0x000007FEu, 0x07FF000Du,
    0xFE0007FEu, 0x07FF000Bu, 0x000007FEu, 0x07FF000Bu, 0x00001401u, 0x07FF000Bu, 0x00001401u, 0x07FF000Du,
    0xFE001401u, 0x07FF000Bu, 0x00001401u, 0x07FF000Bu, 0x000017FFu, 0x07FF000Bu, 0x000017FFu, 0x07FF000Du,
    0xFE0017FFu, 0x07FF000Bu, 0x000017FFu, 0x07FF000Du, 0x00003401u, 0x07FF000Du, 0x000037FFu, 0x07FF000Du,
    0x00000006u, 0x07FF000Du, 0x000003FAu, 0x07FF000Du, 0x00003001u, 0x07FF000Du, 0x000033FFu, 0x07FF000Du,
    0x00002C01u, 0x07FF000Du, 0x00002FFFu, 0x07FF000Du, 0x00000C02u, 0x07FF000Du, 0x00000FFEu, 0x07FF000Du,
    0x00000403u, 0x07FF000Du, 0x000007FDu, 0x07FF000Du, 0x00000005u, 0x07FF000Du, 0x000003FBu, 0x07FF000Du,
    0x00002801u, 0x07FF000Du, 0x00002BFFu, 0x07FF000Au, 0x00000003u, 0x07FF000Au, 0x00000003u, 0x07FF000Au,
    0x00000003u, 0x07FF000Au, 0x00000003u, 0x07FF000Cu, 0xFE000003u, 0x07FF000Cu, 0xFE000003u, 0x07FF000Du,
    0x00010003u, 0x07FF000Du, 0x03FF0003u, 0x07FF000Au, 0x000003FDu, 0x07FF000Au, 0x000003FDu, 0x07FF000Au,
    0x000003FDu, 0x07FF000Au, 0x000003FDu, 0x07FF000Cu, 0xFE0003FDu, 0x07FF000Cu, 0xFE0003FDu, 0x07FF000Du,
    0x000103FDu, 0x07FF000Du, 0x03FF03FDu, 0x07FF000Au, 0x00001001u, 0x07FF000Au, 0x00001001u, 0x07FF000Au,
    0x00001001u, 0x07FF000Au, 0x00001001u, 0x07FF000Cu, 0xFE001001u, 0x07FF000Cu, 0xFE001001u, 0x07FF000Du,
    0x00011001u, 0x07FF000Du, 0x03FF1001u, 0x07FF000Au, 0x000013FFu, 0x07FF000Au, 0x000013FFu, 0x07FF000Au,
    0x000013FFu, 0x07FF000Au, 0x000013FFu, 0x07FF000Cu, 0xFE0013FFu, 0x07FF000Cu, 0xFE0013FFu, 0x07FF000Du,
    0x000113FFu, 0x07FF000Du, 0x03FF13FFu, 0x07FF000Au, 0x00000C01u, 0x07FF000Au, 0x00000C01u, 0x07FF000Au,
    0x00000C01u, 0x07FF000Au, 0x00000C01u, 0x07FF000Cu, 0xFE000C01u, 0x07FF000Cu, 0xFE000C01u, 0x07FF000Du,
    0x00010C01u, 0x07FF000Du, 0x03FF0C01u, 0x07FF000Au, 0x00000FFFu, 0x07FF000Au, 0x00000FFFu, 0x07FF000Au,
    0x00000FFFu, 0x07FF000Au, 0x00000FFFu, 0x07FF000Cu, 0xFE000FFFu, 0x07FF000Cu, 0xFE000FFFu, 0x07FF000Du,
    0x00010FFFu, 0x07FF000Du, 0x03FF0FFFu, 0x07FF0009u, 0x00000002u, 0x07FF0009u, 0x00000002u, 0x07FF0009u,
    0x00000002u, 0x07FF0009u, 0x00000002u, 0x07FF0009u, 0x00000002u, 0x07FF0009u, 0x00000002u, 0x07FF000Du,
    0x04010002u, 0x07FF000Du, 0x07FF0002u, 0x07FF000Bu, 0xFE000002u, 0x07FF000Bu, 0xFE000002u, 0x07FF000Bu,
    0xFE000002u, 0x07FF000Bu, 0xFE000002u, 0x07FF000Cu, 0x00010002u, 0x07FF000Cu, 0x00010002u, 0x07FF000Cu,
    0x03FF0002u, 0x07FF000Cu, 0x03FF0002u, 0x07FF0009u, 0x000003FEu, 0x07FF0009u, 0x000003FEu, 0x07FF0009u,
    0x000003FEu, 0x07FF0009u, 0x000003FEu, 0x07FF0009u, 0x000003FEu, 0x07FF0009u, 0x000003FEu, 0x07FF000Du,
    0x040103FEu, 0x07FF000Du, 0x07FF03FEu, 0x07FF000Bu, 0xFE0003FEu, 0x07FF000Bu, 0xFE0003FEu, 0x07FF000Bu,
    0xFE0003FEu, 0x07FF000Bu, 0xFE0003FEu, 0x07FF000Cu, 0x000103FEu, 0x07FF000Cu, 0x000103FEu, 0x07FF000Cu,
    0x03FF03FEu, 0x07FF000Cu, 0x03FF03FEu, 0x07FF0009u, 0x00000801u, 0x07FF0009u, 0x00000801u, 0x07FF0009u,
    0x00000801u, 0x07FF0009u, 0x00000801u, 0x07FF0009u, 0x00000801u, 0x07FF0009u, 0x00000801u, 0x07FF000Du,
    0x04010801u, 0x07FF000Du, 0x07FF0801u, 0x07FF000Bu, 0xFE000801u, 0x07FF000Bu, 0xFE000801u, 0x07FF000Bu,
    0xFE000801u, 0x07FF000Bu, 0xFE000801u, 0x07FF000Cu, 0x00010801u, 0x07FF000Cu, 0x00010801u, 0x07FF000Cu,
    0x03FF0801u, 0x07FF000Cu, 0x03FF0801u, 0x07FF0009u, 0x00000BFFu, 0x07FF0009u, 0x00000BFFu, 0x07FF0009u,
    0x00000BFFu, 0x07FF0009u, 0x00000BFFu, 0x07FF0009u, 0x00000BFFu, 0x07FF0009u, 0x00000BFFu, 0x07FF000Du,
    0x04010BFFu, 0x07FF000Du, 0x07FF0BFFu, 0x07FF000Bu, 0xFE000BFFu, 0x07FF000Bu, 0xFE000BFFu, 0x07FF000Bu,
    0xFE000BFFu, 0x07FF000Bu, 0xFE000BFFu, 0x07FF000Cu, 0x00010BFFu, 0x07FF000Cu, 0x00010BFFu, 0x07FF000Cu,
    0x03FF0BFFu, 0x07FF000Cu, 0x03FF0BFFu, 0x07FF0008u, 0x00000401u, 0x07FF0008u, 0x00000401u, 0x07FF0008u,
    0x00000401u, 0x07FF0008u, 0x00000401u, 0x07FF0008u, 0x00000401u, 0x07FF0008u, 0x00000401u, 0x07FF0008u,
    0x00000401u, 0x07FF0008u, 0x00000401u, 0x07FF000Du, 0x00020401u, 0x07FF000Du, 0x03FE0401u, 0x07FF000Du,
    0x08010401u, 0x07FF000Du, 0x0BFF0401u, 0x07FF000Cu, 0x04010401u, 0x07FF000Cu, 0x04010401u, 0x07FF000Cu,
    0x07FF0401u, 0x07FF000Cu, 0x07FF0401u, 0x07FF000Au, 0xFE000401u, 0x07FF000Au, 0xFE000401u, 0x07FF000Au,
    0xFE000401u, 0x07FF000Au, 0xFE000401u, 0x07FF000Au, 0xFE000401u, 0x07FF000Au, 0xFE000401u, 0x07FF000Au,
    0xFE000401u, 0x07FF000Au, 0xFE000401u, 0x07FF000Bu, 0x00010401u, 0x07FF000Bu, 0x00010401u, 0x07FF000Bu,
    0x00010401u, 0x07FF000Bu, 0x00010401u, 0x07FF000Bu, 0x03FF0401u, 0x07FF000Bu, 0x03FF0401u, 0x07FF000Bu,
    0x03FF0401u, 0x07FF000Bu, 0x03FF0401u, 0x07FF0008u, 0x000007FFu, 0x07FF0008u, 0x000007FFu, 0x07FF0008u,
    0x000007FFu, 0x07FF0008u, 0x000007FFu, 0x07FF0008u, 0x000007FFu, 0x07FF0008u, 0x000007FFu, 0x07FF0008u,
    0x000007FFu, 0x07FF0008u, 0x000007FFu, 0x07FF000Du, 0x000207FFu, 0x07FF000Du, 0x03FE07FFu, 0x07FF000Du,
    0x080107FFu, 0x07FF000Du, 0x0BFF07FFu, 0x07FF000Cu, 0x040107FFu, 0x07FF000Cu, 0x040107FFu, 0x07FF000Cu,
    0x07FF07FFu, 0x07FF000Cu, 0x07FF07FFu, 0x07FF000Au, 0xFE0007FFu, 0x07FF000Au, 0xFE0007FFu, 0x07FF000Au,
    0xFE0007FFu, 0x07FF000Au, 0xFE0007FFu, 0x07FF000Au, 0xFE0007FFu, 0x07FF000Au, 0xFE0007FFu, 0x07FF000Au,
    0xFE0007FFu, 0x07FF000Au, 0xFE0007FFu, 0x07FF000Bu, 0x000107FFu, 0x07FF000Bu, 0x000107FFu, 0x07FF000Bu,
    0x000107FFu, 0x07FF000Bu, 0x000107FFu, 0x07FF000Bu, 0x03FF07FFu, 0x07FF000Bu, 0x03FF07FFu, 0x07FF000Bu,
    0x03FF07FFu, 0x07FF000Bu, 0x03FF07FFu, 0x07FF0006u, 0x0000FE00u, 0x07FF0006u, 0x0000FE00u, 0x07FF0006u,
    0x0000FE00u, 0x07FF0006u, 0x0000FE00u, 0x07FF0006u, 0x0000FE00u, 0x07FF0006u, 0x0000FE00u, 0x07FF0006u,
    0x0000FE00u, 0x07FF0006u, 0x0000FE00u, 0x07FF0006u, 0x0000FE00u, 0x07FF0006u, 0x0000FE00u, 0x07FF0006u,
    0x0000FE00u, 0x07FF0006u, 0x0000FE00u, 0x07FF0006u, 0x0000FE00u, 0x07FF0006u, 0x0000FE00u, 0x07FF0006u,
    0x0000FE00u, 0x07FF0006u, 0x0000FE00u, 0x07FF0006u, 0x0000FE00u, 0x07FF0006u, 0x0000FE00u, 0x07FF0006u,
    0x0000FE00u, 0x07FF0006u, 0x0000FE00u, 0x07FF0006u, 0x0000FE00u, 0x07FF0006u, 0x0000FE00u, 0x07FF0006u,
    0x0000FE00u, 0x07FF0006u, 0x0000FE00u, 0x07FF0006u, 0x0000FE00u, 0x07FF0006u, 0x0000FE00u, 0x07FF0006u,
    0x0000FE00u, 0x07FF0006u, 0x0000FE00u, 0x07FF0006u, 0x0000FE00u, 0x07FF0006u, 0x0000FE00u, 0x07FF0006u,
    0x0000FE00u, 0x07FF0006u, 0x0000FE00u, 0x07FF0006u, 0x0000FE00u, 0x07FF0006u, 0x0000FE00u, 0x07FF0006u,
    0x0000FE00u, 0x07FF0006u, 0x0000FE00u, 0x07FF0006u, 0x0000FE00u, 0x07FF0006u, 0x0000FE00u, 0x07FF0006u,
    0x0000FE00u, 0x07FF0006u, 0x0000FE00u, 0x07FF0006u, 0x0000FE00u, 0x07FF0006u, 0x0000FE00u, 0x07FF0006u,
    0x0000FE00u, 0x07FF0006u, 0x0000FE00u, 0x07FF0006u, 0x0000FE00u, 0x07FF0006u, 0x0000FE00u, 0x07FF0006u,
    0x0000FE00u, 0x07FF0006u, 0x0000FE00u, 0x07FF0006u, 0x0000FE00u, 0x07FF0006u, 0x0000FE00u, 0x07FF0006u,
    0x0000FE00u, 0x07FF0006u, 0x0000FE00u, 0x07FF0006u, 0x0000FE00u, 0x07FF0006u, 0x0000FE00u, 0x07FF0006u,
    0x0000FE00u, 0x07FF0006u, 0x0000FE00u, 0x07FF0006u, 0x0000FE00u, 0x07FF0006u, 0x0000FE00u, 0x07FF0006u,
    0x0000FE00u, 0x07FF0006u, 0x0000FE00u, 0x07FF0006u, 0x0000FE00u, 0x07FF0006u, 0x0000FE00u, 0x07FF0006u,
    0x0000FE00u, 0x07FF0006u, 0x0000FE00u, 0x07FF0006u, 0x0000FE00u, 0x07FF0006u, 0x0000FE00u, 0x07FF0006u,
    0x0000FE00u, 0x07FF0006u, 0x0000FE00u, 0x07FF0006u, 0x0000FE00u, 0x07FF0006u, 0x0000FE00u, 0x07FF0006u,
    0x0000FE00u, 0x07FF0006u, 0x0000FE00u, 0x07FF0006u, 0x0000FE00u, 0x07FF0006u, 0x0000FE00u, 0x07FF0006u,
    0x0000FE00u, 0x07FF0006u, 0x0000FE00u, 0x07FF0006u, 0x0000FE00u, 0x07FF0006u, 0x0000FE00u, 0x07FF0006u,
    0x0000FE00u, 0x07FF0006u, 0x0000FE00u, 0x07FF0006u, 0x0000FE00u, 0x07FF0006u, 0x0000FE00u, 0x07FF0006u,
    0x0000FE00u, 0x07FF0006u, 0x0000FE00u, 0x07FF0006u, 0x0000FE00u, 0x07FF0006u, 0x0000FE00u, 0x07FF0006u,
    0x0000FE00u, 0x07FF0006u, 0x0000FE00u, 0x07FF0006u, 0x0000FE00u, 0x07FF0006u, 0x0000FE00u, 0x07FF0006u,
    0x0000FE00u, 0x07FF0006u, 0x0000FE00u, 0x07FF0006u, 0x0000FE00u, 0x07FF0006u, 0x0000FE00u, 0x07FF0006u,
    0x0000FE00u, 0x07FF0006u, 0x0000FE00u, 0x07FF0006u, 0x0000FE00u, 0x07FF0006u, 0x0000FE00u, 0x07FF0006u,
    0x0000FE00u, 0x07FF0006u, 0x0000FE00u, 0x07FF0006u, 0x0000FE00u, 0x07FF0006u, 0x0000FE00u, 0x07FF0006u,
    0x0000FE00u, 0x07FF0006u, 0x0000FE00u, 0x07FF0006u, 0x0000FE00u, 0x07FF0006u, 0x0000FE00u, 0x07FF0006u,
    0x0000FE00u, 0x07FF0006u, 0x0000FE00u, 0x07FF0006u, 0x0000FE00u, 0x07FF0006u, 0x0000FE00u, 0x07FF0006u,
    0x0000FE00u, 0x07FF0006u, 0x0000FE00u, 0x07FF0006u, 0x0000FE00u, 0x07FF0006u, 0x0000FE00u, 0x07FF0006u,
    0x0000FE00u, 0x07FF0006u, 0x0000FE00u, 0x07FF0006u, 0x0000FE00u, 0x07FF0006u, 0x0000FE00u, 0x07FF0006u,
    0x0000FE00u, 0x07FF0006u, 0x0000FE00u, 0x07FF0006u, 0x0000FE00u, 0x07FF0006u, 0x0000FE00u, 0x07FF0006u,
    0x0000FE00u, 0x07FF0006u, 0x0000FE00u, 0x07FF0006u, 0x0000FE00u, 0x07FF0006u, 0x0000FE00u, 0x07FF0006u,
    0x0000FE00u, 0x07FF0006u, 0x0000FE00u, 0x07FF0007u, 0x00000001u, 0x07FF000Du, 0x7C1F0001u, 0x07FF0007u,
    0x00000001u, 0x07FF0007u, 0x00000001u, 0x07FF0007u, 0x00000001u, 0x07FF0007u, 0x00000001u, 0x07FF0007u,
    0x00000001u, 0x07FF0007u, 0x00000001u, 0x07FF0007u, 0x00000001u, 0x07FF0007u, 0x00000001u, 0x07FF000Du,
    0x00030001u, 0x07FF000Du, 0x03FD0001u, 0x07FF000Du, 0x10010001u, 0x07FF000Du, 0x13FF0001u, 0x07FF000Du,
    0x0C010001u, 0x07FF000Du, 0x0FFF0001u, 0x07FF000Cu, 0x00020001u, 0x07FF000Cu, 0x00020001u, 0x07FF000Cu,
    0x03FE0001u, 0x07FF000Cu, 0x03FE0001u, 0x07FF000Cu, 0x08010001u, 0x07FF000Cu, 0x08010001u, 0x07FF000Cu,
    0x0BFF0001u, 0x07FF000Cu, 0x0BFF0001u, 0x07FF000Bu, 0x04010001u, 0x07FF000Bu, 0x04010001u, 0x07FF000Bu,
    0x04010001u, 0x07FF000Bu, 0x04010001u, 0x07FF000Bu, 0x07FF0001u, 0x07FF000Bu, 0x07FF0001u, 0x07FF000Bu,
    0x07FF0001u, 0x07FF000Bu, 0x07FF0001u, 0x07FF0009u, 0xFE000001u, 0x07FF0009u, 0xFE000001u, 0x07FF0009u,
    0xFE000001u, 0x07FF0009u, 0xFE000001u, 0x07FF0009u, 0xFE000001u, 0x07FF0009u, 0xFE000001u, 0x07FF0009u,
    0xFE000001u, 0x07FF0009u, 0xFE000001u, 0x07FF0009u, 0xFE000001u, 0x07FF0009u, 0xFE000001u, 0x07FF0009u,
    0xFE000001u, 0x07FF0009u, 0xFE000001u, 0x07FF0009u, 0xFE000001u, 0x07FF0009u, 0xFE000001u, 0x07FF0009u,
    0xFE000001u, 0x07FF0009u, 0xFE000001u, 0x07FF000Au, 0x00010001u, 0x07FF000Au, 0x00010001u, 0x07FF000Au,
    0x00010001u, 0x07FF000Au, 0x00010001u, 0x07FF000Au, 0x00010001u, 0x07FF000Au, 0x00010001u, 0x07FF000Au,
    0x00010001u, 0x07FF000Au, 0x00010001u, 0x07FF000Au, 0x03FF0001u, 0x07FF000Au, 0x03FF0001u, 0x07FF000Au,
    0x03FF0001u, 0x07FF000Au, 0x03FF0001u, 0x07FF000Au, 0x03FF0001u, 0x07FF000Au, 0x03FF0001u, 0x07FF000Au,
    0x03FF0001u, 0x07FF000Au, 0x03FF0001u, 0x07FF0007u, 0x000003FFu, 0x07FF000Du, 0x7C1F03FFu, 0x07FF0007u,
    0x000003FFu, 0x07FF0007u, 0x000003FFu, 0x07FF0007u, 0x000003FFu, 0x07FF0007u, 0x000003FFu, 0x07FF0007u,
    0x000003FFu, 0x07FF0007u, 0x000003FFu, 0x07FF0007u, 0x000003FFu, 0x07FF0007u, 0x000003FFu, 0x07FF000Du,
    0x000303FFu, 0x07FF000Du, 0x03FD03FFu, 0x07FF000Du, 0x100103FFu, 0x07FF000Du, 0x13FF03FFu, 0x07FF000Du,
    0x0C0103FFu, 0x07FF000Du, 0x0FFF03FFu, 0x07FF000Cu, 0x000203FFu, 0x07FF000Cu, 0x000203FFu, 0x07FF000Cu,
    0x03FE03FFu, 0x07FF000Cu, 0x03FE03FFu, 0x07FF000Cu, 0x080103FFu, 0x07FF000Cu, 0x080103FFu, 0x07FF000Cu,
    0x0BFF03FFu, 0x07FF000Cu, 0x0BFF03FFu, 0x07FF000Bu, 0x040103FFu, 0x07FF000Bu, 0x040103FFu, 0x07FF000Bu,
    0x040103FFu, 0x07FF000Bu, 0x040103FFu, 0x07FF000Bu, 0x07FF03FFu, 0x07FF000Bu, 0x07FF03FFu, 0x07FF000Bu,
    0x07FF03FFu, 0x07FF000Bu, 0x07FF03FFu, 0x07FF0009u, 0xFE0003FFu, 0x07FF0009u, 0xFE0003FFu, 0x07FF0009u,
    0xFE0003FFu, 0x07FF0009u, 0xFE0003FFu, 0x07FF0009u, 0xFE0003FFu, 0x07FF0009u, 0xFE0003FFu, 0x07FF0009u,
    0xFE0003FFu, 0x07FF0009u, 0xFE0003FFu, 0x07FF0009u, 0xFE0003FFu, 0x07FF0009u, 0xFE0003FFu, 0x07FF0009u,
    0xFE0003FFu, 0x07FF0009u, 0xFE0003FFu, 0x07FF0009u, 0xFE0003FFu, 0x07FF0009u, 0xFE0003FFu, 0x07FF0009u,
    0xFE0003FFu, 0x07FF0009u, 0xFE0003FFu, 0x07FF000Au, 0x000103FFu, 0x07FF000Au, 0x000103FFu, 0x07FF000Au,
    0x000103FFu, 0x07FF000Au, 0x000103FFu, 0x07FF000Au, 0x000103FFu, 0x07FF000Au, 0x000103FFu, 0x07FF000Au,
    0x000103FFu, 0x07FF000Au, 0x000103FFu, 0x07FF000Au, 0x03FF03FFu, 0x07FF000Au, 0x03FF03FFu, 0x07FF000Au,
    0x03FF03FFu, 0x07FF000Au, 0x03FF03FFu, 0x07FF000Au, 0x03FF03FFu, 0x07FF000Au, 0x03FF03FFu, 0x07FF000Au,
    0x03FF03FFu, 0x07FF000Au, 0x03FF03FFu, 0xFE000002u, 0xFE000002u, 0xFE000002u, 0xFE000002u, 0xFE000002u,
    0xFE000002u, 0xFE000002u, 0xFE000002u, 0xFE000002u, 0xFE000002u, 0xFE000002u, 0xFE000002u, 0xFE000002u,
    0xFE000002u, 0xFE000002u, 0xFE000002u, 0xFE000002u, 0xFE000002u, 0xFE000002u, 0xFE000002u, 0xFE000002u,
    0xFE000002u, 0xFE000002u, 0xFE000002u, 0xFE000002u, 0xFE000002u, 0xFE000002u, 0xFE000002u, 0xFE000002u,
    0xFE000002u, 0xFE000002u, 0xFE000002u, 0xFE000002u, 0xFE000002u, 0xFE000002u, 0xFE000002u, 0xFE000002u,
    0xFE000002u, 0xFE000002u, 0xFE000002u, 0xFE000002u, 0xFE000002u, 0xFE000002u, 0xFE000002u, 0xFE000002u,
    0xFE000002u, 0xFE000002u, 0xFE000002u, 0xFE000002u, 0xFE000002u, 0xFE000002u, 0xFE000002u, 0xFE000002u,
    0xFE000002u, 0xFE000002u, 0xFE000002u, 0xFE000002u, 0xFE000002u, 0xFE000002u, 0xFE000002u, 0xFE000002u,
    0xFE000002u, 0xFE000002u, 0xFE000002u, 0xFE000002u, 0xFE000002u, 0xFE000002u, 0xFE000002u, 0xFE000002u,
    0xFE000002u, 0xFE000002u, 0xFE000002u, 0xFE000002u, 0xFE000002u, 0xFE000002u, 0xFE000002u, 0xFE000002u,
    0xFE000002u, 0xFE000002u, 0xFE000002u, 0xFE000002u, 0xFE000002u, 0xFE000002u, 0xFE000002u, 0xFE000002u,
    0xFE000002u, 0xFE000002u, 0xFE000002u, 0xFE000002u, 0xFE000002u, 0xFE000002u, 0xFE000002u, 0xFE000002u,
    0xFE000002u, 0xFE000002u, 0xFE000002u, 0xFE000002u, 0xFE000002u, 0xFE000002u, 0xFE000002u, 0xFE000002u,
    0xFE000002u, 0xFE000002u, 0xFE000002u, 0xFE000002u, 0xFE000002u, 0xFE000002u, 0xFE000002u, 0xFE000002u,
    0xFE000002u, 0xFE000002u, 0xFE000002u, 0xFE000002u, 0xFE000002u, 0xFE000002u, 0xFE000002u, 0xFE000002u,
    0xFE000002u, 0xFE000002u, 0xFE000002u, 0xFE000002u, 0xFE000002u, 0xFE000002u, 0xFE000002u, 0xFE000002u,
    0xFE000002u, 0xFE000002u, 0xFE000002u, 0xFE000002u, 0xFE000002u, 0xFE000002u, 0xFE000002u, 0xFE000002u,
    0xFE000002u, 0xFE000002u, 0xFE000002u, 0xFE000002u, 0xFE000002u, 0xFE000002u, 0xFE000002u, 0xFE000002u,
    0xFE000002u, 0xFE000002u, 0xFE000002u, 0xFE000002u, 0xFE000002u, 0xFE000002u, 0xFE000002u, 0xFE000002u,
    0xFE000002u, 0xFE000002u, 0xFE000002u, 0xFE000002u, 0xFE000002u, 0xFE000002u, 0xFE000002u, 0xFE000002u,
    0xFE000002u, 0xFE000002u, 0xFE000002u, 0xFE000002u, 0xFE000002u, 0xFE000002u, 0xFE000002u, 0xFE000002u,
    0xFE000002u, 0xFE000002u, 0xFE000002u, 0xFE000002u, 0xFE000002u, 0xFE000002u, 0xFE000002u, 0xFE000002u,
    0xFE000002u, 0xFE000002u, 0xFE000002u, 0xFE000002u, 0xFE000002u, 0xFE000002u, 0xFE000002u, 0xFE000002u,
    0xFE000002u, 0xFE000002u, 0xFE000002u, 0xFE000002u, 0xFE000002u, 0xFE000002u, 0xFE000002u, 0xFE000002u,
    0xFE000002u, 0xFE000002u, 0xFE000002u, 0xFE000002u, 0xFE000002u, 0xFE000002u, 0xFE000002u, 0xFE000002u,
    0xFE000002u, 0xFE000002u, 0xFE000002u, 0xFE000002u, 0xFE000002u, 0xFE000002u, 0xFE000002u, 0xFE000002u,
    0xFE000002u, 0xFE000002u, 0xFE000002u, 0xFE000002u, 0xFE000002u, 0xFE000002u, 0xFE000002u, 0xFE000002u,
    0xFE000002u, 0xFE000002u, 0xFE000002u, 0xFE000002u, 0xFE000002u, 0xFE000002u, 0xFE000002u, 0xFE000002u,
    0xFE000002u, 0xFE000002u, 0xFE000002u, 0xFE000002u, 0xFE000002u, 0xFE000002u, 0xFE000002u, 0xFE000002u,
    0xFE000002u, 0xFE000002u, 0xFE000002u, 0xFE000002u, 0xFE000002u, 0xFE000002u, 0xFE000002u, 0xFE000002u,
    0xFE000002u, 0xFE000002u, 0xFE000002u, 0xFE000002u, 0xFE000002u, 0xFE000002u, 0xFE000002u, 0xFE000002u,
    0xFE000002u, 0xFE000002u, 0xFE000002u, 0xFE000002u, 0xFE000002u, 0xFE000002u, 0xFE000002u, 0xFE000002u,
    0xFE000002u, 0xFE000002u, 0xFE000002u, 0xFE000002u, 0xFE000002u, 0xFE000002u, 0xFE000002u, 0xFE000002u,
    0xFE000002u, 0xFE000002u, 0xFE000002u, 0xFE000002u, 0xFE000002u, 0xFE000002u, 0xFE000002u, 0xFE000002u,
    0xFE000002u, 0xFE000002u, 0xFE000002u, 0xFE000002u, 0xFE000002u, 0xFE000002u, 0xFE000002u, 0xFE000002u,
    0xFE000002u, 0xFE000002u, 0xFE000002u, 0xFE000002u, 0xFE000002u, 0xFE000002u, 0xFE000002u, 0xFE000002u,
    0xFE000002u, 0xFE000002u, 0xFE000002u, 0xFE000002u, 0xFE000002u, 0xFE000002u, 0xFE000002u, 0xFE000002u,
    0xFE000002u, 0xFE000002u, 0xFE000002u, 0xFE000002u, 0xFE000002u, 0xFE000002u, 0xFE000002u, 0xFE000002u,
    0xFE000002u, 0xFE000002u, 0xFE000002u, 0xFE000002u, 0xFE000002u, 0xFE000002u, 0xFE000002u, 0xFE000002u,
    0xFE000002u, 0xFE000002u, 0xFE000002u, 0xFE000002u, 0xFE000002u, 0xFE000002u, 0xFE000002u, 0xFE000002u,
    0xFE000002u, 0xFE000002u, 0xFE000002u, 0xFE000002u, 0xFE000002u, 0xFE000002u, 0xFE000002u, 0xFE000002u,
    0xFE000002u, 0xFE000002u, 0xFE000002u, 0xFE000002u, 0xFE000002u, 0xFE000002u, 0xFE000002u, 0xFE000002u,
    0xFE000002u, 0xFE000002u, 0xFE000002u, 0xFE000002u, 0xFE000002u, 0xFE000002u, 0xFE000002u, 0xFE000002u,
    0xFE000002u, 0xFE000002u, 0xFE000002u, 0xFE000002u, 0xFE000002u, 0xFE000002u, 0xFE000002u, 0xFE000002u,
    0xFE000002u, 0xFE000002u, 0xFE000002u, 0xFE000002u, 0xFE000002u, 0xFE000002u, 0xFE000002u, 0xFE000002u,
    0xFE000002u, 0xFE000002u, 0xFE000002u, 0xFE000002u, 0xFE000002u, 0xFE000002u, 0xFE000002u, 0xFE000002u,
    0xFE000002u, 0xFE000002u, 0xFE000002u, 0xFE000002u, 0xFE000002u, 0xFE000002u, 0xFE000002u, 0xFE000002u,
    0xFE000002u, 0xFE000002u, 0xFE000002u, 0xFE000002u, 0xFE000002u, 0xFE000002u, 0xFE000002u, 0xFE000002u,
    0xFE000002u, 0xFE000002u, 0xFE000002u, 0xFE000002u, 0xFE000002u, 0xFE000002u, 0xFE000002u, 0xFE000002u,
    0xFE000002u, 0xFE000002u, 0xFE000002u, 0xFE000002u, 0xFE000002u, 0xFE000002u, 0xFE000002u, 0xFE000002u,
    0xFE000002u, 0xFE000002u, 0xFE000002u, 0xFE000002u, 0xFE000002u, 0xFE000002u, 0xFE000002u, 0xFE000002u,
    0xFE000002u, 0xFE000002u, 0xFE000002u, 0xFE000002u, 0xFE000002u, 0xFE000002u, 0xFE000002u, 0xFE000002u,
    0xFE000002u, 0xFE000002u, 0xFE000002u, 0xFE000002u, 0xFE000002u, 0xFE000002u, 0xFE000002u, 0xFE000002u,
    0xFE000002u, 0xFE000002u, 0xFE000002u, 0xFE000002u, 0xFE000002u, 0xFE000002u, 0xFE000002u, 0xFE000002u,
    0xFE000002u, 0xFE000002u, 0xFE000002u, 0xFE000002u, 0xFE000002u, 0xFE000002u, 0xFE000002u, 0xFE000002u,
    0xFE000002u, 0xFE000002u, 0xFE000002u, 0xFE000002u, 0xFE000002u, 0xFE000002u, 0xFE000002u, 0xFE000002u,
    0xFE000002u, 0xFE000002u, 0xFE000002u, 0xFE000002u, 0xFE000002u, 0xFE000002u, 0xFE000002u, 0xFE000002u,
    0xFE000002u, 0xFE000002u, 0xFE000002u, 0xFE000002u, 0xFE000002u, 0xFE000002u, 0xFE000002u, 0xFE000002u,
    0xFE000002u, 0xFE000002u, 0xFE000002u, 0xFE000002u, 0xFE000002u, 0xFE000002u, 0xFE000002u, 0xFE000002u,
    0xFE000002u, 0xFE000002u, 0xFE000002u, 0xFE000002u, 0xFE000002u, 0xFE000002u, 0xFE000002u, 0xFE000002u,
    0xFE000002u, 0xFE000002u, 0xFE000002u, 0xFE000002u, 0xFE000002u, 0xFE000002u, 0xFE000002u, 0xFE000002u,
    0xFE000002u, 0xFE000002u, 0xFE000002u, 0xFE000002u, 0xFE000002u, 0xFE000002u, 0xFE000002u, 0xFE000002u,
    0xFE000002u, 0xFE000002u, 0xFE000002u, 0xFE000002u, 0xFE000002u, 0xFE000002u, 0xFE000002u, 0xFE000002u,
    0xFE000002u, 0xFE000002u, 0xFE000002u, 0xFE000002u, 0xFE000002u, 0xFE000002u, 0xFE000002u, 0xFE000002u,
    0xFE000002u, 0xFE000002u, 0xFE000002u, 0xFE000002u, 0xFE000002u, 0xFE000002u, 0xFE000002u, 0xFE000002u,
    0xFE000002u, 0xFE000002u, 0xFE000002u, 0xFE000002u, 0xFE000002u, 0xFE000002u, 0xFE000002u, 0xFE000002u,
    0xFE000002u, 0xFE000002u, 0xFE000002u, 0xFE000002u, 0xFE000002u, 0xFE000002u, 0xFE000002u, 0xFE000002u,
    0xFE000002u, 0xFE000002u, 0xFE000002u, 0xFE000002u, 0xFE000002u, 0xFE000002u, 0xFE000002u, 0xFE000002u,
    0xFE000002u, 0xFE000002u, 0xFE000002u, 0xFE000002u, 0xFE000002u, 0xFE000002u, 0xFE000002u, 0xFE000002u,
    0xFE000002u, 0xFE000002u, 0xFE000002u, 0xFE000002u, 0xFE000002u, 0xFE000002u, 0xFE000002u, 0xFE000002u,
    0xFE000002u, 0xFE000002u, 0xFE000002u, 0xFE000002u, 0xFE000002u, 0xFE000002u, 0xFE000002u, 0xFE000002u,
    0xFE000002u, 0xFE000002u, 0xFE000002u, 0xFE000002u, 0xFE000002u, 0xFE000002u, 0xFE000002u, 0xFE000002u,
    0xFE000002u, 0xFE000002u, 0xFE000002u, 0xFE000002u, 0xFE000002u, 0xFE000002u, 0xFE000002u, 0xFE000002u,
    0xFE000002u, 0xFE000002u, 0xFE000002u, 0xFE000002u, 0xFE000002u, 0xFE000002u, 0xFE000002u, 0xFE000002u,
    0xFE000002u, 0xFE000002u, 0xFE000002u, 0xFE000002u, 0xFE000002u, 0xFE000002u, 0xFE000002u, 0xFE000002u,
    0xFE000002u, 0xFE000002u, 0xFE000002u, 0xFE000002u, 0xFE000002u, 0xFE000002u, 0xFE000002u, 0xFE000002u,
    0xFE000002u, 0xFE000002u, 0xFE000002u, 0xFE000002u, 0xFE000002u, 0xFE000002u, 0xFE000002u, 0xFE000002u,
    0xFE000002u, 0xFE000002u, 0xFE000002u, 0xFE000002u, 0xFE000002u, 0xFE000002u, 0xFE000002u, 0xFE000002u,
    0xFE000002u, 0xFE000002u, 0xFE000002u, 0xFE000002u, 0xFE000002u, 0xFE000002u, 0xFE000002u, 0xFE000002u,
    0xFE000002u, 0xFE000002u, 0xFE000002u, 0xFE000002u, 0xFE000002u, 0xFE000002u, 0xFE000002u, 0xFE000002u,
    0xFE000002u, 0xFE000002u, 0xFE000002u, 0xFE000002u, 0xFE000002u, 0xFE000002u, 0xFE000002u, 0xFE000002u,
    0xFE000002u, 0xFE000002u, 0xFE000002u, 0xFE000002u, 0xFE000002u, 0xFE000002u, 0xFE000002u, 0xFE000002u,
    0xFE000002u, 0xFE000002u, 0xFE000002u, 0xFE000002u, 0xFE000002u, 0xFE000002u, 0xFE000002u, 0xFE000002u,
    0xFE000002u, 0xFE000002u, 0xFE000002u, 0xFE000002u, 0xFE000002u, 0xFE000002u, 0xFE000002u, 0xFE000002u,
    0xFE000002u, 0xFE000002u, 0xFE000002u, 0xFE000002u, 0xFE000002u, 0xFE000002u, 0xFE000002u, 0xFE000002u,
    0xFE000002u, 0xFE000002u, 0xFE000002u, 0xFE000002u, 0xFE000002u, 0xFE000002u, 0xFE000002u, 0xFE000002u,
    0xFE000002u, 0xFE000002u, 0xFE000002u, 0xFE000002u, 0xFE000002u, 0xFE000002u, 0xFE000002u, 0xFE000002u,
    0xFE000002u, 0xFE000002u, 0xFE000002u, 0xFE000002u, 0xFE000002u, 0xFE000002u, 0xFE000002u, 0xFE000002u,
    0xFE000002u, 0xFE000002u, 0xFE000002u, 0xFE000002u, 0xFE000002u, 0xFE000002u, 0xFE000002u, 0xFE000002u,
    0xFE000002u, 0xFE000002u, 0xFE000002u, 0xFE000002u, 0xFE000002u, 0xFE000002u, 0xFE000002u, 0xFE000002u,
    0xFE000002u, 0xFE000002u, 0xFE000002u, 0xFE000002u, 0xFE000002u, 0xFE000002u, 0xFE000002u, 0xFE000002u,
    0xFE000002u, 0xFE000002u, 0xFE000002u, 0xFE000002u, 0xFE000002u, 0xFE000002u, 0xFE000002u, 0xFE000002u,
    0xFE000002u, 0xFE000002u, 0xFE000002u, 0xFE000002u, 0xFE000002u, 0xFE000002u, 0xFE000002u, 0xFE000002u,
    0xFE000002u, 0xFE000002u, 0xFE000002u, 0xFE000002u, 0xFE000002u, 0xFE000002u, 0xFE000002u, 0xFE000002u,
    0xFE000002u, 0xFE000002u, 0xFE000002u, 0xFE000002u, 0xFE000002u, 0xFE000002u, 0xFE000002u, 0xFE000002u,
    0xFE000002u, 0xFE000002u, 0xFE000002u, 0xFE000002u, 0xFE000002u, 0xFE000002u, 0xFE000002u, 0xFE000002u,
    0xFE000002u, 0xFE000002u, 0xFE000002u, 0xFE000002u, 0xFE000002u, 0xFE000002u, 0xFE000002u, 0xFE000002u,
    0xFE000002u, 0xFE000002u, 0xFE000002u, 0xFE000002u, 0xFE000002u, 0xFE000002u, 0xFE000002u, 0xFE000002u,
    0xFE000002u, 0xFE000002u, 0xFE000002u, 0xFE000002u, 0xFE000002u, 0xFE000002u, 0xFE000002u, 0xFE000002u,
    0xFE000002u, 0xFE000002u, 0xFE000002u, 0xFE000002u, 0xFE000002u, 0xFE000002u, 0xFE000002u, 0xFE000002u,
    0xFE000002u, 0xFE000002u, 0xFE000002u, 0xFE000002u, 0xFE000002u, 0xFE000002u, 0xFE000002u, 0xFE000002u,
    0xFE000002u, 0xFE000002u, 0xFE000002u, 0xFE000002u, 0xFE000002u, 0xFE000002u, 0xFE000002u, 0xFE000002u,
    0xFE000002u, 0xFE000002u, 0xFE000002u, 0xFE000002u, 0xFE000002u, 0xFE000002u, 0xFE000002u, 0xFE000002u,
    0xFE000002u, 0xFE000002u, 0xFE000002u, 0xFE000002u, 0xFE000002u, 0xFE000002u, 0xFE000002u, 0xFE000002u,
    0xFE000002u, 0xFE000002u, 0xFE000002u, 0xFE000002u, 0xFE000002u, 0xFE000002u, 0xFE000002u, 0xFE000002u,
    0xFE000002u, 0xFE000002u, 0xFE000002u, 0xFE000002u, 0xFE000002u, 0xFE000002u, 0xFE000002u, 0xFE000002u,
    0xFE000002u, 0xFE000002u, 0xFE000002u, 0xFE000002u, 0xFE000002u, 0xFE000002u, 0xFE000002u, 0xFE000002u,
    0xFE000002u, 0xFE000002u, 0xFE000002u, 0xFE000002u, 0xFE000002u, 0xFE000002u, 0xFE000002u, 0xFE000002u,
    0xFE000002u, 0xFE000002u, 0xFE000002u, 0xFE000002u, 0xFE000002u, 0xFE000002u, 0xFE000002u, 0xFE000002u,
    0xFE000002u, 0xFE000002u, 0xFE000002u, 0xFE000002u, 0xFE000002u, 0xFE000002u, 0xFE000002u, 0xFE000002u,
    0xFE000002u, 0xFE000002u, 0xFE000002u, 0xFE000002u, 0xFE000002u, 0xFE000002u, 0xFE000002u, 0xFE000002u,
    0xFE000002u, 0xFE000002u, 0xFE000002u, 0xFE000002u, 0xFE000002u, 0xFE000002u, 0xFE000002u, 0xFE000002u,
    0xFE000002u, 0xFE000002u, 0xFE000002u, 0xFE000002u, 0xFE000002u, 0xFE000002u, 0xFE000002u, 0xFE000002u,
    0xFE000002u, 0xFE000002u, 0xFE000002u, 0xFE000002u, 0xFE000002u, 0xFE000002u, 0xFE000002u, 0xFE000002u,
    0xFE000002u, 0xFE000002u, 0xFE000002u, 0xFE000002u, 0xFE000002u, 0xFE000002u, 0xFE000002u, 0xFE000002u,
    0xFE000002u, 0xFE000002u, 0xFE000002u, 0xFE000002u, 0xFE000002u, 0xFE000002u, 0xFE000002u, 0xFE000002u,
    0xFE000002u, 0xFE000002u, 0xFE000002u, 0xFE000002u, 0xFE000002u, 0xFE000002u, 0xFE000002u, 0xFE000002u,
    0xFE000002u, 0xFE000002u, 0xFE000002u, 0xFE000002u, 0xFE000002u, 0xFE000002u, 0xFE000002u, 0xFE000002u,
    0xFE000002u, 0xFE000002u, 0xFE000002u, 0xFE000002u, 0xFE000002u, 0xFE000002u, 0xFE000002u, 0xFE000002u,
    0xFE000002u, 0xFE000002u, 0xFE000002u, 0xFE000002u, 0xFE000002u, 0xFE000002u, 0xFE000002u, 0xFE000002u,
    0xFE000002u, 0xFE000002u, 0xFE000002u, 0xFE000002u, 0xFE000002u, 0xFE000002u, 0xFE000002u, 0xFE000002u,
    0xFE000002u, 0xFE000002u, 0xFE000002u, 0xFE000002u, 0xFE000002u, 0xFE000002u, 0xFE000002u, 0xFE000002u,
    0xFE000002u, 0xFE000002u, 0xFE000002u, 0xFE000002u, 0xFE000002u, 0xFE000002u, 0xFE000002u, 0xFE000002u,
    0xFE000002u, 0xFE000002u, 0xFE000002u, 0xFE000002u, 0xFE000002u, 0xFE000002u, 0xFE000002u, 0xFE000002u,
    0xFE000002u, 0xFE000002u, 0xFE000002u, 0xFE000002u, 0xFE000002u, 0xFE000002u, 0xFE000002u, 0xFE000002u,
    0xFE000002u, 0xFE000002u, 0xFE000002u, 0xFE000002u, 0xFE000002u, 0xFE000002u, 0xFE000002u, 0xFE000002u,
    0xFE000002u, 0xFE000002u, 0xFE000002u, 0xFE000002u, 0xFE000002u, 0xFE000002u, 0xFE000002u, 0xFE000002u,
    0xFE000002u, 0xFE000002u, 0xFE000002u, 0xFE000002u, 0xFE000002u, 0xFE000002u, 0xFE000002u, 0xFE000002u,
    0xFE000002u, 0xFE000002u, 0xFE000002u, 0xFE000002u, 0xFE000002u, 0xFE000002u, 0xFE000002u, 0xFE000002u,
    0xFE000002u, 0xFE000002u, 0xFE000002u, 0xFE000002u, 0xFE000002u, 0xFE000002u, 0xFE000002u, 0xFE000002u,
    0xFE000002u, 0xFE000002u, 0xFE000002u, 0xFE000002u, 0xFE000002u, 0xFE000002u, 0xFE000002u, 0xFE000002u,
    0xFE000002u, 0xFE000002u, 0xFE000002u, 0xFE000002u, 0xFE000002u, 0xFE000002u, 0xFE000002u, 0xFE000002u,
    0xFE000002u, 0xFE000002u, 0xFE000002u, 0xFE000002u, 0xFE000002u, 0xFE000002u, 0xFE000002u, 0xFE000002u,
    0xFE000002u, 0xFE000002u, 0xFE000002u, 0xFE000002u, 0xFE000002u, 0xFE000002u, 0xFE000002u, 0xFE000002u,
    0xFE000002u, 0xFE000002u, 0xFE000002u, 0xFE000002u, 0xFE000002u, 0xFE000002u, 0xFE000002u, 0xFE000002u,
    0xFE000002u, 0xFE000002u, 0xFE000002u, 0xFE000002u, 0xFE000002u, 0xFE000002u, 0xFE000002u, 0xFE000002u,
    0xFE000002u, 0xFE000002u, 0xFE000002u, 0xFE000002u, 0xFE000002u, 0xFE000002u, 0xFE000002u, 0xFE000002u,
    0xFE000002u, 0xFE000002u, 0xFE000002u, 0xFE000002u, 0xFE000002u, 0xFE000002u, 0xFE000002u, 0xFE000002u,
    0xFE000002u, 0xFE000002u, 0xFE000002u, 0xFE000002u, 0xFE000002u, 0xFE000002u, 0xFE000002u, 0xFE000002u,
    0xFE000002u, 0xFE000002u, 0xFE000002u, 0xFE000002u, 0xFE000002u, 0xFE000002u, 0xFE000002u, 0xFE000002u,
    0xFE000002u, 0xFE000002u, 0xFE000002u, 0xFE000002u, 0xFE000002u, 0xFE000002u, 0xFE000002u, 0xFE000002u,
    0xFE000002u, 0xFE000002u, 0xFE000002u, 0xFE000002u, 0xFE000002u, 0xFE000002u, 0xFE000002u, 0xFE000002u,
    0xFE000002u, 0xFE000002u, 0xFE000002u, 0xFE000002u, 0xFE000002u, 0xFE000002u, 0xFE000002u, 0xFE000002u,
    0xFE000002u, 0xFE000002u, 0xFE000002u, 0xFE000002u, 0xFE000002u, 0xFE000002u, 0xFE000002u, 0xFE000002u,
    0xFE000002u, 0xFE000002u, 0xFE000002u, 0xFE000002u, 0xFE000002u, 0xFE000002u, 0xFE000002u, 0xFE000002u,
    0xFE000002u, 0xFE000002u, 0xFE000002u, 0xFE000002u, 0xFE000002u, 0xFE000002u, 0xFE000002u, 0xFE000002u,
    0xFE000002u, 0xFE000002u, 0xFE000002u, 0xFE000002u, 0xFE000002u, 0xFE000002u, 0xFE000002u, 0xFE000002u,
    0xFE000002u, 0xFE000002u, 0xFE000002u, 0xFE000002u, 0xFE000002u, 0xFE000002u, 0xFE000002u, 0xFE000002u,
    0xFE000002u, 0xFE000002u, 0xFE000002u, 0xFE000002u, 0xFE000002u, 0xFE000002u, 0xFE000002u, 0xFE000002u,
    0xFE000002u, 0xFE000002u, 0xFE000002u, 0xFE000002u, 0xFE000002u, 0xFE000002u, 0xFE000002u, 0xFE000002u,
    0xFE000002u, 0xFE000002u, 0xFE000002u, 0xFE000002u, 0xFE000002u, 0xFE000002u, 0xFE000002u, 0xFE000002u,
    0xFE000002u, 0xFE000002u, 0xFE000002u, 0xFE000002u, 0xFE000002u, 0xFE000002u, 0xFE000002u, 0xFE000002u,
    0xFE000002u, 0xFE000002u, 0xFE000002u, 0xFE000002u, 0xFE000002u, 0xFE000002u, 0xFE000002u, 0xFE000002u,
    0xFE000002u, 0xFE000002u, 0xFE000002u, 0xFE000002u, 0xFE000002u, 0xFE000002u, 0xFE000002u, 0xFE000002u,
    0xFE000002u, 0xFE000002u, 0xFE000002u, 0xFE000002u, 0xFE000002u, 0xFE000002u, 0xFE000002u, 0xFE000002u,
    0xFE000002u, 0xFE000002u, 0xFE000002u, 0xFE000002u, 0xFE000002u, 0xFE000002u, 0xFE000002u, 0xFE000002u,
    0xFE000002u, 0xFE000002u, 0xFE000002u, 0xFE000002u, 0xFE000002u, 0xFE000002u, 0xFE000002u, 0xFE000002u,
    0xFE000002u, 0xFE000002u, 0xFE000002u, 0xFE000002u, 0xFE000002u, 0xFE000002u, 0xFE000002u, 0xFE000002u,
    0xFE000002u, 0xFE000002u, 0xFE000002u, 0xFE000002u, 0xFE000002u, 0xFE000002u, 0xFE000002u, 0xFE000002u,
    0xFE000002u, 0xFE000002u, 0xFE000002u, 0xFE000002u, 0xFE000002u, 0xFE000002u, 0xFE000002u, 0xFE000002u,
    0xFE000002u, 0xFE000002u, 0xFE000002u, 0xFE000002u, 0xFE000002u, 0xFE000002u, 0xFE000002u, 0xFE000002u,
    0xFE000002u, 0xFE000002u, 0xFE000002u, 0xFE000002u, 0xFE000002u, 0xFE000002u, 0xFE000002u, 0xFE000002u,
    0xFE000002u, 0xFE000002u, 0xFE000002u, 0xFE000002u, 0xFE000002u, 0xFE000002u, 0xFE000002u, 0xFE000002u,
    0xFE000002u, 0xFE000002u, 0xFE000002u, 0xFE000002u, 0xFE000002u, 0xFE000002u, 0xFE000002u, 0xFE000002u,
    0xFE000002u, 0xFE000002u, 0xFE000002u, 0xFE000002u, 0xFE000002u, 0xFE000002u, 0xFE000002u, 0xFE000002u,
    0xFE000002u, 0xFE000002u, 0xFE000002u, 0xFE000002u, 0xFE000002u, 0xFE000002u, 0xFE000002u, 0xFE000002u,
    0xFE000002u, 0xFE000002u, 0xFE000002u, 0xFE000002u, 0xFE000002u, 0xFE000002u, 0xFE000002u, 0xFE000002u,
    0xFE000002u, 0xFE000002u, 0xFE000002u, 0xFE000002u, 0xFE000002u, 0xFE000002u, 0xFE000002u, 0xFE000002u,
    0xFE000002u, 0xFE000002u, 0xFE000002u, 0xFE000002u, 0xFE000002u, 0xFE000002u, 0xFE000002u, 0xFE000002u,
    0xFE000002u, 0xFE000002u, 0xFE000002u, 0xFE000002u, 0xFE000002u, 0xFE000002u, 0xFE000002u, 0xFE000002u,
    0xFE000002u, 0xFE000002u, 0xFE000002u, 0xFE000002u, 0xFE000002u, 0xFE000002u, 0xFE000002u, 0xFE000002u,
    0xFE000002u, 0xFE000002u, 0xFE000002u, 0xFE000002u, 0xFE000002u, 0xFE000002u, 0xFE000002u, 0xFE000002u,
    0xFE000002u, 0xFE000002u, 0xFE000002u, 0xFE000002u, 0xFE000002u, 0xFE000002u, 0xFE000002u, 0xFE000002u,
    0xFE000002u, 0xFE000002u, 0xFE000002u, 0xFE000002u, 0xFE000002u, 0xFE000002u, 0xFE000002u, 0xFE000002u,
    0xFE000002u, 0xFE000002u, 0xFE000002u, 0xFE000002u, 0xFE000002u, 0xFE000002u, 0xFE000002u, 0xFE000002u,
    0xFE000002u, 0xFE000002u, 0xFE000002u, 0xFE000002u, 0xFE000002u, 0xFE000002u, 0xFE000002u, 0xFE000002u,
    0xFE000002u, 0xFE000002u, 0xFE000002u, 0xFE000002u, 0xFE000002u, 0xFE000002u, 0xFE000002u, 0xFE000002u,
    0xFE000002u, 0xFE000002u, 0xFE000002u, 0xFE000002u, 0xFE000002u, 0xFE000002u, 0xFE000002u, 0xFE000002u,
    0xFE000002u, 0xFE000002u, 0xFE000002u, 0xFE000002u, 0xFE000002u, 0xFE000002u, 0xFE000002u, 0xFE000002u,
    0xFE000002u, 0xFE000002u, 0xFE000002u, 0xFE000002u, 0xFE000002u, 0xFE000002u, 0xFE000002u, 0xFE000002u,
    0xFE000002u, 0xFE000002u, 0xFE000002u, 0xFE000002u, 0xFE000002u, 0xFE000002u, 0xFE000002u, 0xFE000002u,
    0xFE000002u, 0xFE000002u, 0xFE000002u, 0xFE000002u, 0xFE000002u, 0xFE000002u, 0xFE000002u, 0xFE000002u,
    0xFE000002u, 0xFE000002u, 0xFE000002u, 0xFE000002u, 0xFE000002u, 0xFE000002u, 0xFE000002u, 0xFE000002u,
    0xFE000002u, 0xFE000002u, 0xFE000002u, 0xFE000002u, 0xFE000002u, 0xFE000002u, 0xFE000002u, 0xFE000002u,
    0xFE000002u, 0xFE000002u, 0xFE000002u, 0xFE000002u, 0xFE000002u, 0xFE000002u, 0xFE000002u, 0xFE000002u,
    0xFE000002u, 0xFE000002u, 0xFE000002u, 0xFE000002u, 0xFE000002u, 0xFE000002u, 0xFE000002u, 0xFE000002u,
    0xFE000002u, 0xFE000002u, 0xFE000002u, 0xFE000002u, 0xFE000002u, 0xFE000002u, 0xFE000002u, 0xFE000002u,
    0xFE000002u, 0xFE000002u, 0xFE000002u, 0xFE000002u, 0xFE000002u, 0xFE000002u, 0xFE000002u, 0xFE000002u,
    0xFE000002u, 0xFE000002u, 0xFE000002u, 0xFE000002u, 0xFE000002u, 0xFE000002u, 0xFE000002u, 0xFE000002u,
    0xFE000002u, 0xFE000002u, 0xFE000002u, 0xFE000002u, 0xFE000002u, 0xFE000002u, 0xFE000002u, 0xFE000002u,
    0xFE000002u, 0xFE000002u, 0xFE000002u, 0xFE000002u, 0xFE000002u, 0xFE000002u, 0xFE000002u, 0xFE000002u,
    0xFE000002u, 0xFE000002u, 0xFE000002u, 0xFE000002u, 0xFE000002u, 0xFE000002u, 0xFE000002u, 0xFE000002u,
    0xFE000002u, 0xFE000002u, 0xFE000002u, 0xFE000002u, 0xFE000002u, 0xFE000002u, 0xFE000002u, 0xFE000002u,
    0xFE000002u, 0xFE000002u, 0xFE000002u, 0xFE000002u, 0xFE000002u, 0xFE000002u, 0xFE000002u, 0xFE000002u,
    0xFE000002u, 0xFE000002u, 0xFE000002u, 0xFE000002u, 0xFE000002u, 0xFE000002u, 0xFE000002u, 0xFE000002u,
    0xFE000002u, 0xFE000002u, 0xFE000002u, 0xFE000002u, 0xFE000002u, 0xFE000002u, 0xFE000002u, 0xFE000002u,
    0xFE000002u, 0xFE000002u, 0xFE000002u, 0xFE000002u, 0xFE000002u, 0xFE000002u, 0xFE000002u, 0xFE000002u,
    0xFE000002u, 0xFE000002u, 0xFE000002u, 0xFE000002u, 0xFE000002u, 0xFE000002u, 0xFE000002u, 0xFE000002u,
    0xFE000002u, 0xFE000002u, 0xFE000002u, 0xFE000002u, 0xFE000002u, 0xFE000002u, 0xFE000002u, 0xFE000002u,
    0xFE000002u, 0xFE000002u, 0xFE000002u, 0xFE000002u, 0xFE000002u, 0xFE000002u, 0xFE000002u, 0xFE000002u,
    0xFE000002u, 0xFE000002u, 0xFE000002u, 0xFE000002u, 0xFE000002u, 0xFE000002u, 0xFE000002u, 0xFE000002u,
    0xFE000002u, 0xFE000002u, 0xFE000002u, 0xFE000002u, 0xFE000002u, 0xFE000002u, 0xFE000002u, 0xFE000002u,
    0xFE000002u, 0xFE000002u, 0xFE000002u, 0xFE000002u, 0xFE000002u, 0xFE000002u, 0xFE000002u, 0xFE000002u,
    0xFE000002u, 0xFE000002u, 0xFE000002u, 0xFE000002u, 0xFE000002u, 0xFE000002u, 0xFE000002u, 0xFE000002u,
    0xFE000002u, 0xFE000002u, 0xFE000002u, 0xFE000002u, 0xFE000002u, 0xFE000002u, 0xFE000002u, 0xFE000002u,
    0xFE000002u, 0xFE000002u, 0xFE000002u, 0xFE000002u, 0xFE000002u, 0xFE000002u, 0xFE000002u, 0xFE000002u,
    0xFE000002u, 0xFE000002u, 0xFE000002u, 0xFE000002u, 0xFE000002u, 0xFE000002u, 0xFE000002u, 0xFE000002u,
    0xFE000002u, 0xFE000002u, 0xFE000002u, 0xFE000002u, 0xFE000002u, 0xFE000002u, 0xFE000002u, 0xFE000002u,
    0xFE000002u, 0xFE000002u, 0xFE000002u, 0xFE000002u, 0xFE000002u, 0xFE000002u, 0xFE000002u, 0xFE000002u,
    0xFE000002u, 0xFE000002u, 0xFE000002u, 0xFE000002u, 0xFE000002u, 0xFE000002u, 0xFE000002u, 0xFE000002u,
    0xFE000002u, 0xFE000002u, 0xFE000002u, 0xFE000002u, 0xFE000002u, 0xFE000002u, 0xFE000002u, 0xFE000002u,
    0xFE000002u, 0xFE000002u, 0xFE000002u, 0xFE000002u, 0xFE000002u, 0xFE000002u, 0xFE000002u, 0xFE000002u,
    0xFE000002u, 0xFE000002u, 0xFE000002u, 0xFE000002u, 0xFE000002u, 0xFE000002u, 0xFE000002u, 0xFE000002u,
    0xFE000002u, 0xFE000002u, 0xFE000002u, 0xFE000002u, 0xFE000002u, 0xFE000002u, 0xFE000002u, 0xFE000002u,
    0xFE000002u, 0xFE000002u, 0xFE000002u, 0xFE000002u, 0xFE000002u, 0xFE000002u, 0xFE000002u, 0xFE000002u,
    0xFE000002u, 0xFE000002u, 0xFE000002u, 0xFE000002u, 0xFE000002u, 0xFE000002u, 0xFE000002u, 0xFE000002u,
    0xFE000002u, 0xFE000002u, 0xFE000002u, 0xFE000002u, 0xFE000002u, 0xFE000002u, 0xFE000002u, 0xFE000002u,
    0xFE000002u, 0xFE000002u, 0xFE000002u, 0xFE000002u, 0xFE000002u, 0xFE000002u, 0xFE000002u, 0xFE000002u,
    0xFE000002u, 0xFE000002u, 0xFE000002u, 0xFE000002u, 0xFE000002u, 0xFE000002u, 0xFE000002u, 0xFE000002u,
    0xFE000002u, 0xFE000002u, 0xFE000002u, 0xFE000002u, 0xFE000002u, 0xFE000002u, 0xFE000002u, 0xFE000002u,
    0xFE000002u, 0xFE000002u, 0xFE000002u, 0xFE000002u, 0xFE000002u, 0xFE000002u, 0xFE000002u, 0xFE000002u,
    0xFE000002u, 0xFE000002u, 0xFE000002u, 0xFE000002u, 0xFE000002u, 0xFE000002u, 0xFE000002u, 0xFE000002u,
    0xFE000002u, 0xFE000002u, 0xFE000002u, 0xFE000002u, 0xFE000002u, 0xFE000002u, 0xFE000002u, 0xFE000002u,
    0xFE000002u, 0xFE000002u, 0xFE000002u, 0xFE000002u, 0xFE000002u, 0xFE000002u, 0xFE000002u, 0xFE000002u,
    0xFE000002u, 0xFE000002u, 0xFE000002u, 0xFE000002u, 0xFE000002u, 0xFE000002u, 0xFE000002u, 0xFE000002u,
    0xFE000002u, 0xFE000002u, 0xFE000002u, 0xFE000002u, 0xFE000002u, 0xFE000002u, 0xFE000002u, 0xFE000002u,
    0xFE000002u, 0xFE000002u, 0xFE000002u, 0xFE000002u, 0xFE000002u, 0xFE000002u, 0xFE000002u, 0xFE000002u,
    0xFE000002u, 0xFE000002u, 0xFE000002u, 0xFE000002u, 0xFE000002u, 0xFE000002u, 0xFE000002u, 0xFE000002u,
    0xFE000002u, 0xFE000002u, 0xFE000002u, 0xFE000002u, 0xFE000002u, 0xFE000002u, 0xFE000002u, 0xFE000002u,
    0xFE000002u, 0xFE000002u, 0xFE000002u, 0xFE000002u, 0xFE000002u, 0xFE000002u, 0xFE000002u, 0xFE000002u,
    0xFE000002u, 0xFE000002u, 0xFE000002u, 0xFE000002u, 0xFE000002u, 0xFE000002u, 0xFE000002u, 0xFE000002u,
    0xFE000002u, 0xFE000002u, 0xFE000002u, 0xFE000002u, 0xFE000002u, 0xFE000002u, 0xFE000002u, 0xFE000002u,
    0xFE000002u, 0xFE000002u, 0xFE000002u, 0xFE000002u, 0xFE000002u, 0xFE000002u, 0xFE000002u, 0xFE000002u,
    0xFE000002u, 0xFE000002u, 0xFE000002u, 0xFE000002u, 0xFE000002u, 0xFE000002u, 0xFE000002u, 0xFE000002u,
    0xFE000002u, 0xFE000002u, 0xFE000002u, 0xFE000002u, 0xFE000002u, 0xFE000002u, 0xFE000002u, 0xFE000002u,
    0xFE000002u, 0xFE000002u, 0xFE000002u, 0xFE000002u, 0xFE000002u, 0xFE000002u, 0xFE000002u, 0xFE000002u,
    0xFE000002u, 0xFE000002u, 0xFE000002u, 0xFE000002u, 0xFE000002u, 0xFE000002u, 0xFE000002u, 0xFE000002u,
    0xFE000002u, 0xFE000002u, 0xFE000002u, 0xFE000002u, 0xFE000002u, 0xFE000002u, 0xFE000002u, 0xFE000002u,
    0xFE000002u, 0xFE000002u, 0xFE000002u, 0xFE000002u, 0xFE000002u, 0xFE000002u, 0xFE000002u, 0xFE000002u,
    0xFE000002u, 0xFE000002u, 0xFE000002u, 0xFE000002u, 0xFE000002u, 0xFE000002u, 0xFE000002u, 0xFE000002u,
    0xFE000002u, 0xFE000002u, 0xFE000002u, 0xFE000002u, 0xFE000002u, 0xFE000002u, 0xFE000002u, 0xFE000002u,
    0xFE000002u, 0xFE000002u, 0xFE000002u, 0xFE000002u, 0xFE000002u, 0xFE000002u, 0xFE000002u, 0xFE000002u,
    0xFE000002u, 0xFE000002u, 0xFE000002u, 0xFE000002u, 0xFE000002u, 0xFE000002u, 0xFE000002u, 0xFE000002u,
    0xFE000002u, 0xFE000002u, 0xFE000002u, 0xFE000002u, 0xFE000002u, 0xFE000002u, 0xFE000002u, 0xFE000002u,
    0xFE000002u, 0xFE000002u, 0xFE000002u, 0xFE000002u, 0xFE000002u, 0xFE000002u, 0xFE000002u, 0xFE000002u,
    0xFE000002u, 0xFE000002u, 0xFE000002u, 0xFE000002u, 0xFE000002u, 0xFE000002u, 0xFE000002u, 0xFE000002u,
    0xFE000002u, 0xFE000002u, 0xFE000002u, 0xFE000002u, 0xFE000002u, 0xFE000002u, 0xFE000002u, 0xFE000002u,
    0xFE000002u, 0xFE000002u, 0xFE000002u, 0xFE000002u, 0xFE000002u, 0xFE000002u, 0xFE000002u, 0xFE000002u,
    0xFE000002u, 0xFE000002u, 0xFE000002u, 0xFE000002u, 0xFE000002u, 0xFE000002u, 0xFE000002u, 0xFE000002u,
    0xFE000002u, 0xFE000002u, 0xFE000002u, 0xFE000002u, 0xFE000002u, 0xFE000002u, 0xFE000002u, 0xFE000002u,
    0xFE000002u, 0xFE000002u, 0xFE000002u, 0xFE000002u, 0xFE000002u, 0xFE000002u, 0xFE000002u, 0xFE000002u,
    0xFE000002u, 0xFE000002u, 0xFE000002u, 0xFE000002u, 0xFE000002u, 0xFE000002u, 0xFE000002u, 0xFE000002u,
    0xFE000002u, 0xFE000002u, 0xFE000002u, 0xFE000002u, 0xFE000002u, 0xFE000002u, 0xFE000002u, 0xFE000002u,
    0xFE000002u, 0xFE000002u, 0xFE000002u, 0xFE000002u, 0xFE000002u, 0xFE000002u, 0xFE000002u, 0xFE000002u,
    0xFE000002u, 0xFE000002u, 0xFE000002u, 0xFE000002u, 0xFE000002u, 0xFE000002u, 0xFE000002u, 0xFE000002u,
    0xFE000002u, 0xFE000002u, 0xFE000002u, 0xFE000002u, 0xFE000002u, 0xFE000002u, 0xFE000002u, 0xFE000002u,
    0xFE000002u, 0xFE000002u, 0xFE000002u, 0x00010003u, 0x00010003u, 0x00010003u, 0x00010003u, 0x00010003u,
    0x00010003u, 0x00010003u, 0x00010003u, 0x00010003u, 0x00010003u, 0x00010003u, 0x00010003u, 0x00010003u,
    0x00010003u, 0x00010003u, 0x00010003u, 0x00010009u, 0x00007C1Fu, 0x00010009u, 0x00007C1Fu, 0x00010009u,
    0x00007C1Fu, 0x00010009u, 0x00007C1Fu, 0x00010009u, 0x00007C1Fu, 0x00010009u, 0x00007C1Fu, 0x00010009u,
    0x00007C1Fu, 0x00010009u, 0x00007C1Fu, 0x00010009u, 0x00007C1Fu, 0x00010009u, 0x00007C1Fu, 0x00010009u,
    0x00007C1Fu, 0x00010009u, 0x00007C1Fu, 0x00010009u, 0x00007C1Fu, 0x00010009u, 0x00007C1Fu, 0x00010009u,
    0x00007C1Fu, 0x00010009u, 0x00007C1Fu, 0x0001000Bu, 0x00000802u, 0x0001000Bu, 0x00000802u, 0x0001000Du,
    0xFE000802u, 0x0001000Bu, 0x00000802u, 0x0001000Bu, 0x00000BFEu, 0x0001000Bu, 0x00000BFEu, 0x0001000Du,
    0xFE000BFEu, 0x0001000Bu, 0x00000BFEu, 0x0001000Bu, 0x00002401u, 0x0001000Bu, 0x00002401u, 0x0001000Du,
    0xFE002401u, 0x0001000Bu, 0x00002401u, 0x0001000Bu, 0x000027FFu, 0x0001000Bu, 0x000027FFu, 0x0001000Du,
    0xFE0027FFu, 0x0001000Bu, 0x000027FFu, 0x0001000Bu, 0x00000004u, 0x0001000Bu, 0x00000004u, 0x0001000Du,
    0xFE000004u, 0x0001000Bu, 0x00000004u, 0x0001000Bu, 0x000003FCu, 0x0001000Bu, 0x000003FCu, 0x0001000Du,
    0xFE0003FCu, 0x0001000Bu, 0x000003FCu, 0x0001000Bu, 0x00002001u, 0x0001000Bu, 0x00002001u, 0x0001000Du,
    0xFE002001u, 0x0001000Bu, 0x00002001u, 0x0001000Bu, 0x000023FFu, 0x0001000Bu, 0x000023FFu, 0x0001000Du,
    0xFE0023FFu, 0x0001000Bu, 0x000023FFu, 0x0001000Au, 0x00001C01u, 0x0001000Au, 0x00001C01u, 0x0001000Au,
    0x00001C01u, 0x0001000Au, 0x00001C01u, 0x0001000Cu, 0xFE001C01u, 0x0001000Cu, 0xFE001C01u, 0x0001000Du,
    0x00011C01u, 0x0001000Du, 0x03FF1C01u, 0x0001000Au, 0x00001FFFu, 0x0001000Au, 0x00001FFFu, 0x0001000Au,
    0x00001FFFu, 0x0001000Au, 0x00001FFFu, 0x0001000Cu, 0xFE001FFFu, 0x0001000Cu, 0xFE001FFFu, 0x0001000Du,
    0x00011FFFu, 0x0001000Du, 0x03FF1FFFu, 0x0001000Au, 0x00001801u, 0x0001000Au, 0x00001801u, 0x0001000Au,
    0x00001801u, 0x0001000Au, 0x00001801u, 0x0001000Cu, 0xFE001801u, 0x0001000Cu, 0xFE001801u, 0x0001000Du,
    0x00011801u, 0x0001000Du, 0x03FF1801u, 0x0001000Au, 0x00001BFFu, 0x0001000Au, 0x00001BFFu, 0x0001000Au,
    0x00001BFFu, 0x0001000Au, 0x00001BFFu, 0x0001000Cu, 0xFE001BFFu, 0x0001000Cu, 0xFE001BFFu, 0x0001000Du,
    0x00011BFFu, 0x0001000Du, 0x03FF1BFFu, 0x0001000Au, 0x00000402u, 0x0001000Au, 0x00000402u, 0x0001000Au,
    0x00000402u, 0x0001000Au, 0x00000402u, 0x0001000Cu, 0xFE000402u, 0x0001000Cu, 0xFE000402u, 0x0001000Du,
    0x00010402u, 0x0001000Du, 0x03FF0402u, 0x0001000Au, 0x000007FEu, 0x0001000Au, 0x000007FEu, 0x0001000Au,
    0x000007FEu, 0x0001000Au, 0x000007FEu, 0x0001000Cu, 0xFE0007FEu, 0x0001000Cu, 0xFE0007FEu, 0x0001000Du,
    0x000107FEu, 0x0001000Du, 0x03FF07FEu, 0x0001000Au, 0x00001401u, 0x0001000Au, 0x00001401u, 0x0001000Au,
    0x00001401u, 0x0001000Au, 0x00001401u, 0x0001000Cu, 0xFE001401u, 0x0001000Cu, 0xFE001401u, 0x0001000Du,
    0x00011401u, 0x0001000Du, 0x03FF1401u, 0x0001000Au, 0x000017FFu, 0x0001000Au, 0x000017FFu, 0x0001000Au,
    0x000017FFu, 0x0001000Au, 0x000017FFu, 0x0001000Cu, 0xFE0017FFu, 0x0001000Cu, 0xFE0017FFu, 0x0001000Du,
    0x000117FFu, 0x0001000Du, 0x03FF17FFu, 0x0001000Cu, 0x00003401u, 0x0001000Cu, 0x00003401u, 0x0001000Cu,
    0x000037FFu, 0x0001000Cu, 0x000037FFu, 0x0001000Cu, 0x00000006u, 0x0001000Cu, 0x00000006u, 0x0001000Cu,
    0x000003FAu, 0x0001000Cu, 0x000003FAu, 0x0001000Cu, 0x00003001u, 0x0001000Cu, 0x00003001u, 0x0001000Cu,
    0x000033FFu, 0x0001000Cu, 0x000033FFu, 0x0001000Cu, 0x00002C01u, 0x0001000Cu, 0x00002C01u, 0x0001000Cu,
    0x00002FFFu, 0x0001000Cu, 0x00002FFFu, 0x0001000Cu, 0x00000C02u, 0x0001000Cu, 0x00000C02u, 0x0001000Cu,
    0x00000FFEu, 0x0001000Cu, 0x00000FFEu, 0x0001000Cu, 0x00000403u, 0x0001000Cu, 0x00000403u, 0x0001000Cu,
    0x000007FDu, 0x0001000Cu, 0x000007FDu, 0x0001000Cu, 0x00000005u, 0x0001000Cu, 0x00000005u, 0x0001000Cu,
    0x000003FBu, 0x0001000Cu, 0x000003FBu, 0x0001000Cu, 0x00002801u, 0x0001000Cu, 0x00002801u, 0x0001000Cu,
    0x00002BFFu, 0x0001000Cu, 0x00002BFFu, 0x00010009u, 0x00000003u, 0x00010009u, 0x00000003u, 0x00010009u,
    0x00000003u, 0x00010009u, 0x00000003u, 0x00010009u, 0x00000003u, 0x00010009u, 0x00000003u, 0x0001000Du,
    0x04010003u, 0x0001000Du, 0x07FF0003u, 0x0001000Bu, 0xFE000003u, 0x0001000Bu, 0xFE000003u, 0x0001000Bu,
    0xFE000003u, 0x0001000Bu, 0xFE000003u, 0x0001000Cu, 0x00010003u, 0x0001000Cu, 0x00010003u, 0x0001000Cu,
    0x03FF0003u, 0x0001000Cu, 0x03FF0003u, 0x00010009u, 0x000003FDu, 0x00010009u, 0x000003FDu, 0x00010009u,
    0x000003FDu, 0x00010009u, 0x000003FDu, 0x00010009u, 0x000003FDu, 0x00010009u, 0x000003FDu, 0x0001000Du,
    0x040103FDu, 0x0001000Du, 0x07FF03FDu, 0x0001000Bu, 0xFE0003FDu, 0x0001000Bu, 0xFE0003FDu, 0x0001000Bu,
    0xFE0003FDu, 0x0001000Bu, 0xFE0003FDu, 0x0001000Cu, 0x000103FDu, 0x0001000Cu, 0x000103FDu, 0x0001000Cu,
    0x03FF03FDu, 0x0001000Cu, 0x03FF03FDu, 0x00010009u, 0x00001001u, 0x00010009u, 0x00001001u, 0x00010009u,
    0x00001001u, 0x00010009u, 0x00001001u, 0x00010009u, 0x00001001u, 0x00010009u, 0x00001001u, 0x0001000Du,
    0x04011001u, 0x0001000Du, 0x07FF1001u, 0x0001000Bu, 0xFE001001u, 0x0001000Bu, 0xFE001001u, 0x0001000Bu,
    0xFE001001u, 0x0001000Bu, 0xFE001001u, 0x0001000Cu, 0x00011001u, 0x0001000Cu, 0x00011001u, 0x0001000Cu,
    0x03FF1001u, 0x0001000Cu, 0x03FF1001u, 0x00010009u, 0x000013FFu, 0x00010009u, 0x000013FFu, 0x00010009u,
    0x000013FFu, 0x00010009u, 0x000013FFu, 0x00010009u, 0x000013FFu, 0x00010009u, 0x000013FFu, 0x0001000Du,
    0x040113FFu, 0x0001000Du, 0x07FF13FFu, 0x0001000Bu, 0xFE0013FFu, 0x0001000Bu, 0xFE0013FFu, 0x0001000Bu,
    0xFE0013FFu, 0x0001000Bu, 0xFE0013FFu, 0x0001000Cu, 0x000113FFu, 0x0001000Cu, 0x000113FFu, 0x0001000Cu,
    0x03FF13FFu, 0x0001000Cu, 0x03FF13FFu, 0x00010009u, 0x00000C01u, 0x00010009u, 0x00000C01u, 0x00010009u,
    0x00000C01u, 0x00010009u, 0x00000C01u, 0x00010009u, 0x00000C01u, 0x00010009u, 0x00000C01u, 0x0001000Du,
    0x04010C01u, 0x0001000Du, 0x07FF0C01u, 0x0001000Bu, 0xFE000C01u, 0x0001000Bu, 0xFE000C01u, 0x0001000Bu,
    0xFE000C01u, 0x0001000Bu, 0xFE000C01u, 0x0001000Cu, 0x00010C01u, 0x0001000Cu, 0x00010C01u, 0x0001000Cu,
    0x03FF0C01u, 0x0001000Cu, 0x03FF0C01u, 0x00010009u, 0x00000FFFu, 0x00010009u, 0x00000FFFu, 0x00010009u,
    0x00000FFFu, 0x00010009u, 0x00000FFFu, 0x00010009u, 0x00000FFFu, 0x00010009u, 0x00000FFFu, 0x0001000Du,
    0x04010FFFu, 0x0001000Du, 0x07FF0FFFu, 0x0001000Bu, 0xFE000FFFu, 0x0001000Bu, 0xFE000FFFu, 0x0001000Bu,
    0xFE000FFFu, 0x0001000Bu, 0xFE000FFFu, 0x0001000Cu, 0x00010FFFu, 0x0001000Cu, 0x00010FFFu, 0x0001000Cu,
    0x03FF0FFFu, 0x0001000Cu, 0x03FF0FFFu, 0x00010008u, 0x00000002u, 0x00010008u, 0x00000002u, 0x00010008u,
    0x00000002u, 0x00010008u, 0x00000002u, 0x00010008u, 0x00000002u, 0x00010008u, 0x00000002u, 0x00010008u,
    0x00000002u, 0x00010008u, 0x00000002u, 0x0001000Du, 0x00020002u, 0x0001000Du, 0x03FE0002u, 0x0001000Du,
    0x08010002u, 0x0001000Du, 0x0BFF0002u, 0x0001000Cu, 0x04010002u, 0x0001000Cu, 0x04010002u, 0x0001000Cu,
    0x07FF0002u, 0x0001000Cu, 0x07FF0002u, 0x0001000Au, 0xFE000002u, 0x0001000Au, 0xFE000002u, 0x0001000Au,
    0xFE000002u, 0x0001000Au, 0xFE000002u, 0x0001000Au, 0xFE000002u, 0x0001000Au, 0xFE000002u, 0x0001000Au,
    0xFE000002u, 0x0001000Au, 0xFE000002u, 0x0001000Bu, 0x00010002u, 0x0001000Bu, 0x00010002u, 0x0001000Bu,
    0x00010002u, 0x0001000Bu, 0x00010002u, 0x0001000Bu, 0x03FF0002u, 0x0001000Bu, 0x03FF0002u, 0x0001000Bu,
    0x03FF0002u, 0x0001000Bu, 0x03FF0002u, 0x00010008u, 0x000003FEu, 0x00010008u, 0x000003FEu, 0x00010008u,
    0x000003FEu, 0x00010008u, 0x000003FEu, 0x00010008u, 0x000003FEu, 0x00010008u, 0x000003FEu, 0x00010008u,
    0x000003FEu, 0x00010008u, 0x000003FEu, 0x0001000Du, 0x000203FEu, 0x0001000Du, 0x03FE03FEu, 0x0001000Du,
    0x080103FEu, 0x0001000Du, 0x0BFF03FEu, 0x0001000Cu, 0x040103FEu, 0x0001000Cu, 0x040103FEu, 0x0001000Cu,
    0x07FF03FEu, 0x0001000Cu, 0x07FF03FEu, 0x0001000Au, 0xFE0003FEu, 0x0001000Au, 0xFE0003FEu, 0x0001000Au,
    0xFE0003FEu, 0x0001000Au, 0xFE0003FEu, 0x0001000Au, 0xFE0003FEu, 0x0001000Au, 0xFE0003FEu, 0x0001000Au,
    0xFE0003FEu, 0x0001000Au, 0xFE0003FEu, 0x0001000Bu, 0x000103FEu, 0x0001000Bu, 0x000103FEu, 0x0001000Bu,
    0x000103FEu, 0x0001000Bu, 0x000103FEu, 0x0001000Bu, 0x03FF03FEu, 0x0001000Bu, 0x03FF03FEu, 0x0001000Bu,
    0x03FF03FEu, 0x0001000Bu, 0x03FF03FEu, 0x00010008u, 0x00000801u, 0x00010008u, 0x00000801u, 0x00010008u,
    0x00000801u, 0x00010008u, 0x00000801u, 0x00010008u, 0x00000801u, 0x00010008u, 0x00000801u, 0x00010008u,
    0x00000801u, 0x00010008u, 0x00000801u, 0x0001000Du, 0x00020801u, 0x0001000Du, 0x03FE0801u, 0x0001000Du,
    0x08010801u, 0x0001000Du, 0x0BFF0801u, 0x0001000Cu, 0x04010801u, 0x0001000Cu, 0x04010801u, 0x0001000Cu,
    0x07FF0801u, 0x0001000Cu, 0x07FF0801u, 0x0001000Au, 0xFE000801u, 0x0001000Au, 0xFE000801u, 0x0001000Au,
    0xFE000801u, 0x0001000Au, 0xFE000801u, 0x0001000Au, 0xFE000801u, 0x0001000Au, 0xFE000801u, 0x0001000Au,
    0xFE000801u, 0x0001000Au, 0xFE000801u, 0x0001000Bu, 0x00010801u, 0x0001000Bu, 0x00010801u, 0x0001000Bu,
    0x00010801u, 0x0001000Bu, 0x00010801u, 0x0001000Bu, 0x03FF0801u, 0x0001000Bu, 0x03FF0801u, 0x0001000Bu,
    0x03FF0801u, 0x0001000Bu, 0x03FF0801u, 0x00010008u, 0x00000BFFu, 0x00010008u, 0x00000BFFu, 0x00010008u,
    0x00000BFFu, 0x00010008u, 0x00000BFFu, 0x00010008u, 0x00000BFFu, 0x00010008u, 0x00000BFFu, 0x00010008u,
    0x00000BFFu, 0x00010008u, 0x00000BFFu, 0x0001000Du, 0x00020BFFu, 0x0001000Du, 0x03FE0BFFu, 0x0001000Du,
    0x08010BFFu, 0x0001000Du, 0x0BFF0BFFu, 0x0001000Cu, 0x04010BFFu, 0x0001000Cu, 0x04010BFFu, 0x0001000Cu,
    0x07FF0BFFu, 0x0001000Cu, 0x07FF0BFFu, 0x0001000Au, 0xFE000BFFu, 0x0001000Au, 0xFE000BFFu, 0x0001000Au,
    0xFE000BFFu, 0x0001000Au, 0xFE000BFFu, 0x0001000Au, 0xFE000BFFu, 0x0001000Au, 0xFE000BFFu, 0x0001000Au,
    0xFE000BFFu, 0x0001000Au, 0xFE000BFFu, 0x0001000Bu, 0x00010BFFu, 0x0001000Bu, 0x00010BFFu, 0x0001000Bu,
    0x00010BFFu, 0x0001000Bu, 0x00010BFFu, 0x0001000Bu, 0x03FF0BFFu, 0x0001000Bu, 0x03FF0BFFu, 0x0001000Bu,
    0x03FF0BFFu, 0x0001000Bu, 0x03FF0BFFu, 0x00010007u, 0x00000401u, 0x0001000Du, 0x7C1F0401u, 0x00010007u,
    0x00000401u, 0x00010007u, 0x00000401u, 0x00010007u, 0x00000401u, 0x00010007u, 0x00000401u, 0x00010007u,
    0x00000401u, 0x00010007u, 0x00000401u, 0x00010007u, 0x00000401u, 0x00010007u, 0x00000401u, 0x0001000Du,
    0x00030401u, 0x0001000Du, 0x03FD0401u, 0x0001000Du, 0x10010401u, 0x0001000Du, 0x13FF0401u, 0x0001000Du,
    0x0C010401u, 0x0001000Du, 0x0FFF0401u, 0x0001000Cu, 0x00020401u, 0x0001000Cu, 0x00020401u, 0x0001000Cu,
    0x03FE0401u, 0x0001000Cu, 0x03FE0401u, 0x0001000Cu, 0x08010401u, 0x0001000Cu, 0x08010401u, 0x0001000Cu,
    0x0BFF0401u, 0x0001000Cu, 0x0BFF0401u, 0x0001000Bu, 0x04010401u, 0x0001000Bu, 0x04010401u, 0x0001000Bu,
    0x04010401u, 0x0001000Bu, 0x04010401u, 0x0001000Bu, 0x07FF0401u, 0x0001000Bu, 0x07FF0401u, 0x0001000Bu,
    0x07FF0401u, 0x0001000Bu, 0x07FF0401u, 0x00010009u, 0xFE000401u, 0x00010009u, 0xFE000401u, 0x00010009u,
    0xFE000401u, 0x00010009u, 0xFE000401u, 0x00010009u, 0xFE000401u, 0x00010009u, 0xFE000401u, 0x00010009u,
    0xFE000401u, 0x00010009u, 0xFE000401u, 0x00010009u, 0xFE000401u, 0x00010009u, 0xFE000401u, 0x00010009u,
    0xFE000401u, 0x00010009u, 0xFE000401u, 0x00010009u, 0xFE000401u, 0x00010009u, 0xFE000401u, 0x00010009u,
    0xFE000401u, 0x00010009u, 0xFE000401u, 0x0001000Au, 0x00010401u, 0x0001000Au, 0x00010401u, 0x0001000Au,
    0x00010401u, 0x0001000Au, 0x00010401u, 0x0001000Au, 0x00010401u, 0x0001000Au, 0x00010401u, 0x0001000Au,
    0x00010401u, 0x0001000Au, 0x00010401u, 0x0001000Au, 0x03FF0401u, 0x0001000Au, 0x03FF0401u, 0x0001000Au,
    0x03FF0401u, 0x0001000Au, 0x03FF0401u, 0x0001000Au, 0x03FF0401u, 0x0001000Au, 0x03FF0401u, 0x0001000Au,
    0x03FF0401u, 0x0001000Au, 0x03FF0401u, 0x00010007u, 0x000007FFu, 0x0001000Du, 0x7C1F07FFu, 0x00010007u,
    0x000007FFu, 0x00010007u, 0x000007FFu, 0x00010007u, 0x000007FFu, 0x00010007u, 0x000007FFu, 0x00010007u,
    0x000007FFu, 0x00010007u, 0x000007FFu, 0x00010007u, 0x000007FFu, 0x00010007u, 0x000007FFu, 0x0001000Du,
    0x000307FFu, 0x0001000Du, 0x03FD07FFu, 0x0001000Du, 0x100107FFu, 0x0001000Du, 0x13FF07FFu, 0x0001000Du,
    0x0C0107FFu, 0x0001000Du, 0x0FFF07FFu, 0x0001000Cu, 0x000207FFu, 0x0001000Cu, 0x000207FFu, 0x0001000Cu,
    0x03FE07FFu, 0x0001000Cu, 0x03FE07FFu, 0x0001000Cu, 0x080107FFu, 0x0001000Cu, 0x080107FFu, 0x0001000Cu,
    0x0BFF07FFu, 0x0001000Cu, 0x0BFF07FFu, 0x0001000Bu, 0x040107FFu, 0x0001000Bu, 0x040107FFu, 0x0001000Bu,
    0x040107FFu, 0x0001000Bu, 0x040107FFu, 0x0001000Bu, 0x07FF07FFu, 0x0001000Bu, 0x07FF07FFu, 0x0001000Bu,
    0x07FF07FFu, 0x0001000Bu, 0x07FF07FFu, 0x00010009u, 0xFE0007FFu, 0x00010009u, 0xFE0007FFu, 0x00010009u,
    0xFE0007FFu, 0x00010009u, 0xFE0007FFu, 0x00010009u, 0xFE0007FFu, 0x00010009u, 0xFE0007FFu, 0x00010009u,
    0xFE0007FFu, 0x00010009u, 0xFE0007FFu, 0x00010009u, 0xFE0007FFu, 0x00010009u, 0xFE0007FFu, 0x00010009u,
    0xFE0007FFu, 0x00010009u, 0xFE0007FFu, 0x00010009u, 0xFE0007FFu, 0x00010009u, 0xFE0007FFu, 0x00010009u,
    0xFE0007FFu, 0x00010009u, 0xFE0007FFu, 0x0001000Au, 0x000107FFu, 0x0001000Au, 0x000107FFu, 0x0001000Au,
    0x000107FFu, 0x0001000Au, 0x000107FFu, 0x0001000Au, 0x000107FFu, 0x0001000Au, 0x000107FFu, 0x0001000Au,
    0x000107FFu, 0x0001000Au, 0x000107FFu, 0x0001000Au, 0x03FF07FFu, 0x0001000Au, 0x03FF07FFu, 0x0001000Au,
    0x03FF07FFu, 0x0001000Au, 0x03FF07FFu, 0x0001000Au, 0x03FF07FFu, 0x0001000Au, 0x03FF07FFu, 0x0001000Au,
    0x03FF07FFu, 0x0001000Au, 0x03FF07FFu, 0x00010005u, 0x0000FE00u, 0x00010005u, 0x0000FE00u, 0x00010005u,
    0x0000FE00u, 0x00010005u, 0x0000FE00u, 0x00010005u, 0x0000FE00u, 0x00010005u, 0x0000FE00u, 0x00010005u,
    0x0000FE00u, 0x00010005u, 0x0000FE00u, 0x00010005u, 0x0000FE00u, 0x00010005u, 0x0000FE00u, 0x00010005u,
    0x0000FE00u, 0x00010005u, 0x0000FE00u, 0x00010005u, 0x0000FE00u, 0x00010005u, 0x0000FE00u, 0x00010005u,
    0x0000FE00u, 0x00010005u, 0x0000FE00u, 0x00010005u, 0x0000FE00u, 0x00010005u, 0x0000FE00u, 0x00010005u,
    0x0000FE00u, 0x00010005u, 0x0000FE00u, 0x00010005u, 0x0000FE00u, 0x00010005u, 0x0000FE00u, 0x00010005u,
    0x0000FE00u, 0x00010005u, 0x0000FE00u, 0x00010005u, 0x0000FE00u, 0x00010005u, 0x0000FE00u, 0x00010005u,
    0x0000FE00u, 0x00010005u, 0x0000FE00u, 0x00010005u, 0x0000FE00u, 0x00010005u, 0x0000FE00u, 0x00010005u,
    0x0000FE00u, 0x00010005u, 0x0000FE00u, 0x00010005u, 0x0000FE00u, 0x00010005u, 0x0000FE00u, 0x00010005u,
    0x0000FE00u, 0x00010005u, 0x0000FE00u, 0x00010005u, 0x0000FE00u, 0x00010005u, 0x0000FE00u, 0x00010005u,
    0x0000FE00u, 0x00010005u, 0x0000FE00u, 0x00010005u, 0x0000FE00u, 0x00010005u, 0x0000FE00u, 0x00010005u,
    0x0000FE00u, 0x00010005u, 0x0000FE00u, 0x00010005u, 0x0000FE00u, 0x00010005u, 0x0000FE00u, 0x00010005u,
    0x0000FE00u, 0x00010005u, 0x0000FE00u, 0x00010005u, 0x0000FE00u, 0x00010005u, 0x0000FE00u, 0x00010005u,
    0x0000FE00u, 0x00010005u, 0x0000FE00u, 0x00010005u, 0x0000FE00u, 0x00010005u, 0x0000FE00u, 0x00010005u,
    0x0000FE00u, 0x00010005u, 0x0000FE00u, 0x00010005u, 0x0000FE00u, 0x00010005u, 0x0000FE00u, 0x00010005u,
    0x0000FE00u, 0x00010005u, 0x0000FE00u, 0x00010005u, 0x0000FE00u, 0x00010005u, 0x0000FE00u, 0x00010005u,
    0x0000FE00u, 0x00010005u, 0x0000FE00u, 0x00010005u, 0x0000FE00u, 0x00010005u, 0x0000FE00u, 0x00010005u,
    0x0000FE00u, 0x00010005u, 0x0000FE00u, 0x00010005u, 0x0000FE00u, 0x00010005u, 0x0000FE00u, 0x00010005u,
    0x0000FE00u, 0x00010005u, 0x0000FE00u, 0x00010005u, 0x0000FE00u, 0x00010005u, 0x0000FE00u, 0x00010005u,
    0x0000FE00u, 0x00010005u, 0x0000FE00u, 0x00010005u, 0x0000FE00u, 0x00010005u, 0x0000FE00u, 0x00010005u,
    0x0000FE00u, 0x00010005u, 0x0000FE00u, 0x00010005u, 0x0000FE00u, 0x00010005u, 0x0000FE00u, 0x00010005u,
    0x0000FE00u, 0x00010005u, 0x0000FE00u, 0x00010005u, 0x0000FE00u, 0x00010005u, 0x0000FE00u, 0x00010005u,
    0x0000FE00u, 0x00010005u, 0x0000FE00u, 0x00010005u, 0x0000FE00u, 0x00010005u, 0x0000FE00u, 0x00010005u,
    0x0000FE00u, 0x00010005u, 0x0000FE00u, 0x00010005u, 0x0000FE00u, 0x00010005u, 0x0000FE00u, 0x00010005u,
    0x0000FE00u, 0x00010005u, 0x0000FE00u, 0x00010005u, 0x0000FE00u, 0x00010005u, 0x0000FE00u, 0x00010005u,
    0x0000FE00u, 0x00010005u, 0x0000FE00u, 0x00010005u, 0x0000FE00u, 0x00010005u, 0x0000FE00u, 0x00010005u,
    0x0000FE00u, 0x00010005u, 0x0000FE00u, 0x00010005u, 0x0000FE00u, 0x00010005u, 0x0000FE00u, 0x00010005u,
    0x0000FE00u, 0x00010005u, 0x0000FE00u, 0x00010005u, 0x0000FE00u, 0x00010005u, 0x0000FE00u, 0x00010005u,
    0x0000FE00u, 0x00010005u, 0x0000FE00u, 0x00010005u, 0x0000FE00u, 0x00010005u, 0x0000FE00u, 0x00010005u,
    0x0000FE00u, 0x00010005u, 0x0000FE00u, 0x00010005u, 0x0000FE00u, 0x00010005u, 0x0000FE00u, 0x00010005u,
    0x0000FE00u, 0x00010005u, 0x0000FE00u, 0x00010005u, 0x0000FE00u, 0x00010005u, 0x0000FE00u, 0x00010005u,
    0x0000FE00u, 0x00010005u, 0x0000FE00u, 0x00010005u, 0x0000FE00u, 0x00010005u, 0x0000FE00u, 0x00010005u,
    0x0000FE00u, 0x00010005u, 0x0000FE00u, 0x00010005u, 0x0000FE00u, 0x00010005u, 0x0000FE00u, 0x00010005u,
    0x0000FE00u, 0x00010005u, 0x0000FE00u, 0x00010005u, 0x0000FE00u, 0x00010005u, 0x0000FE00u, 0x00010005u,
    0x0000FE00u, 0x00010005u, 0x0000FE00u, 0x00010005u, 0x0000FE00u, 0x00010005u, 0x0000FE00u, 0x00010005u,
    0x0000FE00u, 0x00010005u, 0x0000FE00u, 0x00010005u, 0x0000FE00u, 0x00010005u, 0x0000FE00u, 0x00010005u,
    0x0000FE00u, 0x00010005u, 0x0000FE00u, 0x00010005u, 0x0000FE00u, 0x00010005u, 0x0000FE00u, 0x00010005u,
    0x0000FE00u, 0x00010005u, 0x0000FE00u, 0x00010005u, 0x0000FE00u, 0x00010005u, 0x0000FE00u, 0x00010005u,
    0x0000FE00u, 0x00010005u, 0x0000FE00u, 0x00010005u, 0x0000FE00u, 0x00010005u, 0x0000FE00u, 0x00010005u,
    0x0000FE00u, 0x00010005u, 0x0000FE00u, 0x00010005u, 0x0000FE00u, 0x00010005u, 0x0000FE00u, 0x00010005u,
    0x0000FE00u, 0x00010005u, 0x0000FE00u, 0x00010005u, 0x0000FE00u, 0x00010005u, 0x0000FE00u, 0x00010005u,
    0x0000FE00u, 0x00010005u, 0x0000FE00u, 0x00010005u, 0x0000FE00u, 0x00010005u, 0x0000FE00u, 0x00010005u,
    0x0000FE00u, 0x00010005u, 0x0000FE00u, 0x00010005u, 0x0000FE00u, 0x00010005u, 0x0000FE00u, 0x00010005u,
    0x0000FE00u, 0x00010005u, 0x0000FE00u, 0x00010005u, 0x0000FE00u, 0x00010005u, 0x0000FE00u, 0x00010005u,
    0x0000FE00u, 0x00010005u, 0x0000FE00u, 0x00010005u, 0x0000FE00u, 0x00010005u, 0x0000FE00u, 0x00010005u,
    0x0000FE00u, 0x00010005u, 0x0000FE00u, 0x00010005u, 0x0000FE00u, 0x00010005u, 0x0000FE00u, 0x00010005u,
    0x0000FE00u, 0x00010005u, 0x0000FE00u, 0x00010005u, 0x0000FE00u, 0x00010005u, 0x0000FE00u, 0x00010005u,
    0x0000FE00u, 0x00010005u, 0x0000FE00u, 0x00010005u, 0x0000FE00u, 0x00010005u, 0x0000FE00u, 0x00010005u,
    0x0000FE00u, 0x00010005u, 0x0000FE00u, 0x00010005u, 0x0000FE00u, 0x00010005u, 0x0000FE00u, 0x00010005u,
    0x0000FE00u, 0x00010005u, 0x0000FE00u, 0x00010005u, 0x0000FE00u, 0x00010005u, 0x0000FE00u, 0x00010005u,
    0x0000FE00u, 0x00010005u, 0x0000FE00u, 0x00010005u, 0x0000FE00u, 0x00010005u, 0x0000FE00u, 0x00010005u,
    0x0000FE00u, 0x00010005u, 0x0000FE00u, 0x00010005u, 0x0000FE00u, 0x00010005u, 0x0000FE00u, 0x00010005u,
    0x0000FE00u, 0x00010005u, 0x0000FE00u, 0x00010005u, 0x0000FE00u, 0x00010005u, 0x0000FE00u, 0x00010005u,
    0x0000FE00u, 0x00010005u, 0x0000FE00u, 0x00010005u, 0x0000FE00u, 0x00010005u, 0x0000FE00u, 0x00010005u,
    0x0000FE00u, 0x00010005u, 0x0000FE00u, 0x00010005u, 0x0000FE00u, 0x00010005u, 0x0000FE00u, 0x00010005u,
    0x0000FE00u, 0x00010005u, 0x0000FE00u, 0x00010005u, 0x0000FE00u, 0x00010005u, 0x0000FE00u, 0x00010005u,
    0x0000FE00u, 0x00010005u, 0x0000FE00u, 0x00010005u, 0x0000FE00u, 0x00010005u, 0x0000FE00u, 0x00010005u,
    0x0000FE00u, 0x00010005u, 0x0000FE00u, 0x00010005u, 0x0000FE00u, 0x00010005u, 0x0000FE00u, 0x00010005u,
    0x0000FE00u, 0x00010005u, 0x0000FE00u, 0x00010005u, 0x0000FE00u, 0x00010005u, 0x0000FE00u, 0x00010005u,
    0x0000FE00u, 0x00010005u, 0x0000FE00u, 0x00010005u, 0x0000FE00u, 0x00010005u, 0x0000FE00u, 0x00010005u,
    0x0000FE00u, 0x00010005u, 0x0000FE00u, 0x00010005u, 0x0000FE00u, 0x00010005u, 0x0000FE00u, 0x00010005u,
    0x0000FE00u, 0x00010005u, 0x0000FE00u, 0x00010005u, 0x0000FE00u, 0x00010005u, 0x0000FE00u, 0x00010005u,
    0x0000FE00u, 0x00010005u, 0x0000FE00u, 0x00010005u, 0x0000FE00u, 0x00010005u, 0x0000FE00u, 0x00010005u,
    0x0000FE00u, 0x00010005u, 0x0000FE00u, 0x00010005u, 0x0000FE00u, 0x00010005u, 0x0000FE00u, 0x00010005u,
    0x0000FE00u, 0x00010005u, 0x0000FE00u, 0x00010006u, 0x00000001u, 0x00010006u, 0x00000001u, 0x0001000Cu,
    0x7C1F0001u, 0x0001000Cu, 0x7C1F0001u, 0x00010006u, 0x00000001u, 0x00010006u, 0x00000001u, 0x00010006u,
    0x00000001u, 0x00010006u, 0x00000001u, 0x0001000Du, 0x1C010001u, 0x0001000Du, 0x1FFF0001u, 0x0001000Du,
    0x18010001u, 0x0001000Du, 0x1BFF0001u, 0x0001000Du, 0x04020001u, 0x0001000Du, 0x07FE0001u, 0x0001000Du,
    0x14010001u, 0x0001000Du, 0x17FF0001u, 0x00010006u, 0x00000001u, 0x00010006u, 0x00000001u, 0x00010006u,
    0x00000001u, 0x00010006u, 0x00000001u, 0x0001000Cu, 0x00030001u, 0x0001000Cu, 0x00030001u, 0x0001000Cu,
    0x03FD0001u, 0x0001000Cu, 0x03FD0001u, 0x0001000Cu, 0x10010001u, 0x0001000Cu, 0x10010001u, 0x0001000Cu,
    0x13FF0001u, 0x0001000Cu, 0x13FF0001u, 0x0001000Cu, 0x0C010001u, 0x0001000Cu, 0x0C010001u, 0x0001000Cu,
    0x0FFF0001u, 0x0001000Cu, 0x0FFF0001u, 0x0001000Bu, 0x00020001u, 0x0001000Bu, 0x00020001u, 0x0001000Bu,
    0x00020001u, 0x0001000Bu, 0x00020001u, 0x0001000Bu, 0x03FE0001u, 0x0001000Bu, 0x03FE0001u, 0x0001000Bu,
    0x03FE0001u, 0x0001000Bu, 0x03FE0001u, 0x0001000Bu, 0x08010001u, 0x0001000Bu, 0x08010001u, 0x0001000Bu,
    0x08010001u, 0x0001000Bu, 0x08010001u, 0x0001000Bu, 0x0BFF0001u, 0x0001000Bu, 0x0BFF0001u, 0x0001000Bu,
    0x0BFF0001u, 0x0001000Bu, 0x0BFF0001u, 0x0001000Au, 0x04010001u, 0x0001000Au, 0x04010001u, 0x0001000Au,
    0x04010001u, 0x0001000Au, 0x04010001u, 0x0001000Au, 0x04010001u, 0x0001000Au, 0x04010001u, 0x0001000Au,
    0x04010001u, 0x0001000Au, 0x04010001u, 0x0001000Au, 0x07FF0001u, 0x0001000Au, 0x07FF0001u, 0x0001000Au,
    0x07FF0001u, 0x0001000Au, 0x07FF0001u, 0x0001000Au, 0x07FF0001u, 0x0001000Au, 0x07FF0001u, 0x0001000Au,
    0x07FF0001u, 0x0001000Au, 0x07FF0001u, 0x00010008u, 0xFE000001u, 0x00010008u, 0xFE000001u, 0x00010008u,
    0xFE000001u, 0x00010008u, 0xFE000001u, 0x00010008u, 0xFE000001u, 0x00010008u, 0xFE000001u, 0x00010008u,
    0xFE000001u, 0x00010008u, 0xFE000001u, 0x00010008u, 0xFE000001u, 0x00010008u, 0xFE000001u, 0x00010008u,
    0xFE000001u, 0x00010008u, 0xFE000001u, 0x00010008u, 0xFE000001u, 0x00010008u, 0xFE000001u, 0x00010008u,
    0xFE000001u, 0x00010008u, 0xFE000001u, 0x00010008u, 0xFE000001u, 0x00010008u, 0xFE000001u, 0x00010008u,
    0xFE000001u, 0x00010008u, 0xFE000001u, 0x00010008u, 0xFE000001u, 0x00010008u, 0xFE000001u, 0x00010008u,
    0xFE000001u, 0x00010008u, 0xFE000001u, 0x00010008u, 0xFE000001u, 0x00010008u, 0xFE000001u, 0x00010008u,
    0xFE000001u, 0x00010008u, 0xFE000001u, 0x00010008u, 0xFE000001u, 0x00010008u, 0xFE000001u, 0x00010008u,
    0xFE000001u, 0x00010008u, 0xFE000001u, 0x00010009u, 0x00010001u, 0x00010009u, 0x00010001u, 0x00010009u,
    0x00010001u, 0x00010009u, 0x00010001u, 0x00010009u, 0x00010001u, 0x00010009u, 0x00010001u, 0x00010009u,
    0x00010001u, 0x00010009u, 0x00010001u, 0x00010009u, 0x00010001u, 0x00010009u, 0x00010001u, 0x00010009u,
    0x00010001u, 0x00010009u, 0x00010001u, 0x00010009u, 0x00010001u, 0x00010009u, 0x00010001u, 0x00010009u,
    0x00010001u, 0x00010009u, 0x00010001u, 0x00010009u, 0x03FF0001u, 0x00010009u, 0x03FF0001u, 0x00010009u,
    0x03FF0001u, 0x00010009u, 0x03FF0001u, 0x00010009u, 0x03FF0001u, 0x00010009u, 0x03FF0001u, 0x00010009u,
    0x03FF0001u, 0x00010009u, 0x03FF0001u, 0x00010009u, 0x03FF0001u, 0x00010009u, 0x03FF0001u, 0x00010009u,
    0x03FF0001u, 0x00010009u, 0x03FF0001u, 0x00010009u, 0x03FF0001u, 0x00010009u, 0x03FF0001u, 0x00010009u,
    0x03FF0001u, 0x00010009u, 0x03FF0001u, 0x00010006u, 0x000003FFu, 0x00010006u, 0x000003FFu, 0x0001000Cu,
    0x7C1F03FFu, 0x0001000Cu, 0x7C1F03FFu, 0x00010006u, 0x000003FFu, 0x00010006u, 0x000003FFu, 0x00010006u,
    0x000003FFu, 0x00010006u, 0x000003FFu, 0x0001000Du, 0x1C0103FFu, 0x0001000Du, 0x1FFF03FFu, 0x0001000Du,
    0x180103FFu, 0x0001000Du, 0x1BFF03FFu, 0x0001000Du, 0x040203FFu, 0x0001000Du, 0x07FE03FFu, 0x0001000Du,
    0x140103FFu, 0x0001000Du, 0x17FF03FFu, 0x00010006u, 0x000003FFu, 0x00010006u, 0x000003FFu, 0x00010006u,
    0x000003FFu, 0x00010006u, 0x000003FFu, 0x0001000Cu, 0x000303FFu, 0x0001000Cu, 0x000303FFu, 0x0001000Cu,
    0x03FD03FFu, 0x0001000Cu, 0x03FD03FFu, 0x0001000Cu, 0x100103FFu, 0x0001000Cu, 0x100103FFu, 0x0001000Cu,
    0x13FF03FFu, 0x0001000Cu, 0x13FF03FFu, 0x0001000Cu, 0x0C0103FFu, 0x0001000Cu, 0x0C0103FFu, 0x0001000Cu,
    0x0FFF03FFu, 0x0001000Cu, 0x0FFF03FFu, 0x0001000Bu, 0x000203FFu, 0x0001000Bu, 0x000203FFu, 0x0001000Bu,
    0x000203FFu, 0x0001000Bu, 0x000203FFu, 0x0001000Bu, 0x03FE03FFu, 0x0001000Bu, 0x03FE03FFu, 0x0001000Bu,
    0x03FE03FFu, 0x0001000Bu, 0x03FE03FFu, 0x0001000Bu, 0x080103FFu, 0x0001000Bu, 0x080103FFu, 0x0001000Bu,
    0x080103FFu, 0x0001000Bu, 0x080103FFu, 0x0001000Bu, 0x0BFF03FFu, 0x0001000Bu, 0x0BFF03FFu, 0x0001000Bu,
    0x0BFF03FFu, 0x0001000Bu, 0x0BFF03FFu, 0x0001000Au, 0x040103FFu, 0x0001000Au, 0x040103FFu, 0x0001000Au,
    0x040103FFu, 0x0001000Au, 0x040103FFu, 0x0001000Au, 0x040103FFu, 0x0001000Au, 0x040103FFu, 0x0001000Au,
    0x040103FFu, 0x0001000Au, 0x040103FFu, 0x0001000Au, 0x07FF03FFu, 0x0001000Au, 0x07FF03FFu, 0x0001000Au,
    0x07FF03FFu, 0x0001000Au, 0x07FF03FFu, 0x0001000Au, 0x07FF03FFu, 0x0001000Au, 0x07FF03FFu, 0x0001000Au,
    0x07FF03FFu, 0x0001000Au, 0x07FF03FFu, 0x00010008u, 0xFE0003FFu, 0x00010008u, 0xFE0003FFu, 0x00010008u,
    0xFE0003FFu, 0x00010008u, 0xFE0003FFu, 0x00010008u, 0xFE0003FFu, 0x00010008u, 0xFE0003FFu, 0x00010008u,
    0xFE0003FFu, 0x00010008u, 0xFE0003FFu, 0x00010008u, 0xFE0003FFu, 0x00010008u, 0xFE0003FFu, 0x00010008u,
    0xFE0003FFu, 0x00010008u, 0xFE0003FFu, 0x00010008u, 0xFE0003FFu, 0x00010008u, 0xFE0003FFu, 0x00010008u,
    0xFE0003FFu, 0x00010008u, 0xFE0003FFu, 0x00010008u, 0xFE0003FFu, 0x00010008u, 0xFE0003FFu, 0x00010008u,
    0xFE0003FFu, 0x00010008u, 0xFE0003FFu, 0x00010008u, 0xFE0003FFu, 0x00010008u, 0xFE0003FFu, 0x00010008u,
    0xFE0003FFu, 0x00010008u, 0xFE0003FFu, 0x00010008u, 0xFE0003FFu, 0x00010008u, 0xFE0003FFu, 0x00010008u,
    0xFE0003FFu, 0x00010008u, 0xFE0003FFu, 0x00010008u, 0xFE0003FFu, 0x00010008u, 0xFE0003FFu, 0x00010008u,
    0xFE0003FFu, 0x00010008u, 0xFE0003FFu, 0x00010009u, 0x000103FFu, 0x00010009u, 0x000103FFu, 0x00010009u,
    0x000103FFu, 0x00010009u, 0x000103FFu, 0x00010009u, 0x000103FFu, 0x00010009u, 0x000103FFu, 0x00010009u,
    0x000103FFu, 0x00010009u, 0x000103FFu, 0x00010009u, 0x000103FFu, 0x00010009u, 0x000103FFu, 0x00010009u,
    0x000103FFu, 0x00010009u, 0x000103FFu, 0x00010009u, 0x000103FFu, 0x00010009u, 0x000103FFu, 0x00010009u,
    0x000103FFu, 0x00010009u, 0x000103FFu, 0x00010009u, 0x03FF03FFu, 0x00010009u, 0x03FF03FFu, 0x00010009u,
    0x03FF03FFu, 0x00010009u, 0x03FF03FFu, 0x00010009u, 0x03FF03FFu, 0x00010009u, 0x03FF03FFu, 0x00010009u,
    0x03FF03FFu, 0x00010009u, 0x03FF03FFu, 0x00010009u, 0x03FF03FFu, 0x00010009u, 0x03FF03FFu, 0x00010009u,
    0x03FF03FFu, 0x00010009u, 0x03FF03FFu, 0x00010009u, 0x03FF03FFu, 0x00010009u, 0x03FF03FFu, 0x00010009u,
    0x03FF03FFu, 0x00010009u, 0x03FF03FFu, 0x03FF0003u, 0x03FF0003u, 0x03FF0003u, 0x03FF0003u, 0x03FF0003u,
    0x03FF0003u, 0x03FF0003u, 0x03FF0003u, 0x03FF0003u, 0x03FF0003u, 0x03FF0003u, 0x03FF0003u, 0x03FF0003u,
    0x03FF0003u, 0x03FF0003u, 0x03FF0003u, 0x03FF0009u, 0x00007C1Fu, 0x03FF0009u, 0x00007C1Fu, 0x03FF0009u,
    0x00007C1Fu, 0x03FF0009u, 0x00007C1Fu, 0x03FF0009u, 0x00007C1Fu, 0x03FF0009u, 0x00007C1Fu, 0x03FF0009u,
    0x00007C1Fu, 0x03FF0009u, 0x00007C1Fu, 0x03FF0009u, 0x00007C1Fu, 0x03FF0009u, 0x00007C1Fu, 0x03FF0009u,
    0x00007C1Fu, 0x03FF0009u, 0x00007C1Fu, 0x03FF0009u, 0x00007C1Fu, 0x03FF0009u, 0x00007C1Fu, 0x03FF0009u,
    0x00007C1Fu, 0x03FF0009u, 0x00007C1Fu, 0x03FF000Bu, 0x00000802u, 0x03FF000Bu, 0x00000802u, 0x03FF000Du,
    0xFE000802u, 0x03FF000Bu, 0x00000802u, 0x03FF000Bu, 0x00000BFEu, 0x03FF000Bu, 0x00000BFEu, 0x03FF000Du,
    0xFE000BFEu, 0x03FF000Bu, 0x00000BFEu, 0x03FF000Bu, 0x00002401u, 0x03FF000Bu, 0x00002401u, 0x03FF000Du,
    0xFE002401u, 0x03FF000Bu, 0x00002401u, 0x03FF000Bu, 0x000027FFu, 0x03FF000Bu, 0x000027FFu, 0x03FF000Du,
    0xFE0027FFu, 0x03FF000Bu, 0x000027FFu, 0x03FF000Bu, 0x00000004u, 0x03FF000Bu, 0x00000004u, 0x03FF000Du,
    0xFE000004u, 0x03FF000Bu, 0x00000004u, 0x03FF000Bu, 0x000003FCu, 0x03FF000Bu, 0x000003FCu, 0x03FF000Du,
    0xFE0003FCu, 0x03FF000Bu, 0x000003FCu, 0x03FF000Bu, 0x00002001u, 0x03FF000Bu, 0x00002001u, 0x03FF000Du,
    0xFE002001u, 0x03FF000Bu, 0x00002001u, 0x03FF000Bu, 0x000023FFu, 0x03FF000Bu, 0x000023FFu, 0x03FF000Du,
    0xFE0023FFu, 0x03FF000Bu, 0x000023FFu, 0x03FF000Au, 0x00001C01u, 0x03FF000Au, 0x00001C01u, 0x03FF000Au,
    0x00001C01u, 0x03FF000Au, 0x00001C01u, 0x03FF000Cu, 0xFE001C01u, 0x03FF000Cu, 0xFE001C01u, 0x03FF000Du,
    0x00011C01u, 0x03FF000Du, 0x03FF1C01u, 0x03FF000Au, 0x00001FFFu, 0x03FF000Au, 0x00001FFFu, 0x03FF000Au,
    0x00001FFFu, 0x03FF000Au, 0x00001FFFu, 0x03FF000Cu, 0xFE001FFFu, 0x03FF000Cu, 0xFE001FFFu, 0x03FF000Du,
    0x00011FFFu, 0x03FF000Du, 0x03FF1FFFu, 0x03FF000Au, 0x00001801u, 0x03FF000Au, 0x00001801u, 0x03FF000Au,
    0x00001801u, 0x03FF000Au, 0x00001801u, 0x03FF000Cu, 0xFE001801u, 0x03FF000Cu, 0xFE001801u, 0x03FF000Du,
    0x00011801u, 0x03FF000Du, 0x03FF1801u, 0x03FF000Au, 0x00001BFFu, 0x03FF000Au, 0x00001BFFu, 0x03FF000Au,
    0x00001BFFu, 0x03FF000Au, 0x00001BFFu, 0x03FF000Cu, 0xFE001BFFu, 0x03FF000Cu, 0xFE001BFFu, 0x03FF000Du,
    0x00011BFFu, 0x03FF000Du, 0x03FF1BFFu, 0x03FF000Au, 0x00000402u, 0x03FF000Au, 0x00000402u, 0x03FF000Au,
    0x00000402u, 0x03FF000Au, 0x00000402u, 0x03FF000Cu, 0xFE000402u, 0x03FF000Cu, 0xFE000402u, 0x03FF000Du,
    0x00010402u, 0x03FF000Du, 0x03FF0402u, 0x03FF000Au, 0x000007FEu, 0x03FF000Au, 0x000007FEu, 0x03FF000Au,
    0x000007FEu, 0x03FF000Au, 0x000007FEu, 0x03FF000Cu, 0xFE0007FEu, 0x03FF000Cu, 0xFE0007FEu, 0x03FF000Du,
    0x000107FEu, 0x03FF000Du, 0x03FF07FEu, 0x03FF000Au, 0x00001401u, 0x03FF000Au, 0x00001401u, 0x03FF000Au,
    0x00001401u, 0x03FF000Au, 0x00001401u, 0x03FF000Cu, 0xFE001401u, 0x03FF000Cu, 0xFE001401u, 0x03FF000Du,
    0x00011401u, 0x03FF000Du, 0x03FF1401u, 0x03FF000Au, 0x000017FFu, 0x03FF000Au, 0x000017FFu, 0x03FF000Au,
    0x000017FFu, 0x03FF000Au, 0x000017FFu, 0x03FF000Cu, 0xFE0017FFu, 0x03FF000Cu, 0xFE0017FFu, 0x03FF000Du,
    0x000117FFu, 0x03FF000Du, 0x03FF17FFu, 0x03FF000Cu, 0x00003401u, 0x03FF000Cu, 0x00003401u, 0x03FF000Cu,
    0x000037FFu, 0x03FF000Cu, 0x000037FFu, 0x03FF000Cu, 0x00000006u, 0x03FF000Cu, 0x00000006u, 0x03FF000Cu,
    0x000003FAu, 0x03FF000Cu, 0x000003FAu, 0x03FF000Cu, 0x00003001u, 0x03FF000Cu, 0x00003001u, 0x03FF000Cu,
    0x000033FFu, 0x03FF000Cu, 0x000033FFu, 0x03FF000Cu, 0x00002C01u, 0x03FF000Cu, 0x00002C01u, 0x03FF000Cu,
    0x00002FFFu, 0x03FF000Cu, 0x00002FFFu, 0x03FF000Cu, 0x00000C02u, 0x03FF000Cu, 0x00000C02u, 0x03FF000Cu,
    0x00000FFEu, 0x03FF000Cu, 0x00000FFEu, 0x03FF000Cu, 0x00000403u, 0x03FF000Cu, 0x00000403u, 0x03FF000Cu,
    0x000007FDu, 0x03FF000Cu, 0x000007FDu, 0x03FF000Cu, 0x00000005u, 0x03FF000Cu, 0x00000005u, 0x03FF000Cu,
    0x000003FBu, 0x03FF000Cu, 0x000003FBu, 0x03FF000Cu, 0x00002801u, 0x03FF000Cu, 0x00002801u, 0x03FF000Cu,
    0x00002BFFu, 0x03FF000Cu, 0x00002BFFu, 0x03FF0009u, 0x00000003u, 0x03FF0009u, 0x00000003u, 0x03FF0009u,
    0x00000003u, 0x03FF0009u, 0x00000003u, 0x03FF0009u, 0x00000003u, 0x03FF0009u, 0x00000003u, 0x03FF000Du,
    0x04010003u, 0x03FF000Du, 0x07FF0003u, 0x03FF000Bu, 0xFE000003u, 0x03FF000Bu, 0xFE000003u, 0x03FF000Bu,
    0xFE000003u, 0x03FF000Bu, 0xFE000003u, 0x03FF000Cu, 0x00010003u, 0x03FF000Cu, 0x00010003u, 0x03FF000Cu,
    0x03FF0003u, 0x03FF000Cu, 0x03FF0003u, 0x03FF0009u, 0x000003FDu, 0x03FF0009u, 0x000003FDu, 0x03FF0009u,
    0x000003FDu, 0x03FF0009u, 0x000003FDu, 0x03FF0009u, 0x000003FDu, 0x03FF0009u, 0x000003FDu, 0x03FF000Du,
    0x040103FDu, 0x03FF000Du, 0x07FF03FDu, 0x03FF000Bu, 0xFE0003FDu, 0x03FF000Bu, 0xFE0003FDu, 0x03FF000Bu,
    0xFE0003FDu, 0x03FF000Bu, 0xFE0003FDu, 0x03FF000Cu, 0x000103FDu, 0x03FF000Cu, 0x000103FDu, 0x03FF000Cu,
    0x03FF03FDu, 0x03FF000Cu, 0x03FF03FDu, 0x03FF0009u, 0x00001001u, 0x03FF0009u, 0x00001001u, 0x03FF0009u,
    0x00001001u, 0x03FF0009u, 0x00001001u, 0x03FF0009u, 0x00001001u, 0x03FF0009u, 0x00001001u, 0x03FF000Du,
    0x04011001u, 0x03FF000Du, 0x07FF1001u, 0x03FF000Bu, 0xFE001001u, 0x03FF000Bu, 0xFE001001u, 0x03FF000Bu,
    0xFE001001u, 0x03FF000Bu, 0xFE001001u, 0x03FF000Cu, 0x00011001u, 0x03FF000Cu, 0x00011001u, 0x03FF000Cu,
    0x03FF1001u, 0x03FF000Cu, 0x03FF1001u, 0x03FF0009u, 0x000013FFu, 0x03FF0009u, 0x000013FFu, 0x03FF0009u,
    0x000013FFu, 0x03FF0009u, 0x000013FFu, 0x03FF0009u, 0x000013FFu, 0x03FF0009u, 0x000013FFu, 0x03FF000Du,
    0x040113FFu, 0x03FF000Du, 0x07FF13FFu, 0x03FF000Bu, 0xFE0013FFu, 0x03FF000Bu, 0xFE0013FFu, 0x03FF000Bu,
    0xFE0013FFu, 0x03FF000Bu, 0xFE0013FFu, 0x03FF000Cu, 0x000113FFu, 0x03FF000Cu, 0x000113FFu, 0x03FF000Cu,
    0x03FF13FFu, 0x03FF000Cu, 0x03FF13FFu, 0x03FF0009u, 0x00000C01u, 0x03FF0009u, 0x00000C01u, 0x03FF0009u,
    0x00000C01u, 0x03FF0009u, 0x00000C01u, 0x03FF0009u, 0x00000C01u, 0x03FF0009u, 0x00000C01u, 0x03FF000Du,
    0x04010C01u, 0x03FF000Du, 0x07FF0C01u, 0x03FF000Bu, 0xFE000C01u, 0x03FF000Bu, 0xFE000C01u, 0x03FF000Bu,
    0xFE000C01u, 0x03FF000Bu, 0xFE000C01u, 0x03FF000Cu, 0x00010C01u, 0x03FF000Cu, 0x00010C01u, 0x03FF000Cu,
    0x03FF0C01u, 0x03FF000Cu, 0x03FF0C01u, 0x03FF0009u, 0x00000FFFu, 0x03FF0009u, 0x00000FFFu, 0x03FF0009u,
    0x00000FFFu, 0x03FF0009u, 0x00000FFFu, 0x03FF0009u, 0x00000FFFu, 0x03FF0009u, 0x00000FFFu, 0x03FF000Du,
    0x04010FFFu, 0x03FF000Du, 0x07FF0FFFu, 0x03FF000Bu, 0xFE000FFFu, 0x03FF000Bu, 0xFE000FFFu, 0x03FF000Bu,
    0xFE000FFFu, 0x03FF000Bu, 0xFE000FFFu, 0x03FF000Cu, 0x00010FFFu, 0x03FF000Cu, 0x00010FFFu, 0x03FF000Cu,
    0x03FF0FFFu, 0x03FF000Cu, 0x03FF0FFFu, 0x03FF0008u, 0x00000002u, 0x03FF0008u, 0x00000002u, 0x03FF0008u,
    0x00000002u, 0x03FF0008u, 0x00000002u, 0x03FF0008u, 0x00000002u, 0x03FF0008u, 0x00000002u, 0x03FF0008u,
    0x00000002u, 0x03FF0008u, 0x00000002u, 0x03FF000Du, 0x00020002u, 0x03FF000Du, 0x03FE0002u, 0x03FF000Du,
    0x08010002u, 0x03FF000Du, 0x0BFF0002u, 0x03FF000Cu, 0x04010002u, 0x03FF000Cu, 0x04010002u, 0x03FF000Cu,
    0x07FF0002u, 0x03FF000Cu, 0x07FF0002u, 0x03FF000Au, 0xFE000002u, 0x03FF000Au, 0xFE000002u, 0x03FF000Au,
    0xFE000002u, 0x03FF000Au, 0xFE000002u, 0x03FF000Au, 0xFE000002u, 0x03FF000Au, 0xFE000002u, 0x03FF000Au,
    0xFE000002u, 0x03FF000Au, 0xFE000002u, 0x03FF000Bu, 0x00010002u, 0x03FF000Bu, 0x00010002u, 0x03FF000Bu,
    0x00010002u, 0x03FF000Bu, 0x00010002u, 0x03FF000Bu, 0x03FF0002u, 0x03FF000Bu, 0x03FF0002u, 0x03FF000Bu,
    0x03FF0002u, 0x03FF000Bu, 0x03FF0002u, 0x03FF0008u, 0x000003FEu, 0x03FF0008u, 0x000003FEu, 0x03FF0008u,
    0x000003FEu, 0x03FF0008u, 0x000003FEu, 0x03FF0008u, 0x000003FEu, 0x03FF0008u, 0x000003FEu, 0x03FF0008u,
    0x000003FEu, 0x03FF0008u, 0x000003FEu, 0x03FF000Du, 0x000203FEu, 0x03FF000Du, 0x03FE03FEu, 0x03FF000Du,
    0x080103FEu, 0x03FF000Du, 0x0BFF03FEu, 0x03FF000Cu, 0x040103FEu, 0x03FF000Cu, 0x040103FEu, 0x03FF000Cu,
    0x07FF03FEu, 0x03FF000Cu, 0x07FF03FEu, 0x03FF000Au, 0xFE0003FEu, 0x03FF000Au, 0xFE0003FEu, 0x03FF000Au,
    0xFE0003FEu, 0x03FF000Au, 0xFE0003FEu, 0x03FF000Au, 0xFE0003FEu, 0x03FF000Au, 0xFE0003FEu, 0x03FF000Au,
    0xFE0003FEu, 0x03FF000Au, 0xFE0003FEu, 0x03FF000Bu, 0x000103FEu, 0x03FF000Bu, 0x000103FEu, 0x03FF000Bu,
    0x000103FEu, 0x03FF000Bu, 0x000103FEu, 0x03FF000Bu, 0x03FF03FEu, 0x03FF000Bu, 0x03FF03FEu, 0x03FF000Bu,
    0x03FF03FEu, 0x03FF000Bu, 0x03FF03FEu, 0x03FF0008u, 0x00000801u, 0x03FF0008u, 0x00000801u, 0x03FF0008u,
    0x00000801u, 0x03FF0008u, 0x00000801u, 0x03FF0008u, 0x00000801u, 0x03FF0008u, 0x00000801u, 0x03FF0008u,
    0x00000801u, 0x03FF0008u, 0x00000801u, 0x03FF000Du, 0x00020801u, 0x03FF000Du, 0x03FE0801u, 0x03FF000Du,
    0x08010801u, 0x03FF000Du, 0x0BFF0801u, 0x03FF000Cu, 0x04010801u, 0x03FF000Cu, 0x04010801u, 0x03FF000Cu,
    0x07FF0801u, 0x03FF000Cu, 0x07FF0801u, 0x03FF000Au, 0xFE000801u, 0x03FF000Au, 0xFE000801u, 0x03FF000Au,
    0xFE000801u, 0x03FF000Au, 0xFE000801u, 0x03FF000Au, 0xFE000801u, 0x03FF000Au, 0xFE000801u, 0x03FF000Au,
    0xFE000801u, 0x03FF000Au, 0xFE000801u, 0x03FF000Bu, 0x00010801u, 0x03FF000Bu, 0x00010801u, 0x03FF000Bu,
    0x00010801u, 0x03FF000Bu, 0x00010801u, 0x03FF000Bu, 0x03FF0801u, 0x03FF000Bu, 0x03FF0801u, 0x03FF000Bu,
    0x03FF0801u, 0x03FF000Bu, 0x03FF0801u, 0x03FF0008u, 0x00000BFFu, 0x03FF0008u, 0x00000BFFu, 0x03FF0008u,
    0x00000BFFu, 0x03FF0008u, 0x00000BFFu, 0x03FF0008u, 0x00000BFFu, 0x03FF0008u, 0x00000BFFu, 0x03FF0008u,
    0x00000BFFu, 0x03FF0008u, 0x00000BFFu, 0x03FF000Du, 0x00020BFFu, 0x03FF000Du, 0x03FE0BFFu, 0x03FF000Du,
    0x08010BFFu, 0x03FF000Du, 0x0BFF0BFFu, 0x03FF000Cu, 0x04010BFFu, 0x03FF000Cu, 0x04010BFFu, 0x03FF000Cu,
    0x07FF0BFFu, 0x03FF000Cu, 0x07FF0BFFu, 0x03FF000Au, 0xFE000BFFu, 0x03FF000Au, 0xFE000BFFu, 0x03FF000Au,
    0xFE000BFFu, 0x03FF000Au, 0xFE000BFFu, 0x03FF000Au, 0xFE000BFFu, 0x03FF000Au, 0xFE000BFFu, 0x03FF000Au,
    0xFE000BFFu, 0x03FF000Au, 0xFE000BFFu, 0x03FF000Bu, 0x00010BFFu, 0x03FF000Bu, 0x00010BFFu, 0x03FF000Bu,
    0x00010BFFu, 0x03FF000Bu, 0x00010BFFu, 0x03FF000Bu, 0x03FF0BFFu, 0x03FF000Bu, 0x03FF0BFFu, 0x03FF000Bu,
    0x03FF0BFFu, 0x03FF000Bu, 0x03FF0BFFu, 0x03FF0007u, 0x00000401u, 0x03FF000Du, 0x7C1F0401u, 0x03FF0007u,
    0x00000401u, 0x03FF0007u, 0x00000401u, 0x03FF0007u, 0x00000401u, 0x03FF0007u, 0x00000401u, 0x03FF0007u,
    0x00000401u, 0x03FF0007u, 0x00000401u, 0x03FF0007u, 0x00000401u, 0x03FF0007u, 0x00000401u, 0x03FF000Du,
    0x00030401u, 0x03FF000Du, 0x03FD0401u, 0x03FF000Du, 0x10010401u, 0x03FF000Du, 0x13FF0401u, 0x03FF000Du,
    0x0C010401u, 0x03FF000Du, 0x0FFF0401u, 0x03FF000Cu, 0x00020401u, 0x03FF000Cu, 0x00020401u, 0x03FF000Cu,
    0x03FE0401u, 0x03FF000Cu, 0x03FE0401u, 0x03FF000Cu, 0x08010401u, 0x03FF000Cu, 0x08010401u, 0x03FF000Cu,
    0x0BFF0401u, 0x03FF000Cu, 0x0BFF0401u, 0x03FF000Bu, 0x04010401u, 0x03FF000Bu, 0x04010401u, 0x03FF000Bu,
    0x04010401u, 0x03FF000Bu, 0x04010401u, 0x03FF000Bu, 0x07FF0401u, 0x03FF000Bu, 0x07FF0401u, 0x03FF000Bu,
    0x07FF0401u, 0x03FF000Bu, 0x07FF0401u, 0x03FF0009u, 0xFE000401u, 0x03FF0009u, 0xFE000401u, 0x03FF0009u,
    0xFE000401u, 0x03FF0009u, 0xFE000401u, 0x03FF0009u, 0xFE000401u, 0x03FF0009u, 0xFE000401u, 0x03FF0009u,
    0xFE000401u, 0x03FF0009u, 0xFE000401u, 0x03FF0009u, 0xFE000401u, 0x03FF0009u, 0xFE000401u, 0x03FF0009u,
    0xFE000401u, 0x03FF0009u, 0xFE000401u, 0x03FF0009u, 0xFE000401u, 0x03FF0009u, 0xFE000401u, 0x03FF0009u,
    0xFE000401u, 0x03FF0009u, 0xFE000401u, 0x03FF000Au, 0x00010401u, 0x03FF000Au, 0x00010401u, 0x03FF000Au,
    0x00010401u, 0x03FF000Au, 0x00010401u, 0x03FF000Au, 0x00010401u, 0x03FF000Au, 0x00010401u, 0x03FF000Au,
    0x00010401u, 0x03FF000Au, 0x00010401u, 0x03FF000Au, 0x03FF0401u, 0x03FF000Au, 0x03FF0401u, 0x03FF000Au,
    0x03FF0401u, 0x03FF000Au, 0x03FF0401u, 0x03FF000Au, 0x03FF0401u, 0x03FF000Au, 0x03FF0401u, 0x03FF000Au,
    0x03FF0401u, 0x03FF000Au, 0x03FF0401u, 0x03FF0007u, 0x000007FFu, 0x03FF000Du, 0x7C1F07FFu, 0x03FF0007u,
    0x000007FFu, 0x03FF0007u, 0x000007FFu, 0x03FF0007u, 0x000007FFu, 0x03FF0007u, 0x000007FFu, 0x03FF0007u,
    0x000007FFu, 0x03FF0007u, 0x000007FFu, 0x03FF0007u, 0x000007FFu, 0x03FF0007u, 0x000007FFu, 0x03FF000Du,
    0x000307FFu, 0x03FF000Du, 0x03FD07FFu, 0x03FF000Du, 0x100107FFu, 0x03FF000Du, 0x13FF07FFu, 0x03FF000Du,
    0x0C0107FFu, 0x03FF000Du, 0x0FFF07FFu, 0x03FF000Cu, 0x000207FFu, 0x03FF000Cu, 0x000207FFu, 0x03FF000Cu,
    0x03FE07FFu, 0x03FF000Cu, 0x03FE07FFu, 0x03FF000Cu, 0x080107FFu, 0x03FF000Cu, 0x080107FFu, 0x03FF000Cu,
    0x0BFF07FFu, 0x03FF000Cu, 0x0BFF07FFu, 0x03FF000Bu, 0x040107FFu, 0x03FF000Bu, 0x040107FFu, 0x03FF000Bu,
    0x040107FFu, 0x03FF000Bu, 0x040107FFu, 0x03FF000Bu, 0x07FF07FFu, 0x03FF000Bu, 0x07FF07FFu, 0x03FF000Bu,
    0x07FF07FFu, 0x03FF000Bu, 0x07FF07FFu, 0x03FF0009u, 0xFE0007FFu, 0x03FF0009u, 0xFE0007FFu, 0x03FF0009u,
    0xFE0007FFu, 0x03FF0009u, 0xFE0007FFu, 0x03FF0009u, 0xFE0007FFu, 0x03FF0009u, 0xFE0007FFu, 0x03FF0009u,
    0xFE0007FFu, 0x03FF0009u, 0xFE0007FFu, 0x03FF0009u, 0xFE0007FFu, 0x03FF0009u, 0xFE0007FFu, 0x03FF0009u,
    0xFE0007FFu, 0x03FF0009u, 0xFE0007FFu, 0x03FF0009u, 0xFE0007FFu, 0x03FF0009u, 0xFE0007FFu, 0x03FF0009u,
    0xFE0007FFu, 0x03FF0009u, 0xFE0007FFu, 0x03FF000Au, 0x000107FFu, 0x03FF000Au, 0x000107FFu, 0x03FF000Au,
    0x000107FFu, 0x03FF000Au, 0x000107FFu, 0x03FF000Au, 0x000107FFu, 0x03FF000Au, 0x000107FFu, 0x03FF000Au,
    0x000107FFu, 0x03FF000Au, 0x000107FFu, 0x03FF000Au, 0x03FF07FFu, 0x03FF000Au, 0x03FF07FFu, 0x03FF000Au,
    0x03FF07FFu, 0x03FF000Au, 0x03FF07FFu, 0x03FF000Au, 0x03FF07FFu, 0x03FF000Au, 0x03FF07FFu, 0x03FF000Au,
    0x03FF07FFu, 0x03FF000Au, 0x03FF07FFu, 0x03FF0005u, 0x0000FE00u, 0x03FF0005u, 0x0000FE00u, 0x03FF0005u,
    0x0000FE00u, 0x03FF0005u, 0x0000FE00u, 0x03FF0005u, 0x0000FE00u, 0x03FF0005u, 0x0000FE00u, 0x03FF0005u,
    0x0000FE00u, 0x03FF0005u, 0x0000FE00u, 0x03FF0005u, 0x0000FE00u, 0x03FF0005u, 0x0000FE00u, 0x03FF0005u,
    0x0000FE00u, 0x03FF0005u, 0x0000FE00u, 0x03FF0005u, 0x0000FE00u, 0x03FF0005u, 0x0000FE00u, 0x03FF0005u,
    0x0000FE00u, 0x03FF0005u, 0x0000FE00u, 0x03FF0005u, 0x0000FE00u, 0x03FF0005u, 0x0000FE00u, 0x03FF0005u,
    0x0000FE00u, 0x03FF0005u, 0x0000FE00u, 0x03FF0005u, 0x0000FE00u, 0x03FF0005u, 0x0000FE00u, 0x03FF0005u,
    0x0000FE00u, 0x03FF0005u, 0x0000FE00u, 0x03FF0005u, 0x0000FE00u, 0x03FF0005u, 0x0000FE00u, 0x03FF0005u,
    0x0000FE00u, 0x03FF0005u, 0x0000FE00u, 0x03FF0005u, 0x0000FE00u, 0x03FF0005u, 0x0000FE00u, 0x03FF0005u,
    0x0000FE00u, 0x03FF0005u, 0x0000FE00u, 0x03FF0005u, 0x0000FE00u, 0x03FF0005u, 0x0000FE00u, 0x03FF0005u,
    0x0000FE00u, 0x03FF0005u, 0x0000FE00u, 0x03FF0005u, 0x0000FE00u, 0x03FF0005u, 0x0000FE00u, 0x03FF0005u,
    0x0000FE00u, 0x03FF0005u, 0x0000FE00u, 0x03FF0005u, 0x0000FE00u, 0x03FF0005u, 0x0000FE00u, 0x03FF0005u,
    0x0000FE00u, 0x03FF0005u, 0x0000FE00u, 0x03FF0005u, 0x0000FE00u, 0x03FF0005u, 0x0000FE00u, 0x03FF0005u,
    0x0000FE00u, 0x03FF0005u, 0x0000FE00u, 0x03FF0005u, 0x0000FE00u, 0x03FF0005u, 0x0000FE00u, 0x03FF0005u,
    0x0000FE00u, 0x03FF0005u, 0x0000FE00u, 0x03FF0005u, 0x0000FE00u, 0x03FF0005u, 0x0000FE00u, 0x03FF0005u,
    0x0000FE00u, 0x03FF0005u, 0x0000FE00u, 0x03FF0005u, 0x0000FE00u, 0x03FF0005u, 0x0000FE00u, 0x03FF0005u,
    0x0000FE00u, 0x03FF0005u, 0x0000FE00u, 0x03FF0005u, 0x0000FE00u, 0x03FF0005u, 0x0000FE00u, 0x03FF0005u,
    0x0000FE00u, 0x03FF0005u, 0x0000FE00u, 0x03FF0005u, 0x0000FE00u, 0x03FF0005u, 0x0000FE00u, 0x03FF0005u,
    0x0000FE00u, 0x03FF0005u, 0x0000FE00u, 0x03FF0005u, 0x0000FE00u, 0x03FF0005u, 0x0000FE00u, 0x03FF0005u,
    0x0000FE00u, 0x03FF0005u, 0x0000FE00u, 0x03FF0005u, 0x0000FE00u, 0x03FF0005u, 0x0000FE00u, 0x03FF0005u,
    0x0000FE00u, 0x03FF0005u, 0x0000FE00u, 0x03FF0005u, 0x0000FE00u, 0x03FF0005u, 0x0000FE00u, 0x03FF0005u,
    0x0000FE00u, 0x03FF0005u, 0x0000FE00u, 0x03FF0005u, 0x0000FE00u, 0x03FF0005u, 0x0000FE00u, 0x03FF0005u,
    0x0000FE00u, 0x03FF0005u, 0x0000FE00u, 0x03FF0005u, 0x0000FE00u, 0x03FF0005u, 0x0000FE00u, 0x03FF0005u,
    0x0000FE00u, 0x03FF0005u, 0x0000FE00u, 0x03FF0005u, 0x0000FE00u, 0x03FF0005u, 0x0000FE00u, 0x03FF0005u,
    0x0000FE00u, 0x03FF0005u, 0x0000FE00u, 0x03FF0005u, 0x0000FE00u, 0x03FF0005u, 0x0000FE00u, 0x03FF0005u,
    0x0000FE00u, 0x03FF0005u, 0x0000FE00u, 0x03FF0005u, 0x0000FE00u, 0x03FF0005u, 0x0000FE00u, 0x03FF0005u,
    0x0000FE00u, 0x03FF0005u, 0x0000FE00u, 0x03FF0005u, 0x0000FE00u, 0x03FF0005u, 0x0000FE00u, 0x03FF0005u,
    0x0000FE00u, 0x03FF0005u, 0x0000FE00u, 0x03FF0005u, 0x0000FE00u, 0x03FF0005u, 0x0000FE00u, 0x03FF0005u,
    0x0000FE00u, 0x03FF0005u, 0x0000FE00u, 0x03FF0005u, 0x0000FE00u, 0x03FF0005u, 0x0000FE00u, 0x03FF0005u,
    0x0000FE00u, 0x03FF0005u, 0x0000FE00u, 0x03FF0005u, 0x0000FE00u, 0x03FF0005u, 0x0000FE00u, 0x03FF0005u,
    0x0000FE00u, 0x03FF0005u, 0x0000FE00u, 0x03FF0005u, 0x0000FE00u, 0x03FF0005u, 0x0000FE00u, 0x03FF0005u,
    0x0000FE00u, 0x03FF0005u, 0x0000FE00u, 0x03FF0005u, 0x0000FE00u, 0x03FF0005u, 0x0000FE00u, 0x03FF0005u,
    0x0000FE00u, 0x03FF0005u, 0x0000FE00u, 0x03FF0005u, 0x0000FE00u, 0x03FF0005u, 0x0000FE00u, 0x03FF0005u,
    0x0000FE00u, 0x03FF0005u, 0x0000FE00u, 0x03FF0005u, 0x0000FE00u, 0x03FF0005u, 0x0000FE00u, 0x03FF0005u,
    0x0000FE00u, 0x03FF0005u, 0x0000FE00u, 0x03FF0005u, 0x0000FE00u, 0x03FF0005u, 0x0000FE00u, 0x03FF0005u,
    0x0000FE00u, 0x03FF0005u, 0x0000FE00u, 0x03FF0005u, 0x0000FE00u, 0x03FF0005u, 0x0000FE00u, 0x03FF0005u,
    0x0000FE00u, 0x03FF0005u, 0x0000FE00u, 0x03FF0005u, 0x0000FE00u, 0x03FF0005u, 0x0000FE00u, 0x03FF0005u,
    0x0000FE00u, 0x03FF0005u, 0x0000FE00u, 0x03FF0005u, 0x0000FE00u, 0x03FF0005u, 0x0000FE00u, 0x03FF0005u,
    0x0000FE00u, 0x03FF0005u, 0x0000FE00u, 0x03FF0005u, 0x0000FE00u, 0x03FF0005u, 0x0000FE00u, 0x03FF0005u,
    0x0000FE00u, 0x03FF0005u, 0x0000FE00u, 0x03FF0005u, 0x0000FE00u, 0x03FF0005u, 0x0000FE00u, 0x03FF0005u,
    0x0000FE00u, 0x03FF0005u, 0x0000FE00u, 0x03FF0005u, 0x0000FE00u, 0x03FF0005u, 0x0000FE00u, 0x03FF0005u,
    0x0000FE00u, 0x03FF0005u, 0x0000FE00u, 0x03FF0005u, 0x0000FE00u, 0x03FF0005u, 0x0000FE00u, 0x03FF0005u,
    0x0000FE00u, 0x03FF0005u, 0x0000FE00u, 0x03FF0005u, 0x0000FE00u, 0x03FF0005u, 0x0000FE00u, 0x03FF0005u,
    0x0000FE00u, 0x03FF0005u, 0x0000FE00u, 0x03FF0005u, 0x0000FE00u, 0x03FF0005u, 0x0000FE00u, 0x03FF0005u,
    0x0000FE00u, 0x03FF0005u, 0x0000FE00u, 0x03FF0005u, 0x0000FE00u, 0x03FF0005u, 0x0000FE00u, 0x03FF0005u,
    0x0000FE00u, 0x03FF0005u, 0x0000FE00u, 0x03FF0005u, 0x0000FE00u, 0x03FF0005u, 0x0000FE00u, 0x03FF0005u,
    0x0000FE00u, 0x03FF0005u, 0x0000FE00u, 0x03FF0005u, 0x0000FE00u, 0x03FF0005u, 0x0000FE00u, 0x03FF0005u,
    0x0000FE00u, 0x03FF0005u, 0x0000FE00u, 0x03FF0005u, 0x0000FE00u, 0x03FF0005u, 0x0000FE00u, 0x03FF0005u,
    0x0000FE00u, 0x03FF0005u, 0x0000FE00u, 0x03FF0005u, 0x0000FE00u, 0x03FF0005u, 0x0000FE00u, 0x03FF0005u,
    0x0000FE00u, 0x03FF0005u, 0x0000FE00u, 0x03FF0005u, 0x0000FE00u, 0x03FF0005u, 0x0000FE00u, 0x03FF0005u,
    0x0000FE00u, 0x03FF0005u, 0x0000FE00u, 0x03FF0005u, 0x0000FE00u, 0x03FF0005u, 0x0000FE00u, 0x03FF0005u,
    0x0000FE00u, 0x03FF0005u, 0x0000FE00u, 0x03FF0005u, 0x0000FE00u, 0x03FF0005u, 0x0000FE00u, 0x03FF0005u,
    0x0000FE00u, 0x03FF0005u, 0x0000FE00u, 0x03FF0005u, 0x0000FE00u, 0x03FF0005u, 0x0000FE00u, 0x03FF0005u,
    0x0000FE00u, 0x03FF0005u, 0x0000FE00u, 0x03FF0005u, 0x0000FE00u, 0x03FF0005u, 0x0000FE00u, 0x03FF0005u,
    0x0000FE00u, 0x03FF0005u, 0x0000FE00u, 0x03FF0005u, 0x0000FE00u, 0x03FF0005u, 0x0000FE00u, 0x03FF0005u,
    0x0000FE00u, 0x03FF0005u, 0x0000FE00u, 0x03FF0005u, 0x0000FE00u, 0x03FF0005u, 0x0000FE00u, 0x03FF0005u,
    0x0000FE00u, 0x03FF0005u, 0x0000FE00u, 0x03FF0005u, 0x0000FE00u, 0x03FF0005u, 0x0000FE00u, 0x03FF0005u,
    0x0000FE00u, 0x03FF0005u, 0x0000FE00u, 0x03FF0005u, 0x0000FE00u, 0x03FF0005u, 0x0000FE00u, 0x03FF0005u,
    0x0000FE00u, 0x03FF0005u, 0x0000FE00u, 0x03FF0005u, 0x0000FE00u, 0x03FF0005u, 0x0000FE00u, 0x03FF0005u,
    0x0000FE00u, 0x03FF0005u, 0x0000FE00u, 0x03FF0005u, 0x0000FE00u, 0x03FF0005u, 0x0000FE00u, 0x03FF0005u,
    0x0000FE00u, 0x03FF0005u, 0x0000FE00u, 0x03FF0005u, 0x0000FE00u, 0x03FF0005u, 0x0000FE00u, 0x03FF0005u,
    0x0000FE00u, 0x03FF0005u, 0x0000FE00u, 0x03FF0005u, 0x0000FE00u, 0x03FF0005u, 0x0000FE00u, 0x03FF0005u,
    0x0000FE00u, 0x03FF0005u, 0x0000FE00u, 0x03FF0005u, 0x0000FE00u, 0x03FF0005u, 0x0000FE00u, 0x03FF0005u,
    0x0000FE00u, 0x03FF0005u, 0x0000FE00u, 0x03FF0005u, 0x0000FE00u, 0x03FF0005u, 0x0000FE00u, 0x03FF0005u,
    0x0000FE00u, 0x03FF0005u, 0x0000FE00u, 0x03FF0005u, 0x0000FE00u, 0x03FF0005u, 0x0000FE00u, 0x03FF0005u,
    0x0000FE00u, 0x03FF0005u, 0x0000FE00u, 0x03FF0006u, 0x00000001u, 0x03FF0006u, 0x00000001u, 0x03FF000Cu,
    0x7C1F0001u, 0x03FF000Cu, 0x7C1F0001u, 0x03FF0006u, 0x00000001u, 0x03FF0006u, 0x00000001u, 0x03FF0006u,
    0x00000001u, 0x03FF0006u, 0x00000001u, 0x03FF000Du, 0x1C010001u, 0x03FF000Du, 0x1FFF0001u, 0x03FF000Du,
    0x18010001u, 0x03FF000Du, 0x1BFF0001u, 0x03FF000Du, 0x04020001u, 0x03FF000Du, 0x07FE0001u, 0x03FF000Du,
    0x14010001u, 0x03FF000Du, 0x17FF0001u, 0x03FF0006u, 0x00000001u, 0x03FF0006u, 0x00000001u, 0x03FF0006u,
    0x00000001u, 0x03FF0006u, 0x00000001u, 0x03FF000Cu, 0x00030001u, 0x03FF000Cu, 0x00030001u, 0x03FF000Cu,
    0x03FD0001u, 0x03FF000Cu, 0x03FD0001u, 0x03FF000Cu, 0x10010001u, 0x03FF000Cu, 0x10010001u, 0x03FF000Cu,
    0x13FF0001u, 0x03FF000Cu, 0x13FF0001u, 0x03FF000Cu, 0x0C010001u, 0x03FF000Cu, 0x0C010001u, 0x03FF000Cu,
    0x0FFF0001u, 0x03FF000Cu, 0x0FFF0001u, 0x03FF000Bu, 0x00020001u, 0x03FF000Bu, 0x00020001u, 0x03FF000Bu,
    0x00020001u, 0x03FF000Bu, 0x00020001u, 0x03FF000Bu, 0x03FE0001u, 0x03FF000Bu, 0x03FE0001u, 0x03FF000Bu,
    0x03FE0001u, 0x03FF000Bu, 0x03FE0001u, 0x03FF000Bu, 0x08010001u, 0x03FF000Bu, 0x08010001u, 0x03FF000Bu,
    0x08010001u, 0x03FF000Bu, 0x08010001u, 0x03FF000Bu, 0x0BFF0001u, 0x03FF000Bu, 0x0BFF0001u, 0x03FF000Bu,
    0x0BFF0001u, 0x03FF000Bu, 0x0BFF0001u, 0x03FF000Au, 0x04010001u, 0x03FF000Au, 0x04010001u, 0x03FF000Au,
    0x04010001u, 0x03FF000Au, 0x04010001u, 0x03FF000Au, 0x04010001u, 0x03FF000Au, 0x04010001u, 0x03FF000Au,
    0x04010001u, 0x03FF000Au, 0x04010001u, 0x03FF000Au, 0x07FF0001u, 0x03FF000Au, 0x07FF0001u, 0x03FF000Au,
    0x07FF0001u, 0x03FF000Au, 0x07FF0001u, 0x03FF000Au, 0x07FF0001u, 0x03FF000Au, 0x07FF0001u, 0x03FF000Au,
    0x07FF0001u, 0x03FF000Au, 0x07FF0001u, 0x03FF0008u, 0xFE000001u, 0x03FF0008u, 0xFE000001u, 0x03FF0008u,
    0xFE000001u, 0x03FF0008u, 0xFE000001u, 0x03FF0008u, 0xFE000001u, 0x03FF0008u, 0xFE000001u, 0x03FF0008u,
    0xFE000001u, 0x03FF0008u, 0xFE000001u, 0x03FF0008u, 0xFE000001u, 0x03FF0008u, 0xFE000001u, 0x03FF0008u,
    0xFE000001u, 0x03FF0008u, 0xFE000001u, 0x03FF0008u, 0xFE000001u, 0x03FF0008u, 0xFE000001u, 0x03FF0008u,
    0xFE000001u, 0x03FF0008u, 0xFE000001u, 0x03FF0008u, 0xFE000001u, 0x03FF0008u, 0xFE000001u, 0x03FF0008u,
    0xFE000001u, 0x03FF0008u, 0xFE000001u, 0x03FF0008u, 0xFE000001u, 0x03FF0008u, 0xFE000001u, 0x03FF0008u,
    0xFE000001u, 0x03FF0008u, 0xFE000001u, 0x03FF0008u, 0xFE000001u, 0x03FF0008u, 0xFE000001u, 0x03FF0008u,
    0xFE000001u, 0x03FF0008u, 0xFE000001u, 0x03FF0008u, 0xFE000001u, 0x03FF0008u, 0xFE000001u, 0x03FF0008u,
    0xFE000001u, 0x03FF0008u, 0xFE000001u, 0x03FF0009u, 0x00010001u, 0x03FF0009u, 0x00010001u, 0x03FF0009u,
    0x00010001u, 0x03FF0009u, 0x00010001u, 0x03FF0009u, 0x00010001u, 0x03FF0009u, 0x00010001u, 0x03FF0009u,
    0x00010001u, 0x03FF0009u, 0x00010001u, 0x03FF0009u, 0x00010001u, 0x03FF0009u, 0x00010001u, 0x03FF0009u,
    0x00010001u, 0x03FF0009u, 0x00010001u, 0x03FF0009u, 0x00010001u, 0x03FF0009u, 0x00010001u, 0x03FF0009u,
    0x00010001u, 0x03FF0009u, 0x00010001u, 0x03FF0009u, 0x03FF0001u, 0x03FF0009u, 0x03FF0001u, 0x03FF0009u,
    0x03FF0001u, 0x03FF0009u, 0x03FF0001u, 0x03FF0009u, 0x03FF0001u, 0x03FF0009u, 0x03FF0001u, 0x03FF0009u,
    0x03FF0001u, 0x03FF0009u, 0x03FF0001u, 0x03FF0009u, 0x03FF0001u, 0x03FF0009u, 0x03FF0001u, 0x03FF0009u,
    0x03FF0001u, 0x03FF0009u, 0x03FF0001u, 0x03FF0009u, 0x03FF0001u, 0x03FF0009u, 0x03FF0001u, 0x03FF0009u,
    0x03FF0001u, 0x03FF0009u, 0x03FF0001u, 0x03FF0006u, 0x000003FFu, 0x03FF0006u, 0x000003FFu, 0x03FF000Cu,
    0x7C1F03FFu, 0x03FF000Cu, 0x7C1F03FFu, 0x03FF0006u, 0x000003FFu, 0x03FF0006u, 0x000003FFu, 0x03FF0006u,
    0x000003FFu, 0x03FF0006u, 0x000003FFu, 0x03FF000Du, 0x1C0103FFu, 0x03FF000Du, 0x1FFF03FFu, 0x03FF000Du,
    0x180103FFu, 0x03FF000Du, 0x1BFF03FFu, 0x03FF000Du, 0x040203FFu, 0x03FF000Du, 0x07FE03FFu, 0x03FF000Du,
    0x140103FFu, 0x03FF000Du, 0x17FF03FFu, 0x03FF0006u, 0x000003FFu, 0x03FF0006u, 0x000003FFu, 0x03FF0006u,
    0x000003FFu, 0x03FF0006u, 0x000003FFu, 0x03FF000Cu, 0x000303FFu, 0x03FF000Cu, 0x000303FFu, 0x03FF000Cu,
    0x03FD03FFu, 0x03FF000Cu, 0x03FD03FFu, 0x03FF000Cu, 0x100103FFu, 0x03FF000Cu, 0x100103FFu, 0x03FF000Cu,
    0x13FF03FFu, 0x03FF000Cu, 0x13FF03FFu, 0x03FF000Cu, 0x0C0103FFu, 0x03FF000Cu, 0x0C0103FFu, 0x03FF000Cu,
    0x0FFF03FFu, 0x03FF000Cu, 0x0FFF03FFu, 0x03FF000Bu, 0x000203FFu, 0x03FF000Bu, 0x000203FFu, 0x03FF000Bu,
    0x000203FFu, 0x03FF000Bu, 0x000203FFu, 0x03FF000Bu, 0x03FE03FFu, 0x03FF000Bu, 0x03FE03FFu, 0x03FF000Bu,
    0x03FE03FFu, 0x03FF000Bu, 0x03FE03FFu, 0x03FF000Bu, 0x080103FFu, 0x03FF000Bu, 0x080103FFu, 0x03FF000Bu,
    0x080103FFu, 0x03FF000Bu, 0x080103FFu, 0x03FF000Bu, 0x0BFF03FFu, 0x03FF000Bu, 0x0BFF03FFu, 0x03FF000Bu,
    0x0BFF03FFu, 0x03FF000Bu, 0x0BFF03FFu, 0x03FF000Au, 0x040103FFu, 0x03FF000Au, 0x040103FFu, 0x03FF000Au,
    0x040103FFu, 0x03FF000Au, 0x040103FFu, 0x03FF000Au, 0x040103FFu, 0x03FF000Au, 0x040103FFu, 0x03FF000Au,
    0x040103FFu, 0x03FF000Au, 0x040103FFu, 0x03FF000Au, 0x07FF03FFu, 0x03FF000Au, 0x07FF03FFu, 0x03FF000Au,
    0x07FF03FFu, 0x03FF000Au, 0x07FF03FFu, 0x03FF000Au, 0x07FF03FFu, 0x03FF000Au, 0x07FF03FFu, 0x03FF000Au,
    0x07FF03FFu, 0x03FF000Au, 0x07FF03FFu, 0x03FF0008u, 0xFE0003FFu, 0x03FF0008u, 0xFE0003FFu, 0x03FF0008u,
    0xFE0003FFu, 0x03FF0008u, 0xFE0003FFu, 0x03FF0008u, 0xFE0003FFu, 0x03FF0008u, 0xFE0003FFu, 0x03FF0008u,
    0xFE0003FFu, 0x03FF0008u, 0xFE0003FFu, 0x03FF0008u, 0xFE0003FFu, 0x03FF0008u, 0xFE0003FFu, 0x03FF0008u,
    0xFE0003FFu, 0x03FF0008u, 0xFE0003FFu, 0x03FF0008u, 0xFE0003FFu, 0x03FF0008u, 0xFE0003FFu, 0x03FF0008u,
    0xFE0003FFu, 0x03FF0008u, 0xFE0003FFu, 0x03FF0008u, 0xFE0003FFu, 0x03FF0008u, 0xFE0003FFu, 0x03FF0008u,
    0xFE0003FFu, 0x03FF0008u, 0xFE0003FFu, 0x03FF0008u, 0xFE0003FFu, 0x03FF0008u, 0xFE0003FFu, 0x03FF0008u,
    0xFE0003FFu, 0x03FF0008u, 0xFE0003FFu, 0x03FF0008u, 0xFE0003FFu, 0x03FF0008u, 0xFE0003FFu, 0x03FF0008u,
    0xFE0003FFu, 0x03FF0008u, 0xFE0003FFu, 0x03FF0008u, 0xFE0003FFu, 0x03FF0008u, 0xFE0003FFu, 0x03FF0008u,
    0xFE0003FFu, 0x03FF0008u, 0xFE0003FFu, 0x03FF0009u, 0x000103FFu, 0x03FF0009u, 0x000103FFu, 0x03FF0009u,
    0x000103FFu, 0x03FF0009u, 0x000103FFu, 0x03FF0009u, 0x000103FFu, 0x03FF0009u, 0x000103FFu, 0x03FF0009u,
    0x000103FFu, 0x03FF0009u, 0x000103FFu, 0x03FF0009u, 0x000103FFu, 0x03FF0009u, 0x000103FFu, 0x03FF0009u,
    0x000103FFu, 0x03FF0009u, 0x000103FFu, 0x03FF0009u, 0x000103FFu, 0x03FF0009u, 0x000103FFu, 0x03FF0009u,
    0x000103FFu, 0x03FF0009u, 0x000103FFu, 0x03FF0009u, 0x03FF03FFu, 0x03FF0009u, 0x03FF03FFu, 0x03FF0009u,
    0x03FF03FFu, 0x03FF0009u, 0x03FF03FFu, 0x03FF0009u, 0x03FF03FFu, 0x03FF0009u, 0x03FF03FFu, 0x03FF0009u,
    0x03FF03FFu, 0x03FF0009u, 0x03FF03FFu, 0x03FF0009u, 0x03FF03FFu, 0x03FF0009u, 0x03FF03FFu, 0x03FF0009u,
    0x03FF03FFu, 0x03FF0009u, 0x03FF03FFu, 0x03FF0009u, 0x03FF03FFu, 0x03FF0009u, 0x03FF03FFu, 0x03FF0009u,
    0x03FF03FFu, 0x03FF0009u, 0x03FF03FFu, 0x04120009u, 0x07EE0009u, 0x04110009u, 0x07EF0009u, 0x04100009u,
    0x07F00009u, 0x040F0009u, 0x07F10009u, 0x18030009u, 0x1BFD0009u, 0x40020009u, 0x43FE0009u, 0x3C020009u,
    0x3FFE0009u, 0x38020009u, 0x3BFE0009u, 0x34020009u, 0x37FE0009u, 0x30020009u, 0x33FE0009u, 0x2C020009u,
    0x2FFE0009u, 0x7C010009u, 0x7FFF0009u, 0x78010009u, 0x7BFF0009u, 0x74010009u, 0x77FF0009u, 0x70010009u,
    0x73FF0009u, 0x6C010009u, 0x6FFF0009u, 0x00280008u, 0x00280008u, 0x03D80008u, 0x03D80008u, 0x00270008u,
    0x00270008u, 0x03D90008u, 0x03D90008u, 0x00260008u, 0x00260008u, 0x03DA0008u, 0x03DA0008u, 0x00250008u,
    0x00250008u, 0x03DB0008u, 0x03DB0008u, 0x00240008u, 0x00240008u, 0x03DC0008u, 0x03DC0008u, 0x00230008u,
    0x00230008u, 0x03DD0008u, 0x03DD0008u, 0x00220008u, 0x00220008u, 0x03DE0008u, 0x03DE0008u, 0x00210008u,
    0x00210008u, 0x03DF0008u, 0x03DF0008u, 0x00200008u, 0x00200008u, 0x03E00008u, 0x03E00008u, 0x040E0008u,
    0x040E0008u, 0x07F20008u, 0x07F20008u, 0x040D0008u, 0x040D0008u, 0x07F30008u, 0x07F30008u, 0x040C0008u,
    0x040C0008u, 0x07F40008u, 0x07F40008u, 0x040B0008u, 0x040B0008u, 0x07F50008u, 0x07F50008u, 0x040A0008u,
    0x040A0008u, 0x07F60008u, 0x07F60008u, 0x04090008u, 0x04090008u, 0x07F70008u, 0x07F70008u, 0x04080008u,
    0x04080008u, 0x07F80008u, 0x07F80008u, 0x001F0007u, 0x001F0007u, 0x001F0007u, 0x001F0007u, 0x03E10007u,
    0x03E10007u, 0x03E10007u, 0x03E10007u, 0x001E0007u, 0x001E0007u, 0x001E0007u, 0x001E0007u, 0x03E20007u,
    0x03E20007u, 0x03E20007u, 0x03E20007u, 0x001D0007u, 0x001D0007u, 0x001D0007u, 0x001D0007u, 0x03E30007u,
    0x03E30007u, 0x03E30007u, 0x03E30007u, 0x001C0007u, 0x001C0007u, 0x001C0007u, 0x001C0007u, 0x03E40007u,
    0x03E40007u, 0x03E40007u, 0x03E40007u, 0x001B0007u, 0x001B0007u, 0x001B0007u, 0x001B0007u, 0x03E50007u,
    0x03E50007u, 0x03E50007u, 0x03E50007u, 0x001A0007u, 0x001A0007u, 0x001A0007u, 0x001A0007u, 0x03E60007u,
    0x03E60007u, 0x03E60007u, 0x03E60007u, 0x00190007u, 0x00190007u, 0x00190007u, 0x00190007u, 0x03E70007u,
    0x03E70007u, 0x03E70007u, 0x03E70007u, 0x00180007u, 0x00180007u, 0x00180007u, 0x00180007u, 0x03E80007u,
    0x03E80007u, 0x03E80007u, 0x03E80007u, 0x00170007u, 0x00170007u, 0x00170007u, 0x00170007u, 0x03E90007u,
    0x03E90007u, 0x03E90007u, 0x03E90007u, 0x00160007u, 0x00160007u, 0x00160007u, 0x00160007u, 0x03EA0007u,
    0x03EA0007u, 0x03EA0007u, 0x03EA0007u, 0x00150007u, 0x00150007u, 0x00150007u, 0x00150007u, 0x03EB0007u,
    0x03EB0007u, 0x03EB0007u, 0x03EB0007u, 0x00140007u, 0x00140007u, 0x00140007u, 0x00140007u, 0x03EC0007u,
    0x03EC0007u, 0x03EC0007u, 0x03EC0007u, 0x00130007u, 0x00130007u, 0x00130007u, 0x00130007u, 0x03ED0007u,
    0x03ED0007u, 0x03ED0007u, 0x03ED0007u, 0x00120007u, 0x00120007u, 0x00120007u, 0x00120007u, 0x03EE0007u,
    0x03EE0007u, 0x03EE0007u, 0x03EE0007u, 0x00110007u, 0x00110007u, 0x00110007u, 0x00110007u, 0x03EF0007u,
    0x03EF0007u, 0x03EF0007u, 0x03EF0007u, 0x00100007u, 0x00100007u, 0x00100007u, 0x00100007u, 0x03F00007u,
    0x03F00007u, 0x03F00007u, 0x03F00007u, 0x28020006u, 0x28020006u, 0x28020006u, 0x28020006u, 0x28020006u,
    0x28020006u, 0x28020006u, 0x28020006u, 0x2BFE0006u, 0x2BFE0006u, 0x2BFE0006u, 0x2BFE0006u, 0x2BFE0006u,
    0x2BFE0006u, 0x2BFE0006u, 0x2BFE0006u, 0x24020006u, 0x24020006u, 0x24020006u, 0x24020006u, 0x24020006u,
    0x24020006u, 0x24020006u, 0x24020006u, 0x27FE0006u, 0x27FE0006u, 0x27FE0006u, 0x27FE0006u, 0x27FE0006u,
    0x27FE0006u, 0x27FE0006u, 0x27FE0006u, 0x14030006u, 0x14030006u, 0x14030006u, 0x14030006u, 0x14030006u,
    0x14030006u, 0x14030006u, 0x14030006u, 0x17FD0006u, 0x17FD0006u, 0x17FD0006u, 0x17FD0006u, 0x17FD0006u,
    0x17FD0006u, 0x17FD0006u, 0x17FD0006u, 0x0C040006u, 0x0C040006u, 0x0C040006u, 0x0C040006u, 0x0C040006u,
    0x0C040006u, 0x0C040006u, 0x0C040006u, 0x0FFC0006u, 0x0FFC0006u, 0x0FFC0006u, 0x0FFC0006u, 0x0FFC0006u,
    0x0FFC0006u, 0x0FFC0006u, 0x0FFC0006u, 0x08050006u, 0x08050006u, 0x08050006u, 0x08050006u, 0x08050006u,
    0x08050006u, 0x08050006u, 0x08050006u, 0x0BFB0006u, 0x0BFB0006u, 0x0BFB0006u, 0x0BFB0006u, 0x0BFB0006u,
    0x0BFB0006u, 0x0BFB0006u, 0x0BFB0006u, 0x04070006u, 0x04070006u, 0x04070006u, 0x04070006u, 0x04070006u,
    0x04070006u, 0x04070006u, 0x04070006u, 0x07F90006u, 0x07F90006u, 0x07F90006u, 0x07F90006u, 0x07F90006u,
    0x07F90006u, 0x07F90006u, 0x07F90006u, 0x04060006u, 0x04060006u, 0x04060006u, 0x04060006u, 0x04060006u,
    0x04060006u, 0x04060006u, 0x04060006u, 0x07FA0006u, 0x07FA0006u, 0x07FA0006u, 0x07FA0006u, 0x07FA0006u,
    0x07FA0006u, 0x07FA0006u, 0x07FA0006u, 0x000F0006u, 0x000F0006u, 0x000F0006u, 0x000F0006u, 0x000F0006u,
    0x000F0006u, 0x000F0006u, 0x000F0006u, 0x03F10006u, 0x03F10006u, 0x03F10006u, 0x03F10006u, 0x03F10006u,
    0x03F10006u, 0x03F10006u, 0x03F10006u, 0x000E0006u, 0x000E0006u, 0x000E0006u, 0x000E0006u, 0x000E0006u,
    0x000E0006u, 0x000E0006u, 0x000E0006u, 0x03F20006u, 0x03F20006u, 0x03F20006u, 0x03F20006u, 0x03F20006u,
    0x03F20006u, 0x03F20006u, 0x03F20006u, 0x000D0006u, 0x000D0006u, 0x000D0006u, 0x000D0006u, 0x000D0006u,
    0x000D0006u, 0x000D0006u, 0x000D0006u, 0x03F30006u, 0x03F30006u, 0x03F30006u, 0x03F30006u, 0x03F30006u,
    0x03F30006u, 0x03F30006u, 0x03F30006u, 0x000C0006u, 0x000C0006u, 0x000C0006u, 0x000C0006u, 0x000C0006u,
    0x000C0006u, 0x000C0006u, 0x000C0006u, 0x03F40006u, 0x03F40006u, 0x03F40006u, 0x03F40006u, 0x03F40006u,
    0x03F40006u, 0x03F40006u, 0x03F40006u, 0x68010006u, 0x68010006u, 0x68010006u, 0x68010006u, 0x68010006u,
    0x68010006u, 0x68010006u, 0x68010006u, 0x6BFF0006u, 0x6BFF0006u, 0x6BFF0006u, 0x6BFF0006u, 0x6BFF0006u,
    0x6BFF0006u, 0x6BFF0006u, 0x6BFF0006u, 0x64010006u, 0x64010006u, 0x64010006u, 0x64010006u, 0x64010006u,
    0x64010006u, 0x64010006u, 0x64010006u, 0x67FF0006u, 0x67FF0006u, 0x67FF0006u, 0x67FF0006u, 0x67FF0006u,
    0x67FF0006u, 0x67FF0006u, 0x67FF0006u, 0x60010006u, 0x60010006u, 0x60010006u, 0x60010006u, 0x60010006u,
    0x60010006u, 0x60010006u, 0x60010006u, 0x63FF0006u, 0x63FF0006u, 0x63FF0006u, 0x63FF0006u, 0x63FF0006u,
    0x63FF0006u, 0x63FF0006u, 0x63FF0006u, 0x5C010006u, 0x5C010006u, 0x5C010006u, 0x5C010006u, 0x5C010006u,
    0x5C010006u, 0x5C010006u, 0x5C010006u, 0x5FFF0006u, 0x5FFF0006u, 0x5FFF0006u, 0x5FFF0006u, 0x5FFF0006u,
    0x5FFF0006u, 0x5FFF0006u, 0x5FFF0006u, 0x58010006u, 0x58010006u, 0x58010006u, 0x58010006u, 0x58010006u,
    0x58010006u, 0x58010006u, 0x58010006u, 0x5BFF0006u, 0x5BFF0006u, 0x5BFF0006u, 0x5BFF0006u, 0x5BFF0006u,
    0x5BFF0006u, 0x5BFF0006u, 0x5BFF0006u, 0x1F801814u, 0x00000032u, 0x00200000u, 0x00000400u, 0x02000200u,
    0x0000007Fu, 0x1F801814u, 0x00000019u, 0x00000200u, 0xFF000000u, 0x40000000u, 0x1F801814u, 0x1F801814u,
    0x018003C0u, 0x00010010u, 0x00000040u, 0x1F801814u, 0x00000170u, 0x000001E0u, 0x1F801814u, 0x800B7680u,
    0x1F801814u, 0x1F801814u, 0x1F801814u, 0x1F801814u, 0x6C346B34u, 0x6D346C74u, 0x00612F6Eu, 0x1F801814u,
    0x00032000u, 0x0000A000u, 0x001D001Du, 0x0000001Du, 0x10000000u, 0x1F801814u, 0x1F801814u, 0x1F801814u,
    0x73257325u, 0x0000313Bu, 0x414F425Cu, 0x005C5354u, 0x4E4F425Cu, 0x005C5355u, 0x5C594144u, 0x4847494Eu,
    0x00005C54u, 0x5252494Du, 0x005C524Fu, 0x41494D5Cu, 0x005C494Du, 0x4C49575Cu, 0x00005C44u, 0x534F4C5Cu,
    0x00005C54u, 0x56414C5Cu, 0x00005C41u, 0x4D4F435Cu, 0x00005C50u, 0x00007325u, 0x73257325u, 0x2E44454Du,
    0x0054454Au, 0x4D524F46u, 0x5354454Au, 0x414D4954u, 0x73257325u, 0x0000313Bu, 0x1F801814u, 0x10001000u,
    0x1F801814u, 0x00000040u, 0x00400040u, 0x00400040u, 0x00400040u, 0x01000100u, 0x00100040u, 0x00400040u,
    0x01000100u, 0x1F801814u, 0x01F00200u, 0x00040100u, 0x1F801814u, 0x1F801814u, 0x0000FFE3u, 0x562E7325u,
    0x00000048u, 0x562E7325u, 0x00000042u, 0x554F535Cu, 0x005C444Eu, 0x554E454Du, 0x3554454Au, 0x41455053u,
    0x0000004Bu, 0x1F801814u, 0x004B4018u, 0x00701060u, 0x1F801814u, 0x1F801814u, 0x013C0137u, 0x0000000Bu,
    0x007F007Du, 0x0000000Bu, 0x1F801814u, 0x00281E32u, 0x008AA2A2u, 0x005A5046u, 0x00001000u, 0x00600000u,
    0x00000080u, 0x1F801814u, 0xEC3504E6u, 0x00004260u, 0xEC3705E0u, 0x0000425Au, 0x04000200u, 0x02000200u,
    0x08EE00D2u, 0x0000C33Bu, 0x0FAE00CBu, 0x0000C00Eu, 0x08EE00FDu, 0x0000C802u, 0x0FAE00F6u, 0x0000CB7Au,
    0x4D524F46u, 0x5354454Au, 0x54414F42u, 0x4D494E41u, 0x00001000u, 0x1F801814u, 0x00130013u, 0x8009365Cu,
    0x1F801814u, 0x00130013u, 0x80094BF4u, 0x00130013u, 0x8009422Cu, 0x0000005Cu, 0x00040000u, 0x0000000Cu,
    0xFFFF0000u, 0x0000FFFFu, 0x4E454D5Cu, 0x00000055u, 0x73257325u, 0x0000005Cu, 0x00007325u, 0x4E454D5Cu,
    0x00000055u, 0x64616572u, 0x00000079u, 0x2E257562u, 0x003A7832u, 0x474E4F44u, 0x0000454Cu, 0x0000005Cu,
    0x4E4F4E20u, 0x000A2E45u, 0x44414220u, 0x00000A2Eu, 0x57454E20u, 0x00000A2Eu, 0x4E494620u, 0x000A2E45u,
    0x4E454D5Cu, 0x00000055u, 0x5441445Cu, 0x00005C41u, 0x5441445Cu, 0x00005C41u, 0x31202064u, 0x32202064u,
    0x33202064u, 0x34202064u, 0x35202064u, 0x36202064u, 0x3120206Eu, 0x3220206Eu, 0x3320206Eu, 0x3420206Eu,
    0x3520206Eu, 0x3620206Eu, 0x3120206Du, 0x3220206Du, 0x3320206Du, 0x3420206Du, 0x3520206Du, 0x3620206Du,
    0x79616420u, 0x74696E20u, 0x6D697272u, 0x63617266u, 0x616F6220u, 0x6B617120u, 0x72747320u, 0x72747862u,
    0x72727568u, 0x68737572u, 0x00612F6Eu, 0x63617266u, 0x726E6977u, 0xFFFF0000u, 0x5441445Cu, 0x00005C41u,
    0x2E2E2E2Eu, 0x72727568u, 0x00000007u, 0x0000000Fu, 0x00000003u, 0x00000014u, 0x00000040u, 0x00000040u,
    0x000009C8u, 0x000009C8u, 0x000002D4u, 0x00000388u, 0x000009C8u, 0x000009C8u, 0xFF93FFAEu, 0x00000009u,
    0xFF95FFB1u, 0x00000003u, 0xFF93002Au, 0x00000009u, 0xFF950027u, 0x00000003u, 0xF1050000u, 0x0000FA62u,
    0x29201818u, 0x0041FFCEu, 0x00000009u, 0x0043FFD1u, 0x00000003u, 0x00410011u, 0x00000009u, 0x00430015u,
    0x00000003u, 0xF1050000u, 0x0000FA62u, 0x29201818u, 0xFFBDFFB7u, 0x00000003u, 0xFFBFFFB5u, 0x00000009u,
    0xFFBDFFFFu, 0x00000003u, 0xFFBFFFFDu, 0x00000009u, 0x0EFB0000u, 0x0000FA62u, 0x29201818u, 0xFFBFFFFDu,
    0x00000009u, 0xFFEB0003u, 0x00000009u, 0xFFBDFFFFu, 0x00000003u, 0xFFED0006u, 0x00000003u, 0x026BF192u,
    0x0000F988u, 0x29201818u, 0xFFEBFFD7u, 0x00000009u, 0xFFEDFFDAu, 0x00000003u, 0xFFEB0003u, 0x00000009u,
    0xFFED0006u, 0x00000003u, 0xF1050000u, 0x0000FA62u, 0x29201818u, 0xFF93FFAEu, 0x00000009u, 0xFFBFFFB5u,
    0x00000009u, 0xFF95FFB1u, 0x00000003u, 0xFFBDFFB7u, 0x00000003u, 0x026CF18Bu, 0x0000F999u, 0x29201818u,
    0xFFEBFFD7u, 0x00000009u, 0x0015FFDEu, 0x00000009u, 0xFFEDFFDAu, 0x00000003u, 0x0013FFE1u, 0x00000003u,
    0x0264F1B8u, 0x0000F933u, 0x29201818u, 0x0006003Cu, 0x00000003u, 0x006B004Fu, 0x00000003u, 0x0004003Fu,
    0x00000009u, 0x006D0052u, 0x00000009u, 0xFD500E78u, 0x0000F9BAu, 0x29201818u, 0xFFFB003Au, 0x00000003u,
    0x00000038u, 0x00000003u, 0xFFFD003Du, 0x00000009u, 0x0000003Cu, 0x00000009u, 0x05340CA4u, 0x0000F7B0u,
    0x29201818u, 0x006BFFD8u, 0x00000003u, 0x006DFFD5u, 0x00000009u, 0x006B004Fu, 0x00000003u, 0x006D0052u,
    0x00000009u, 0x0EFB0000u, 0x0000FA62u, 0x29201818u, 0xFF950027u, 0x00000003u, 0xFFFB003Au, 0x00000003u,
    0xFF93002Au, 0x00000009u, 0xFFFD003Du, 0x00000009u, 0xFD520E6Eu, 0x0000F9A2u, 0x29201818u, 0x0015000Au,
    0x00000009u, 0x00410011u, 0x00000009u, 0x0013000Du, 0x00000003u, 0x00430015u, 0x00000003u, 0x0265F1B3u,
    0x0000F93Du, 0x29201818u, 0x0041FFCEu, 0x00000009u, 0x006DFFD5u, 0x00000009u, 0x0043FFD1u, 0x00000003u,
    0x006BFFD8u, 0x00000003u, 0x0264F1B8u, 0x0000F933u, 0x29201818u, 0x0013FFE1u, 0x00000003u, 0x0015FFDEu,
    0x00000009u, 0x0013000Du, 0x00000003u, 0x0015000Au, 0x00000009u, 0x0EFB0000u, 0x0000FA62u, 0x29201818u,
    0x00000038u, 0x00000003u, 0x0006003Cu, 0x00000003u, 0x0000003Cu, 0x00000009u, 0x0004003Fu, 0x00000009u,
    0xF69E0AD3u, 0x0000F8E1u, 0x29201818u, 0xFFF40010u, 0x007FFFF7u, 0x000C0015u, 0x0190FFF7u, 0x0000002Bu,
    0x0250FFF7u, 0x0201F000u, 0x00C8F000u, 0x0500F000u, 0x31BBB4B4u, 0x00C7C2C2u, 0x00CFCCCCu, 0xFFF40010u,
    0x0000FFF7u, 0x0000002Bu, 0x0201FFF7u, 0xFFF40031u, 0x00C8FFF7u, 0xFDE8F000u, 0x0000F000u, 0x6972F000u,
    0x31BBB4B4u, 0x00CFCCCCu, 0x00CECBCBu, 0x000C0015u, 0x6172FFF7u, 0x000C0035u, 0x6500FFF7u, 0x0000002Bu,
    0xD9D5FFF7u, 0xB318F000u, 0x9430F000u, 0x8698F000u, 0x31C7C2C2u, 0x00D9D7D7u, 0x00CFCCCCu, 0x004AFFDBu,
    0x0063FFF7u, 0x0063FFE0u, 0x0075FFF7u, 0x004A0020u, 0x008FFFF7u, 0x00630046u, 0x00A3FFF7u, 0x00AFF000u,
    0x00B7F000u, 0x00B7F000u, 0x0000F000u, 0x39C2BFBFu, 0x00CFCFCFu, 0x00E3E2E2u, 0x00FDFDFDu, 0xFFB50005u,
    0xB748FFF7u, 0xFFF40010u, 0xD350FFF7u, 0xFF9C0020u, 0x0000FFF7u, 0xFFF40031u, 0x0000FFF7u, 0x0000F000u,
    0x0000F000u, 0x0000F000u, 0x0000F000u, 0x399C8F8Fu, 0x00BBB4B4u, 0x00A59D9Du, 0x00CECBCBu, 0xFF9CFFBAu,
    0x0000FFF7u, 0xFFB5FFBFu, 0x0000FFF7u, 0xFF9C0020u, 0x0000FFF7u, 0xFFB50005u, 0x0000FFF7u, 0x0000F000u,
    0x0000F000u, 0x0000F000u, 0x0000F000u, 0x39604040u, 0x006E5353u, 0x00A59D9Du, 0x009C8F8Fu, 0x000C0015u,
    0x0000FFF7u, 0x004A0020u, 0xCCCDFFF7u, 0x000C0035u, 0x0000FFF7u, 0x00630046u, 0x0000FFF7u, 0x0000F000u,
    0x0000F000u, 0x0000F000u, 0x0000F000u, 0x39C7C2C2u, 0x00E3E2E2u, 0x00D9D7D7u, 0x00FDFDFDu, 0xFFF4FFE4u,
    0x0000FFF7u, 0x000CFFE9u, 0x0000FFF7u, 0xFFF40010u, 0x0000FFF7u, 0x000C0015u, 0x0000FFF7u, 0x0000F000u,
    0x0000F000u, 0x0000F000u, 0x12EDF000u, 0x39A19595u, 0x00AEA5A5u, 0x00BBB4B4u, 0x00C7C2C2u, 0xFFB5FFBFu,
    0x0000FFF7u, 0xFFBDFFB7u, 0x00000003u, 0xFFB50005u, 0x0000FFF7u, 0xFFBDFFFFu, 0x00000003u, 0x0DF10000u,
    0x0000F828u, 0x09B9F826u, 0x0002F603u, 0x09B5F821u, 0x0000F604u, 0x0DF10000u, 0x0000F828u, 0x39FEFEFEu,
    0x00FEFEFEu, 0x00A0A0A0u, 0x00A0A0A0u, 0xFF95FFB1u, 0x00000003u, 0xFF9CFFBAu, 0x0000FFF7u, 0xFF950027u,
    0x00000003u, 0xFF9C0020u, 0x0000FFF7u, 0xF20F0000u, 0x0000F828u, 0xF850F754u, 0x0000F4F9u, 0xF20F0000u,
    0x0001F828u, 0xF63407DFu, 0xFDF4F61Au, 0x39C0C0C0u, 0x00C0C0C0u, 0x00C0C0C0u, 0x00C0C0C0u, 0x0043FFD1u,
    0x00000003u, 0x004AFFDBu, 0x0000FFF7u, 0x00430015u, 0x00000003u, 0x004A0020u, 0x0000FFF7u, 0xF20F0000u,
    0x0000F828u, 0xF853F775u, 0x0000F4DDu, 0xF851F7B1u, 0x0000F4B2u, 0xF20F0000u, 0x0000F828u, 0x39C0C0C0u,
    0x00C0C0C0u, 0x00C0C0C0u, 0x00C0C0C0u, 0xFFEDFFDAu, 0x00000003u, 0x0013FFE1u, 0x00000003u, 0xFFF4FFE4u,
    0x0000FFF7u, 0x000CFFE9u, 0x0000FFF7u, 0x022AF321u, 0x0000F6BFu, 0x099FF850u, 0x0000F5CAu, 0xF849F792u,
    0x0000F4CEu, 0x022AF321u, 0x0000F6BFu, 0x39C0C0C0u, 0x00FEFEFEu, 0x00C0C0C0u, 0x00FEFEFEu, 0x0013000Du,
    0x00000003u, 0x00430015u, 0x00000003u, 0x000C0015u, 0x999AFFF7u, 0x004A0020u, 0x0000FFF7u, 0x022FF349u,
    0x0000F68Bu, 0xF851F7B1u, 0x0000F4B2u, 0x099CF86Du, 0x0000F5B2u, 0x022FF349u, 0x0000F68Bu, 0x39C0C0C0u,
    0x00C0C0C0u, 0x00C0C0C0u, 0x00C0C0C0u, 0xFF95FFB1u, 0x00000003u, 0xFFBDFFB7u, 0x00000003u, 0xFF9CFFBAu,
    0x0000FFF7u, 0xFFB5FFBFu, 0x0000FFF7u, 0x024FF2E0u, 0x0000F726u, 0x09B9F826u, 0xCCCDF603u, 0xF850F754u,
    0x0000F4F9u, 0x024FF2E0u, 0x0032F726u, 0x39C0C0C0u, 0x00FEFEFEu, 0x00C0C0C0u, 0x00FEFEFEu, 0xFF9C0020u,
    0x0000FFF7u, 0xFFF40031u, 0x0000FFF7u, 0xFF950027u, 0x00000003u, 0xFFFB003Au, 0x00000003u, 0xF63407DFu,
    0x0000F61Au, 0xFD8A0D2Eu, 0x0000F745u, 0xFD8A0D2Eu, 0xCCCDF745u, 0x010D0C6Au, 0x0000F5F7u, 0x39C0C0C0u,
    0x00C0C0C0u, 0x00C0C0C0u, 0x00C0C0C0u, 0xFFBDFFFFu, 0x00000003u, 0xFFED0006u, 0xCCCD0003u, 0xFFB50005u,
    0x0000FFF7u, 0xFFF40010u, 0x0000FFF7u, 0x0243F2DBu, 0x04F3F72Cu, 0xF84AF752u, 0x0000F4FEu, 0x09B5F821u,
    0x04F3F604u, 0x0243F2DBu, 0x0000F72Cu, 0x39C0C0C0u, 0x00C0C0C0u, 0x00C0C0C0u, 0x00C0C0C0u, 0xFFF40031u,
    0x4CA0FFF7u, 0x0000002Bu, 0x0000FFF7u, 0xFFFB003Au, 0x00000003u, 0x00000038u, 0x00000003u, 0x04810AF0u,
    0x0000F53Bu, 0xFDDE0B4Cu, 0x0000F4E0u, 0x010D0C6Au, 0x0000F5F7u, 0xFDDE0B4Cu, 0x0000F4E0u, 0x39BFBFBFu,
    0x00303030u, 0x00BFBFBFu, 0x00303030u, 0x000C0035u, 0x0000FFF7u, 0x00630046u, 0x0000FFF7u, 0x0006003Cu,
    0x00000003u, 0x006B004Fu, 0x00000003u, 0xFA6D0BC2u, 0x0000F6B2u, 0xFD870D40u, 0x0000F763u, 0xFD870D40u,
    0xB36EF763u, 0x07A108D1u, 0x0000F50Du, 0x39C0C0C0u, 0x00FEFEFEu, 0x00C0C0C0u, 0x00FEFEFEu, 0x000CFFE9u,
    0x0000FFF7u, 0x0013FFE1u, 0x00000003u, 0x000C0015u, 0x984DFFF7u, 0x0013000Du, 0x00000003u, 0x0DF10000u,
    0x0000F828u, 0x099FF850u, 0x984DF5CAu, 0x099CF86Du, 0x0000F5B2u, 0x0DF10000u, 0x0000F828u, 0x39FEFEFEu,
    0x00FEFEFEu, 0x00A0A0A0u, 0x00FEFEFEu, 0x0063FFE0u, 0x0000FFF7u, 0x006BFFD8u, 0x00000003u, 0x00630046u,
    0x0002FFF7u, 0x006B004Fu, 0x00040003u, 0x0DF10000u, 0x0002F828u, 0x09B0F841u, 0x0006F5E6u, 0x0DF10000u,
    0x0004F828u, 0x07A108D1u, 0x0008F50Du, 0x39C0C0C0u, 0x00C0C0C0u, 0x00FEFEFEu, 0x00FEFEFEu, 0xFFEDFFDAu,
    0x000A0003u, 0xFFF4FFE4u, 0x0000FFF7u, 0xFFED0006u, 0x00020003u, 0xFFF40010u, 0x0004FFF7u, 0xF20F0000u,
    0x0002F828u, 0xF849F792u, 0x0006F4CEu, 0xF84AF752u, 0x0004F4FEu, 0xF20F0000u, 0x0008F828u, 0x39C0C0C0u,
    0x00C0C0C0u, 0x00C0C0C0u, 0x00C0C0C0u, 0x0000002Bu, 0x000AFFF7u, 0x000C0035u, 0x0000FFF7u, 0x00000038u,
    0x00000003u, 0x0006003Cu, 0x00000003u, 0xFDDE0B4Cu, 0x0000F4E0u, 0xFA6D0BC2u, 0x0000F6B2u, 0xFDDE0B4Cu,
    0x0000F4E0u, 0xF79809B3u, 0x0000F673u, 0x39303030u, 0x00BFBFBFu, 0x00303030u, 0x00BFBFBFu, 0x0043FFD1u,
    0x00000003u, 0x006BFFD8u, 0x00000003u, 0x004AFFDBu, 0x0054FFF7u, 0x0063FFE0u, 0x0000FFF7u, 0x0248F306u,
    0x0000F6EDu, 0x09B0F841u, 0x0000F5E6u, 0xF853F775u, 0x0000F4DDu, 0x0248F306u, 0x0000F6EDu, 0x39C0C0C0u,
    0x00C0C0C0u, 0x00C0C0C0u, 0x00C0C0C0u, 0x0000000Cu, 0x00000011u, 0x00000040u, 0x00000040u, 0x000007A0u,
    0x000007A0u, 0x00000250u, 0x00000250u, 0x000007A0u, 0x000007A0u, 0xFF93FFAFu, 0x29010009u, 0x0022FFC7u,
    0x27020009u, 0xFF95FFB2u, 0x00000003u, 0x0020FFCAu, 0x00000003u, 0x0268F19Eu, 0x0000F96Du, 0x29201818u,
    0xFFBDFFF1u, 0x00000003u, 0xFFBFFFF4u, 0x00000009u, 0xFFBD0035u, 0x00000003u, 0xFFBF0038u, 0x00000009u,
    0x0EFB0000u, 0x0000FA62u, 0x29201818u, 0xFFEA0035u, 0x29010003u, 0x006B004Eu, 0x27020003u, 0xFFE70038u,
    0x00000009u, 0x006D0051u, 0x00000009u, 0xFD520E6Au, 0x0000F99Au, 0x29201818u, 0xFF95002Eu, 0x00000003u,
    0xFFBD0035u, 0x00000003u, 0xFF930030u, 0x00000009u, 0xFFBF0038u, 0x00000009u, 0xFD520E6Bu, 0x0000F99Cu,
    0x29201818u, 0x00220009u, 0x29010009u, 0x0041000Eu, 0x27020009u, 0x0020000Bu, 0x00000003u, 0x00430011u,
    0x00000003u, 0x026CF18Fu, 0x0000F990u, 0x29201818u, 0xFFE7FFFCu, 0x00000009u, 0xFFEAFFFAu, 0x00000003u,
    0xFFE70038u, 0x00000009u, 0xFFEA0035u, 0x00000003u, 0xF1050000u, 0x0000FA62u, 0x29201818u, 0xFF93FFAFu,
    0x29010009u, 0xFF95FFB2u, 0x27020003u, 0xFF930030u, 0x00000009u, 0xFF95002Eu, 0x00000003u, 0xF1050000u,
    0x0000FA62u, 0x29201818u, 0x0020FFCAu, 0x00000003u, 0x0022FFC7u, 0x00000009u, 0x0020000Bu, 0x00000003u,
    0x00220009u, 0x00000009u, 0x0EFB0000u, 0x0000FA62u, 0x29201818u, 0xFFBDFFF1u, 0x29010003u, 0xFFEAFFFAu,
    0x27020003u, 0xFFBFFFF4u, 0x00000009u, 0xFFE7FFFCu, 0x00000009u, 0xFD520E6Du, 0x0000F99Fu, 0x29201818u,
    0x0041FFCDu, 0x00000009u, 0x006DFFD4u, 0x00000009u, 0x0043FFD0u, 0x00000003u, 0x006BFFD7u, 0x00000003u,
    0x026CF18Bu, 0x0000F999u, 0x29201818u, 0x0041FFCDu, 0x29010009u, 0x0043FFD0u, 0x27020003u, 0x0041000Eu,
    0x00000009u, 0x00430011u, 0x00000003u, 0xF1050000u, 0x0000FA62u, 0x29201818u, 0x006BFFD7u, 0x00000003u,
    0x006DFFD4u, 0x00000009u, 0x006B004Eu, 0x00000003u, 0x006D0051u, 0x00000009u, 0x0EFB0000u, 0x0000FA62u,
    0x29201818u, 0xFFF1002Eu, 0x0271FFF7u, 0x00630044u, 0x027FFFF7u, 0xFFEA0035u, 0x02910003u, 0x006B004Eu,
    0x029A0003u, 0xF62F07E8u, 0x02A1F626u, 0xFD850D3Bu, 0x02A2F75Cu, 0xFD850D3Bu, 0x02A2F75Cu, 0x07A008CEu,
    0x0000F508u, 0x39C0C0C0u, 0x00FEFEFEu, 0x00C0C0C0u, 0x00FEFEFEu, 0xFF95FFB2u, 0xB7480003u, 0xFF9CFFBCu,
    0xD350FFF7u, 0xFF95002Eu, 0x00000003u, 0xFF9C0027u, 0x0000FFF7u, 0xF20F0000u, 0x0000F828u, 0xF84BF769u,
    0x0000F4ECu, 0xF20F0000u, 0x0000F828u, 0xF63507DBu, 0x0000F616u, 0x39C0C0C0u, 0x00C0C0C0u, 0x00C0C0C0u,
    0x00C0C0C0u, 0xFF9C0027u, 0x0000FFF7u, 0xFFB5002Bu, 0x0000FFF7u, 0xFF95002Eu, 0x00000003u, 0xFFBD0035u,
    0x00000003u, 0xF63507DBu, 0x0000F616u, 0xFD8C0D28u, 0x0000F73Du, 0xFD8C0D28u, 0x0000F73Du, 0x07A008BCu,
    0x0000F4FAu, 0x39C0C0C0u, 0x00C0C0C0u, 0x00C0C0C0u, 0x00C0C0C0u, 0x0018FFD2u, 0x0000FFF7u, 0x0020FFCAu,
    0xCCCD0003u, 0x00180012u, 0x0000FFF7u, 0x0020000Bu, 0x00000003u, 0x0DF10000u, 0x0000F828u, 0x09AEF832u,
    0x0000F5F0u, 0x09B5F80Bu, 0x0000F616u, 0x0DF10000u, 0x0000F828u, 0x39FEFEFEu, 0x00FEFEFEu, 0x00C0C0C0u,
    0x00C0C0C0u, 0x0043FFD0u, 0x00000003u, 0x004AFFD9u, 0x0000FFF7u, 0x00430011u, 0x00000003u, 0x004A001Bu,
    0x0000FFF7u, 0xF20F0000u, 0x0000F828u, 0xF850F754u, 0x0000F4F9u, 0xF842F73Du, 0x0000F515u, 0xF20F0000u,
    0x12EDF828u, 0x39C0C0C0u, 0x00C0C0C0u, 0x00C0C0C0u, 0x00C0C0C0u, 0xFFB5FFE7u, 0x0000FFF7u, 0xFFBDFFF1u,
    0x00000003u, 0xFFB5002Bu, 0x0000FFF7u, 0xFFBD0035u, 0x00000003u, 0x0DF10000u, 0x0000F828u, 0x07A208B3u,
    0x0002F4F5u, 0x0DF10000u, 0x0000F828u, 0x07A008BCu, 0x0000F4FAu, 0x39C0C0C0u, 0x00C0C0C0u, 0x00C0C0C0u,
    0x00C0C0C0u, 0x0063FFDEu, 0x0000FFF7u, 0x006BFFD7u, 0x00000003u, 0x00630044u, 0x0000FFF7u, 0x006B004Eu,
    0x00000003u, 0x0DF10000u, 0x0000F828u, 0x09B9F826u, 0x0000F603u, 0x0DF10000u, 0x0001F828u, 0x07A008CEu,
    0xFDF4F508u, 0x39C0C0C0u, 0x00C0C0C0u, 0x00FEFEFEu, 0x00FEFEFEu, 0xFF95FFB2u, 0x00000003u, 0x0020FFCAu,
    0x00000003u, 0xFF9CFFBCu, 0x0000FFF7u, 0x0018FFD2u, 0x0000FFF7u, 0x023DF2F3u, 0x0000F705u, 0x09AEF832u,
    0x0000F5F0u, 0xF84BF769u, 0x0000F4ECu, 0x023DF2F3u, 0x0000F705u, 0x39C0C0C0u, 0x00FEFEFEu, 0x00C0C0C0u,
    0x00FEFEFEu, 0x0020000Bu, 0x00000003u, 0x00430011u, 0x00000003u, 0x00180012u, 0x0000FFF7u, 0x004A001Bu,
    0x0000FFF7u, 0x023AF2BEu, 0x0000F754u, 0xF842F73Du, 0x0000F515u, 0x09B5F80Bu, 0x0000F616u, 0x023AF2BEu,
    0x0000F754u, 0x39C0C0C0u, 0x00C0C0C0u, 0x00C0C0C0u, 0x00C0C0C0u, 0x0043FFD0u, 0x00000003u, 0x006BFFD7u,
    0x00000003u, 0x004AFFD9u, 0x999AFFF7u, 0x0063FFDEu, 0x0000FFF7u, 0x024EF2E0u, 0x0000F726u, 0x09B9F826u,
    0x0000F603u, 0xF850F754u, 0x0000F4F9u, 0x024EF2E0u, 0x0000F726u, 0x39C0C0C0u, 0x00C0C0C0u, 0x00C0C0C0u,
    0x00C0C0C0u, 0xFFB5FFE7u, 0x0000FFF7u, 0xFFF1FFF2u, 0x0000FFF7u, 0xFFBDFFF1u, 0x00000003u, 0xFFEAFFFAu,
    0x00000003u, 0xFD930D20u, 0x0000F72Fu, 0xF63A07D6u, 0xCCCDF60Eu, 0x07A208B3u, 0x0000F4F5u, 0xFD930D20u,
    0x0032F72Fu, 0x39C0C0C0u, 0x00C0C0C0u, 0x00C0C0C0u, 0x00C0C0C0u, 0xFFEAFFFAu, 0x00000003u, 0xFFF1FFF2u,
    0x0000FFF7u, 0xFFEA0035u, 0x00000003u, 0xFFF1002Eu, 0x0000FFF7u, 0xF20F0000u, 0x0000F828u, 0xF63A07D6u,
    0x0000F60Eu, 0xF20F0000u, 0xCCCDF828u, 0xF62F07E8u, 0x0000F626u, 0x39C0C0C0u, 0x00C0C0C0u, 0x00C0C0C0u,
    0x00C0C0C0u, 0xFF9CFFBCu, 0x0000FFF7u, 0x0018FFD2u, 0xCCCDFFF7u, 0xFFB5FFE7u, 0x0000FFF7u, 0xFFF1FFF2u,
    0x0000FFF7u, 0x04F3F000u, 0x0000F000u, 0x04F3F000u, 0x0000F000u, 0x39614141u, 0x00A89E9Eu, 0x00897676u,
    0x00A99E9Eu, 0x00180012u, 0xB5E0FFF7u, 0x004A001Bu, 0x0000FFF7u, 0xFFF1002Eu, 0x0000FFF7u, 0x00630044u,
    0x0000FFF7u, 0x0000F000u, 0x0000F000u, 0x0000F000u, 0x0000F000u, 0x39CCC7C7u, 0x00E2E1E1u, 0x00CDCACAu,
    0x00FEFEFEu, 0xFFF1FFF2u, 0x0000FFF7u, 0x0018FFD2u, 0x0000FFF7u, 0xFFF1002Eu, 0x0000FFF7u, 0x00180012u,
    0x0000FFF7u, 0x0000F000u, 0x0000F000u, 0xB36EF000u, 0x0000F000u, 0x39A99E9Eu, 0x00A89E9Eu, 0x00CDCACAu,
    0x00CCC7C7u, 0xFF9CFFBCu, 0x0000FFF7u, 0xFFB5FFE7u, 0x0000FFF7u, 0xFF9C0027u, 0x984DFFF7u, 0xFFB5002Bu,
    0x0000FFF7u, 0x0000F000u, 0x984DF000u, 0x0000F000u, 0x0000F000u, 0x39614141u, 0x00897676u, 0x00ABA4A4u,
    0x00B7B2B2u, 0x004AFFD9u, 0x0000FFF7u, 0x0063FFDEu, 0x0000FFF7u, 0x004A001Bu, 0x0002FFF7u, 0x00630044u,
    0x0004FFF7u, 0x0002F000u, 0x0006F000u, 0x0004F000u, 0x0008F000u, 0x39C2BFBFu, 0x00D0D0D0u, 0x00E2E1E1u,
    0x00FEFEFEu, 0x00000007u, 0x00000001u, 0x00000009u, 0x00000040u, 0x00000040u, 0x00000480u, 0x00000480u,
    0x00000174u, 0x000001B0u, 0x00000480u, 0x00000480u, 0x0035FFDEu, 0xBA000009u, 0x0051FFE7u, 0x00000009u,
    0x0035FFE1u, 0x00000003u, 0x004FFFEAu, 0x00000003u, 0x04A3F215u, 0x0000F99Fu, 0x29201818u, 0xFF93FFD2u,
    0xB4C90009u, 0xFF95FFD5u, 0x00000003u, 0xFF930006u, 0x00000009u, 0xFF950003u, 0x00000003u, 0xF1050000u,
    0x0000FA62u, 0x29201818u, 0x006B0012u, 0x00000003u, 0x006D0011u, 0x00000009u, 0x006B002Bu, 0x00000003u,
    0x006D002Eu, 0x00000009u, 0x0EFB0000u, 0x9D04FA62u, 0x29201818u, 0x0028FFEBu, 0x44C90009u, 0x0035FFDEu,
    0x44C90009u, 0x0029FFEEu, 0x00000003u, 0x0035FFE1u, 0x44C90003u, 0xF5A7F5A7u, 0x44C9F989u, 0x29201818u,
    0xFF93FFD2u, 0x00000009u, 0x0028FFEBu, 0x00000009u, 0xFF95FFD5u, 0x3A080003u, 0x0029FFEEu, 0x00000003u,
    0x0268F19Fu, 0x0000F96Au, 0x29201818u, 0xFF950003u, 0x00000003u, 0x006B002Bu, 0x00000003u, 0xFF930006u,
    0x00000009u, 0x006D002Eu, 0x00000009u, 0xFD510E73u, 0x0000F9AEu, 0x29201818u, 0x0051FFE7u, 0x00000009u,
    0x006D0011u, 0x00000009u, 0x004FFFEAu, 0x00000003u, 0x006B0012u, 0x00000003u, 0x0C45F7CBu, 0x0000F9D5u,
    0x29201818u, 0x002BFFF7u, 0x0000FFF7u, 0x0038FFEBu, 0xC580FFF7u, 0x004BFFF1u, 0x0F98FFF7u, 0x0000F000u,
    0x0002F000u, 0xFFFFF000u, 0x31BFB9B9u, 0x00B7B1B1u, 0x00C6C3C3u, 0x004BFFF1u, 0x0000FFF7u, 0x004FFFEAu,
    0x00000003u, 0x00640015u, 0x0000FFF7u, 0x006B0012u, 0x00000003u, 0x0B46F879u, 0x0000F781u, 0x0B46F879u,
    0x0000F781u, 0x0B46F879u, 0x0000F781u, 0x0D06FC1Du, 0x0000F790u, 0x39FEFEFEu, 0x00FEFEFEu, 0x00C0C0C0u,
    0x00C0C0C0u, 0xFF95FFD5u, 0x00000003u, 0x0029FFEEu, 0x00000003u, 0xFF9DFFDEu, 0x0000FFF7u, 0x002BFFF7u,
    0x0000FFF7u, 0x023CF2F0u, 0x0000F70Bu, 0x023CF2F0u, 0x0000F70Bu, 0xF84AF766u, 0x0000F4EFu, 0xFC1CF3D5u,
    0x0000F65Fu, 0x39BFBFBFu, 0x00303030u, 0x00BFBFBFu, 0x00303030u, 0x0029FFEEu, 0x00000003u, 0x0035FFE1u,
    0x00000003u, 0x002BFFF7u, 0x0000FFF7u, 0x0038FFEBu, 0x0000FFF7u, 0xF692F692u, 0x0000F729u, 0xF692F692u,
    0x0000F729u, 0xFC1CF3D5u, 0x0000F65Fu, 0xFD1DF3ADu, 0x0000F637u, 0x39303030u, 0x00BFBFBFu, 0x00303030u,
    0x00BFBFBFu, 0x0035FFE1u, 0x00000003u, 0x004FFFEAu, 0x00000003u, 0x0038FFEBu, 0x0000FFF7u, 0x004BFFF1u,
    0x0000FFF7u, 0x043CF34Au, 0x0000F743u, 0x043CF34Au, 0x0000F743u, 0xFD1DF3ADu, 0x0000F637u, 0x043CF34Au,
    0x0000F743u, 0x39FEFEFEu, 0x00FEFEFEu, 0x00C0C0C0u, 0x00FEFEFEu, 0xFF95FFD5u, 0x00000003u, 0xFF9DFFDEu,
    0x0000FFF7u, 0xFF950003u, 0x00000003u, 0xFF9DFFFDu, 0x0000FFF7u, 0xF20F0000u, 0x0000F828u, 0xF84AF766u,
    0x0000F4EFu, 0xF20F0000u, 0x0000F828u, 0xF63207E5u, 0x0000F622u, 0x39C0C0C0u, 0x00C0C0C0u, 0x00C0C0C0u,
    0x00C0C0C0u, 0x00640015u, 0x0000FFF7u, 0x006B0012u, 0x00000003u, 0x00640022u, 0x0000FFF7u, 0x006B002Bu,
    0x00000003u, 0x0DF10000u, 0x0000F828u, 0x0D06FC1Du, 0x0000F790u, 0x0DF10000u, 0x0000F828u, 0x07A108C9u,
    0x0000F505u, 0x39FEFEFEu, 0x00FEFEFEu, 0x00FEFEFEu, 0x00FEFEFEu, 0xFF9DFFFDu, 0x0000FFF7u, 0x00640022u,
    0x0000FFF7u, 0xFF950003u, 0x00000003u, 0x006B002Bu, 0x00000003u, 0xF63207E5u, 0x0000F622u, 0xFD880D37u,
    0x0000F754u, 0xFD880D37u, 0x0000F754u, 0x07A108C9u, 0x0000F505u, 0x39C0C0C0u, 0x00FEFEFEu, 0x00C0C0C0u,
    0x00FEFEFEu, 0x002BFFF7u, 0x0000FFF7u, 0x004BFFF1u, 0x0000FFF7u, 0x00640022u, 0x0000FFF7u, 0x00640015u,
    0x0000FFF7u, 0x0000F000u, 0x0000F000u, 0x0000F000u, 0x0000F000u, 0x39BFB9B9u, 0x00C6C3C3u, 0x00FEFEFEu,
    0x00F3F3F3u, 0xFF9DFFDEu, 0x0000FFF7u, 0x002BFFF7u, 0x0000FFF7u, 0xFF9DFFFDu, 0x0000FFF7u, 0x00640022u,
    0x0000FFF7u, 0x0000F000u, 0x0000F000u, 0x0000F000u, 0x0000F000u, 0x39604040u, 0x00BFB9B9u, 0x008B7A7Au,
    0x00FEFEFEu, 0x00000017u, 0x00000001u, 0x00000022u, 0x00000040u, 0x00000040u, 0x00000F10u, 0x00000F10u,
    0x00000434u, 0x00000470u, 0x00000F10u, 0x00000F10u, 0xFFF20052u, 0x00000009u, 0x00480060u, 0x00000009u,
    0xFFF00054u, 0x00000003u, 0x004B0064u, 0x00000003u, 0x0265F1B1u, 0x0000F943u, 0x29201818u, 0xFFF0FFA6u,
    0x00000003u, 0xFFF2FFA9u, 0x00000009u, 0xFFF0FFC8u, 0x00000003u, 0xFFF2FFC6u, 0x00000009u, 0x0EFB0000u,
    0x0000FA62u, 0x29201818u, 0xFF8CFF5Fu, 0x00000009u, 0xFFB7FF67u, 0x00000009u, 0xFF8EFF62u, 0x00000003u,
    0xFFB5FF69u, 0x00000003u, 0x026CF18Bu, 0x0000F999u, 0x29201818u, 0xFFF0FFA6u, 0x00000003u, 0x004BFFB7u,
    0x00000003u, 0xFFF2FFA9u, 0x00000009u, 0x0048FFB9u, 0x00000009u, 0xFD510E6Fu, 0x0000F9A4u, 0x29201818u,
    0xFFC6FF6Cu, 0x00000009u, 0xFFC9FF6Fu, 0x00000003u, 0xFFC6FFBFu, 0x00000009u, 0xFFC9FFC2u, 0x00000003u,
    0xF1050000u, 0x0000FA62u, 0x29201818u, 0x00480045u, 0x00000009u, 0x004B0043u, 0x00000003u, 0x00480060u,
    0x00000009u, 0x004B0064u, 0x00000003u, 0xF1050000u, 0x0000FA62u, 0x29201818u, 0xFFC6FFF8u, 0x00000009u,
    0xFFC9FFFCu, 0x00000003u, 0xFFC60080u, 0x00000009u, 0xFFC9007Eu, 0x00000003u, 0xF1050000u, 0x0000FA62u,
    0x29201818u, 0x0070FFE9u, 0x00000003u, 0x0073FFEAu, 0x00000009u, 0x0072FFEBu, 0x00000003u, 0x0074FFEBu,
    0x00000009u, 0x0938F349u, 0x0000FCF6u, 0x29201818u, 0xFFF2FFC6u, 0x00000009u, 0x0048FFD4u, 0x00000009u,
    0xFFF0FFC8u, 0x00000003u, 0x004BFFD8u, 0x00000003u, 0x0265F1B1u, 0x0000F943u, 0x29201818u, 0xFF8EFFE7u,
    0x00000003u, 0x00720011u, 0x00000003u, 0xFF8CFFE9u, 0x00000009u, 0x00740014u, 0x00000009u, 0xFD510E72u,
    0x0000F9ADu, 0x29201818u, 0xFFC6FF6Cu, 0x00000009u, 0x0074FF89u, 0x00000009u, 0xFFC9FF6Fu, 0x00000003u,
    0x0072FF8Cu, 0x00000003u, 0x0269F1A4u, 0x0000F960u, 0x29201818u, 0x0072FF8Cu, 0x00000003u, 0x0074FF89u,
    0x00000009u, 0x0072FFE9u, 0x00000003u, 0x0074FFE9u, 0x00000009u, 0x0EFB0000u, 0x0000FA62u, 0x29201818u,
    0x0072FFEBu, 0x00000003u, 0x0074FFEBu, 0x00000009u, 0x00720011u, 0x00000003u, 0x00740014u, 0x00000009u,
    0x0EFB0000u, 0x0000FA62u, 0x29201818u, 0xFFC60080u, 0x00000009u, 0xFFC9007Eu, 0x00000003u, 0x007400A1u,
    0x00000009u, 0x0072009Eu, 0x00000003u, 0xFD580E4Bu, 0x0000F953u, 0x29201818u, 0xFFF00032u, 0x00000003u,
    0xFFF20035u, 0x00000009u, 0xFFF00054u, 0x00000003u, 0xFFF20052u, 0x00000009u, 0x0EFB0000u, 0x0000FA62u,
    0x29201818u, 0xFFC6FFF8u, 0x00000009u, 0x00740018u, 0x00000009u, 0xFFC9FFFCu, 0x00000003u, 0x0072001Au,
    0x00000003u, 0x0299F1E3u, 0x0000F8EEu, 0x29201818u, 0xFFB7FFBCu, 0x00000009u, 0xFFC6FFBFu, 0x00000009u,
    0xFFB5FFBEu, 0x00000003u, 0xFFC9FFC2u, 0x00000003u, 0x0261F18Bu, 0x0000F994u, 0x29201818u, 0xFF8CFF5Fu,
    0x00000009u, 0xFF8EFF62u, 0x00000003u, 0xFF8CFFE9u, 0x00000009u, 0xFF8EFFE7u, 0x00000003u, 0xF1050000u,
    0x0000FA62u, 0x29201818u, 0xFFF00032u, 0x00000003u, 0x004B0043u, 0x00000003u, 0xFFF20035u, 0x00000009u,
    0x00480045u, 0x00000009u, 0xFD510E6Fu, 0x0000F9A4u, 0x29201818u, 0x0072FFE9u, 0x00000003u, 0x0074FFE9u,
    0x00000009u, 0x0070FFE9u, 0x00000003u, 0x0073FFEAu, 0x00000009u, 0x047F0F04u, 0x0000FCCEu, 0x29201818u,
    0xFFB5FF69u, 0x00000003u, 0xFFB7FF67u, 0x00000009u, 0xFFB5FFBEu, 0x00000003u, 0xFFB7FFBCu, 0x00000009u,
    0x0EFB0000u, 0x0000FA62u, 0x29201818u, 0x0048FFB9u, 0x00000009u, 0x004BFFB7u, 0x00000003u, 0x0048FFD4u,
    0x00000009u, 0x004BFFD8u, 0x00000003u, 0xF1050000u, 0x0000FA62u, 0x29201818u, 0x0072001Au, 0x00000003u,
    0x00740018u, 0x00000009u, 0x0072009Eu, 0x00000003u, 0x007400A1u, 0x00000009u, 0x0EFB0000u, 0x0000FA62u,
    0x29201818u, 0x0052FFB0u, 0x0000FFF7u, 0x0061FFE7u, 0xC580FFF7u, 0x0052FFE4u, 0x0F98FFF7u, 0x0000F000u,
    0x0002F000u, 0xFFFFF000u, 0x31C3C0C0u, 0x00D5D4D4u, 0x00CFCCCCu, 0xFFE90028u, 0x000FFFF7u, 0xFFF00032u,
    0x00000003u, 0xFFE9005Cu, 0xC3B8FFF7u, 0xFFF00054u, 0x18000003u, 0x0E180000u, 0x93FFF86Fu, 0x07C308BDu,
    0xC000F514u, 0x09B2F89Cu, 0x0000F5A4u, 0x0E180000u, 0x0000F86Fu, 0x39C0C0C0u, 0x00C0C0C0u, 0x00C0C0C0u,
    0x00C0C0C0u, 0xFFD00077u, 0x5B21FFF7u, 0x006B0094u, 0x8AD9FFF7u, 0xFFC9007Eu, 0x00000003u, 0x0072009Eu,
    0x00000003u, 0xF63007E3u, 0x0000F622u, 0xFD840D35u, 0x0001F753u, 0xFD840D35u, 0x1630F753u, 0x079E08C8u,
    0x0798F503u, 0x39C0C0C0u, 0x00FEFEFEu, 0x00C0C0C0u, 0x00FEFEFEu, 0xFFF00054u, 0x00000003u, 0x004B0064u,
    0x00000003u, 0xFFE9005Cu, 0x0001FFF7u, 0x00520070u, 0x7328FFF7u, 0x0233F394u, 0x1555F629u, 0xF880F7F6u,
    0x83FFF462u, 0x09B2F89Cu, 0xC000F5A4u, 0x0233F394u, 0x0000F629u, 0x39C0C0C0u, 0x00C0C0C0u, 0x00C0C0C0u,
    0x00C0C0C0u, 0xFFC9FF6Fu, 0x45980003u, 0xFFD0FF79u, 0x7AF2FFF7u, 0xFFC9FFC2u, 0xCEFF0003u, 0xFFD0FFCCu,
    0x0000FFF7u, 0xF20F0000u, 0x0000F828u, 0xF848F759u, 0x0000F4FBu, 0xF852F753u, 0x0001F4F8u, 0xF20F0000u,
    0x6440F828u, 0x39C0C0C0u, 0x00C0C0C0u, 0x00C0C0C0u, 0x00C0C0C0u, 0xFFB5FFBEu, 0x00000003u, 0xFFC9FFC2u,
    0x00000003u, 0xFFAEFFC5u, 0x0000FFF7u, 0xFFD0FFCCu, 0x0001FFF7u, 0x0253F2E0u, 0x3400F728u, 0xF852F753u,
    0xE155F4F8u, 0x09D9F821u, 0x0BFFF628u, 0x0253F2E0u, 0xC000F728u, 0x39C0C0C0u, 0x00C0C0C0u, 0x00C0C0C0u,
    0x00C0C0C0u, 0xFFF0FFC8u, 0x00010003u, 0x004BFFD8u, 0x65500003u, 0xFFE9FFD0u, 0x3FFFFFF7u, 0x0052FFE4u,
    0x0BFFFFF7u, 0x0233F394u, 0xC000F629u, 0xF880F7F6u, 0x0000F462u, 0x09B2F89Cu, 0x0000F5A4u, 0x0233F394u,
    0x0001F629u, 0x39C0C0C0u, 0x00C0C0C0u, 0x00C0C0C0u, 0x00C0C0C0u, 0xFFE9FF9Cu, 0xC0FFFFF7u, 0x0052FFB0u,
    0x0000FFF7u, 0xFFF0FFA6u, 0x00000003u, 0x004BFFB7u, 0x00000003u, 0xFD900D1Eu, 0x0001F72Du, 0xF65707CFu,
    0x3488F5EBu, 0x07C308BDu, 0x15BFF514u, 0xFD900D1Eu, 0x58FFF72Du, 0x39C0C0C0u, 0x00C0C0C0u, 0x00C0C0C0u,
    0x00C0C0C0u, 0x0061FFE7u, 0x0000FFF7u, 0x0070FFE9u, 0x00010003u, 0x006BFFEEu, 0xAAE8FFF7u, 0x0072FFEBu,
    0xF0180003u, 0x0A2D01D2u, 0xD46EF3CBu, 0x0A2D01D2u, 0xC000F3CBu, 0x0888F4C1u, 0x0000F87Au, 0x0C4DF9E3u,
    0x0000F7CCu, 0x39303030u, 0x00303030u, 0x00BFBFBFu, 0x00BFBFBFu, 0xFFAEFF71u, 0x2C2CFFF7u, 0xFFB5FF69u,
    0xFDFF0003u, 0xFFAEFFC5u, 0xC000FFF7u, 0xFFB5FFBEu, 0x00000003u, 0x09D9F81Bu, 0x0000F62Cu, 0x09D9F81Bu,
    0x0001F62Cu, 0x09D9F821u, 0x7210F628u, 0x0E180000u, 0xB971F86Fu, 0x39FEFEFEu, 0x00FEFEFEu, 0x00C0C0C0u,
    0x00C0C0C0u, 0xFFC9FFFCu, 0x00000003u, 0xFFD00005u, 0x0000FFF7u, 0xFFC9007Eu, 0x00010003u, 0xFFD00077u,
    0x5DE0FFF7u, 0xF20F0000u, 0xD183F828u, 0xF85CF74Du, 0x83FFF4F6u, 0xF20F0000u, 0xC000F828u, 0xF63007E3u,
    0x0000F622u, 0x39C0C0C0u, 0x00C0C0C0u, 0x00C0C0C0u, 0x00C0C0C0u, 0x006B0022u, 0x5E68FFF7u, 0x0072001Au,
    0x26D70003u, 0x006B0094u, 0xCEFFFFF7u, 0x0072009Eu, 0x00000003u, 0x0DF10000u, 0x0000F828u, 0x09C5F829u,
    0x0000F60Du, 0x0DF10000u, 0x0001F828u, 0x079E08C8u, 0x5818F503u, 0x39C0C0C0u, 0x00C0C0C0u, 0x00FEFEFEu,
    0x00FEFEFEu, 0xFF95FFE0u, 0x0000FFF7u, 0x006B0007u, 0x0000FFF7u, 0xFF8EFFE7u, 0x00000003u, 0x00720011u,
    0x00010003u, 0xF65607CAu, 0x7188F5E8u, 0xFD8C0D18u, 0x9D54F725u, 0xFD8C0D18u, 0x7600F725u, 0x07C108B9u,
    0xC000F50Fu, 0x39C0C0C0u, 0x00FEFEFEu, 0x00C0C0C0u, 0x00FEFEFEu, 0x006BFFEEu, 0x0001FFF7u, 0x0072FFEBu,
    0x2FD00003u, 0x006B0007u, 0xEC00FFF7u, 0x00720011u, 0xDEFF0003u, 0x0E180000u, 0x0000F86Fu, 0x0C4DF9E3u,
    0x0000F7CCu, 0x0E180000u, 0x0000F86Fu, 0x07C108B9u, 0x0001F50Fu, 0x39C0C0C0u, 0x00C0C0C0u, 0x00FEFEFEu,
    0x00FEFEFEu, 0x004BFFB7u, 0x93FF0003u, 0x0052FFB0u, 0xC000FFF7u, 0x004BFFD8u, 0x00000003u, 0x0052FFE4u,
    0x0000FFF7u, 0xF2360000u, 0x0001F7E4u, 0xF65707CFu, 0x7CD8F5EBu, 0xF880F7F6u, 0xEC00F462u, 0xF2360000u,
    0xDEFFF7E4u, 0x39C0C0C0u, 0x00C0C0C0u, 0x00C0C0C0u, 0x00C0C0C0u, 0x006BFFE4u, 0x0000FFF7u, 0x0072FFE9u,
    0x00010003u, 0x0061FFE7u, 0x47B8FFF7u, 0x0070FFE9u, 0x5B5E0003u, 0x040B0D80u, 0xDF7FF86Fu, 0x0AAA07F0u,
    0x0000F71Au, 0x0A2D01D2u, 0x0000F3CBu, 0x0A2D01D2u, 0x0000F3CBu, 0x39BFBFBFu, 0x00BFBFBFu, 0x00303030u,
    0x00303030u, 0xFFE90028u, 0x42ABFFF7u, 0x0052003Cu, 0xB9FFFFF7u, 0xFFF00032u, 0xC0000003u, 0x004B0043u,
    0x00000003u, 0xFD900D1Eu, 0x0000F72Du, 0xF65707CFu, 0x0001F5EBu, 0x07C308BDu, 0x1E40F514u, 0xFD900D1Eu,
    0x5AABF72Du, 0x39C0C0C0u, 0x00C0C0C0u, 0x00C0C0C0u, 0x00C0C0C0u, 0x006BFF94u, 0x0000FFF7u, 0x0072FF8Cu,
    0x00000003u, 0x006BFFE4u, 0x0001FFF7u, 0x0072FFE9u, 0x1EC80003u, 0x0E180000u, 0x97F9F86Fu, 0x09CFF81Eu,
    0xDF7FF620u, 0x0E180000u, 0x0000F86Fu, 0x0AAA07F0u, 0x0000F71Au, 0x39FEFEFEu, 0x00FEFEFEu, 0x00C0C0C0u,
    0x00C0C0C0u, 0xFFC9FF6Fu, 0x35100003u, 0x0072FF8Cu, 0xF8000003u, 0xFFD0FF79u, 0xBA00FFF7u, 0x006BFF94u,
    0xC000FFF7u, 0x023CF2E0u, 0x0000F722u, 0x09CFF81Eu, 0x0000F620u, 0xF848F759u, 0x0001F4FBu, 0x023CF2E0u,
    0x3598F722u, 0x39C0C0C0u, 0x00FEFEFEu, 0x00C0C0C0u, 0x00FEFEFEu, 0xFFC9FFFCu, 0x00000003u, 0x0072001Au,
    0x00000003u, 0xFFD00005u, 0x0000FFF7u, 0x006B0022u, 0x0001FFF7u, 0x0269F2DFu, 0xF188F72Fu, 0x09C5F829u,
    0x7B75F60Du, 0xF85CF74Du, 0x070EF4F6u, 0x0269F2DFu, 0x0000F72Fu, 0x39C0C0C0u, 0x00C0C0C0u, 0x00C0C0C0u,
    0x00C0C0C0u, 0xFF8EFF62u, 0x00010003u, 0xFF95FF6Cu, 0xF210FFF7u, 0xFF8EFFE7u, 0xEC000003u, 0xFF95FFE0u,
    0x507FFFF7u, 0xF2360000u, 0x0000F7E4u, 0xF873F759u, 0x0000F4DEu, 0xF2360000u, 0x0000F7E4u, 0xF65607CAu,
    0x0001F5E8u, 0x39C0C0C0u, 0x00C0C0C0u, 0x00C0C0C0u, 0x00C0C0C0u, 0x004B0043u, 0x75FF0003u, 0x0052003Cu,
    0xC000FFF7u, 0x004B0064u, 0x00000003u, 0x00520070u, 0x0000FFF7u, 0xF2360000u, 0x0001F7E4u, 0xF65707CFu,
    0x5450F5EBu, 0xF880F7F6u, 0xA8FAF462u, 0xF2360000u, 0xCD50F7E4u, 0x39C0C0C0u, 0x00C0C0C0u, 0x00C0C0C0u,
    0x00C0C0C0u, 0xFFE9FF9Cu, 0x0000FFF7u, 0xFFF0FFA6u, 0x00010003u, 0xFFE9FFD0u, 0x3620FFF7u, 0xFFF0FFC8u,
    0x00040003u, 0x0E180000u, 0xB344F86Fu, 0x07C308BDu, 0x0000F514u, 0x09B2F89Cu, 0x0000F5A4u, 0x0E180000u,
    0x0000F86Fu, 0x39C0C0C0u, 0x00C0C0C0u, 0x00C0C0C0u, 0x00C0C0C0u, 0xFF8EFF62u, 0xA5820003u, 0xFFB5FF69u,
    0xC6400003u, 0xFF95FF6Cu, 0x0000FFF7u, 0xFFAEFF71u, 0x0000FFF7u, 0x0250F2D9u, 0x0001F731u, 0x09D9F81Bu,
    0xAA08F62Cu, 0xF873F759u, 0x0004F4DEu, 0x09D9F81Bu, 0xB341F62Cu, 0x39C0C0C0u, 0x00FEFEFEu, 0x00C0C0C0u,
    0x00FEFEFEu, 0xFFAEFFC5u, 0x0000FFF7u, 0xFFD0FFCCu, 0x0000FFF7u, 0xFF95FFE0u, 0x0000FFF7u, 0xFFE9FFD0u,
    0xEB9EFFF7u, 0x04A1F000u, 0x0000F000u, 0x0000F000u, 0x0001F000u, 0x39867373u, 0x00958686u, 0x00857171u,
    0x00A19494u, 0xFFD00005u, 0xB347FFF7u, 0x006B0022u, 0x0000FFF7u, 0xFFE90028u, 0x0000FFF7u, 0x0052003Cu,
    0x0000FFF7u, 0x0000F000u, 0x0000F000u, 0x5D35F000u, 0xFCA4F000u, 0x39A69B9Bu, 0x00E6E6E6u, 0x00B9B2B2u,
    0x00E3E2E2u, 0xFFD00005u, 0x0001FFF7u, 0xFFE90028u, 0x5E48FFF7u, 0xFFD00077u, 0x0004FFF7u, 0xFFE9005Cu,
    0x1B30FFF7u, 0x0000F000u, 0x0000F000u, 0x0000F000u, 0x0000F000u, 0x39A69B9Bu, 0x00B9B2B2u, 0x00C8C5C5u,
    0x00C8C4C4u, 0xFFD0FF79u, 0xD2BEFFF7u, 0x006BFF94u, 0x0000FFF7u, 0xFFE9FF9Cu, 0x0000FFF7u, 0x0052FFB0u,
    0x0001FFF7u, 0xEC88F000u, 0x0004F000u, 0x8F9AF000u, 0x0000F000u, 0x397D6767u, 0x00C7C7C7u, 0x00928282u,
    0x00C3C0C0u, 0xFFE9FFD0u, 0x0000FFF7u, 0x0052FFE4u, 0x0000FFF7u, 0xFF95FFE0u, 0xA7B9FFF7u, 0x006B0007u,
    0xC73FFFF7u, 0x0000F000u, 0x0000F000u, 0x0001F000u, 0x5D68F000u, 0x39A19494u, 0x00CFCCCCu, 0x00857171u,
    0x00E0E0E0u, 0xFFE9005Cu, 0x0000FFF7u, 0x00520070u, 0x0000FFF7u, 0xFFD00077u, 0x0000FFF7u, 0x006B0094u,
    0x0000FFF7u, 0x0000F000u, 0xD2F2F000u, 0x6112F000u, 0x0000F000u, 0x39C8C4C4u, 0x00EEEEEEu, 0x00C8C5C5u,
    0x00FEFEFEu, 0x0052FFE4u, 0x5C18FFF7u, 0x0061FFE7u, 0x0004FFF7u, 0x006B0007u, 0x1A2BFFF7u, 0x006BFFEEu,
    0x0000FFF7u, 0x0000F000u, 0x0000F000u, 0x0000F000u, 0x0000F000u, 0x39CFCCCCu, 0x00D5D4D4u, 0x00E0E0E0u,
    0x00DBDADAu, 0x0052FFB0u, 0x0000FFF7u, 0x006BFF94u, 0x0000FFF7u, 0x0061FFE7u, 0x0001FFF7u, 0x006BFFE4u,
    0x9208FFF7u, 0x0004F000u, 0x2409F000u, 0x0000F000u, 0x0000F000u, 0x39C3C0C0u, 0x00C7C7C7u, 0x00D5D4D4u,
    0x00D8D8D8u, 0x0052003Cu, 0x0000FFF7u, 0x006B0022u, 0xCF30FFF7u, 0x00520070u, 0x47B8FFF7u, 0x006B0094u,
    0x7430FFF7u, 0x3510F000u, 0x3598F000u, 0x6550F000u, 0x3488F000u, 0x39E3E2E2u, 0x00E6E6E6u, 0x00EEEEEEu,
    0x00FEFEFEu, 0xFF95FF6Cu, 0x5818FFF7u, 0xFFAEFF71u, 0x4598FFF7u, 0xFF95FFE0u, 0x6550FFF7u, 0xFFAEFFC5u,
    0x47B8FFF7u, 0x7210F000u, 0x5818F000u, 0x7DE8F000u, 0x3620F000u, 0x39604040u, 0x006C5050u, 0x00857171u,
    0x00867373u, 0xFFD0FF79u, 0x2FD0FFF7u, 0xFFE9FF9Cu, 0x7DE8FFF7u, 0xFFD0FFCCu, 0x1630FFF7u, 0xFFE9FFD0u,
    0x7430FFF7u, 0x3598F000u, 0xF188F000u, 0x2FD0F000u, 0x3510F000u, 0x397D6767u, 0x00928282u, 0x00958686u,
    0x00A19494u,
};

#endif
